F0semitoneFrom27.5Hz_sma3nz_amean,F0semitoneFrom27.5Hz_sma3nz_stddevNorm,F0semitoneFrom27.5Hz_sma3nz_percentile20.0,F0semitoneFrom27.5Hz_sma3nz_percentile50.0,F0semitoneFrom27.5Hz_sma3nz_percentile80.0,F0semitoneFrom27.5Hz_sma3nz_pctlrange0-2,F0semitoneFrom27.5Hz_sma3nz_meanRisingSlope,F0semitoneFrom27.5Hz_sma3nz_stddevRisingSlope,F0semitoneFrom27.5Hz_sma3nz_meanFallingSlope,F0semitoneFrom27.5Hz_sma3nz_stddevFallingSlope,loudness_sma3_amean,loudness_sma3_stddevNorm,loudness_sma3_percentile20.0,loudness_sma3_percentile50.0,loudness_sma3_percentile80.0,loudness_sma3_pctlrange0-2,loudness_sma3_meanRisingSlope,loudness_sma3_stddevRisingSlope,loudness_sma3_meanFallingSlope,loudness_sma3_stddevFallingSlope,spectralFlux_sma3_amean,spectralFlux_sma3_stddevNorm,mfcc1_sma3_amean,mfcc1_sma3_stddevNorm,mfcc2_sma3_amean,mfcc2_sma3_stddevNorm,mfcc3_sma3_amean,mfcc3_sma3_stddevNorm,mfcc4_sma3_amean,mfcc4_sma3_stddevNorm,jitterLocal_sma3nz_amean,jitterLocal_sma3nz_stddevNorm,shimmerLocaldB_sma3nz_amean,shimmerLocaldB_sma3nz_stddevNorm,HNRdBACF_sma3nz_amean,HNRdBACF_sma3nz_stddevNorm,logRelF0-H1-H2_sma3nz_amean,logRelF0-H1-H2_sma3nz_stddevNorm,logRelF0-H1-A3_sma3nz_amean,logRelF0-H1-A3_sma3nz_stddevNorm,F1frequency_sma3nz_amean,F1frequency_sma3nz_stddevNorm,F1bandwidth_sma3nz_amean,F1bandwidth_sma3nz_stddevNorm,F1amplitudeLogRelF0_sma3nz_amean,F1amplitudeLogRelF0_sma3nz_stddevNorm,F2frequency_sma3nz_amean,F2frequency_sma3nz_stddevNorm,F2bandwidth_sma3nz_amean,F2bandwidth_sma3nz_stddevNorm,F2amplitudeLogRelF0_sma3nz_amean,F2amplitudeLogRelF0_sma3nz_stddevNorm,F3frequency_sma3nz_amean,F3frequency_sma3nz_stddevNorm,F3bandwidth_sma3nz_amean,F3bandwidth_sma3nz_stddevNorm,F3amplitudeLogRelF0_sma3nz_amean,F3amplitudeLogRelF0_sma3nz_stddevNorm,alphaRatioV_sma3nz_amean,alphaRatioV_sma3nz_stddevNorm,hammarbergIndexV_sma3nz_amean,hammarbergIndexV_sma3nz_stddevNorm,slopeV0-500_sma3nz_amean,slopeV0-500_sma3nz_stddevNorm,slopeV500-1500_sma3nz_amean,slopeV500-1500_sma3nz_stddevNorm,spectralFluxV_sma3nz_amean,spectralFluxV_sma3nz_stddevNorm,mfcc1V_sma3nz_amean,mfcc1V_sma3nz_stddevNorm,mfcc2V_sma3nz_amean,mfcc2V_sma3nz_stddevNorm,mfcc3V_sma3nz_amean,mfcc3V_sma3nz_stddevNorm,mfcc4V_sma3nz_amean,mfcc4V_sma3nz_stddevNorm,alphaRatioUV_sma3nz_amean,hammarbergIndexUV_sma3nz_amean,slopeUV0-500_sma3nz_amean,slopeUV500-1500_sma3nz_amean,spectralFluxUV_sma3nz_amean,loudnessPeaksPerSec,VoicedSegmentsPerSec,MeanVoicedSegmentLengthSec,StddevVoicedSegmentLengthSec,MeanUnvoicedSegmentLength,StddevUnvoicedSegmentLength,equivalentSoundLevel_dBp,label
32.02638,0.042324573,31.114649,32.03919,33.517998,2.403349,17.539724,7.9478154,13.164539,8.103822,0.31287393,1.1358122,0.0017586249,0.17531157,0.6858394,0.6840808,4.9662495,2.44376,5.1402497,2.9360044,0.07493245,1.255135,15.074975,1.2008214,1.8894873,4.547107,6.63247,1.9394614,0.92223775,10.976863,0.008884685,1.3546462,0.8126963,0.90678537,9.208476,0.3372589,-0.5799725,-10.778166,18.44178,0.34012493,490.04303,0.47115973,1092.7013,0.2076909,-108.963066,-0.89061147,1442.3384,0.1897903,819.30774,0.34345615,-109.424286,-0.85059935,2469.3562,0.1072651,640.5234,0.450331,-112.82983,-0.7933845,-11.324592,-0.49203742,19.209967,0.34058288,0.11418503,0.26009515,-0.011657157,-0.7998172,0.14746088,0.5925353,29.361345,0.4023723,1.4155585,8.004759,11.62481,1.3687214,0.37100083,35.105038,0.124067895,6.7609844,0.103545494,0.016386187,0.010249505,1.8957347,0.7194244,0.6666666,0.45433715,0.525,0.46526873,-38.082783,01
32.253296,0.037540387,31.21406,31.996094,33.844692,2.6306324,16.02783,10.768567,10.85148,10.068206,0.362307,1.1445923,0.0015541604,0.20198163,0.80553293,0.8039788,5.2838283,2.77206,4.725048,2.3515732,0.08983833,1.2812119,14.858997,1.1523834,1.7446064,5.8327417,7.206772,1.7113122,1.7560185,5.932491,0.010382879,1.272044,0.8513056,0.94268805,8.936254,0.38887,-2.679827,-2.4882526,14.95271,0.4044716,442.17468,0.44387102,1054.2158,0.23129803,-104.348885,-0.9293746,1396.2845,0.16486822,746.4932,0.2624894,-103.872574,-0.90674114,2434.193,0.088241085,599.67456,0.33121383,-107.56362,-0.8407703,-10.07681,-0.5503074,18.495977,0.370118,0.09816886,0.360859,-0.013879436,-0.5662648,0.17354742,0.6234689,27.815203,0.4221784,-0.32866555,-37.062515,10.759285,1.4373701,0.192108,65.726524,-1.9431944,10.318894,0.10067323,0.017010534,0.0050505074,1.6431925,0.4750594,1.0699999,0.53999996,0.67333335,0.4481319,-36.24353,01
32.576817,0.1332875,31.015865,32.04138,33.40075,2.3848839,32.623623,21.509153,43.104023,0.0,0.315002,1.1383288,0.002294275,0.12371972,0.6743069,0.6720126,5.020448,3.2203083,4.1703143,2.9340672,0.0897868,1.257306,14.2355385,1.3196417,3.7995157,2.5638788,9.229687,1.1281692,0.7132513,16.890413,0.012597041,1.2097796,0.87287176,1.0472703,8.361979,0.4369311,0.32592726,20.903563,17.648727,0.499724,473.1744,0.54129106,1118.1229,0.23456298,-114.06246,-0.84347856,1419.5474,0.21319155,813.3209,0.32434693,-111.20323,-0.8218457,2483.6848,0.13577178,651.8415,0.45348564,-113.72828,-0.7797121,-10.917494,-0.6434511,18.456612,0.45258674,0.10656274,0.3434282,-0.013603971,-0.72389704,0.1746629,0.59393424,28.028788,0.5393579,3.1048803,3.7078652,14.078987,0.7462829,-2.4829051,-6.192609,-1.1431183,8.871259,0.09729435,0.015891844,0.0154219875,1.923077,1.216545,0.38599998,0.32970285,0.412,0.4517256,-37.828857,01
32.17611,0.03792654,31.20279,32.054234,33.498535,2.2957458,29.434393,23.16602,11.653567,5.747996,0.34320146,1.101853,0.0023042439,0.18174765,0.7733561,0.7710518,5.01995,2.5970418,4.0583096,2.3169744,0.08638089,1.2066941,13.837878,1.2925683,3.5373812,2.644395,8.209754,1.1254659,1.0132635,9.525969,0.008536023,1.0479782,0.7994579,0.9739064,8.978051,0.38553795,-0.6410578,-10.917849,17.24526,0.2782432,451.75378,0.46173367,1090.1924,0.16259615,-107.489395,-0.9031339,1415.3734,0.19650789,753.97205,0.28842136,-108.634445,-0.85189074,2436.2048,0.090611935,593.1857,0.48354068,-111.73486,-0.7994308,-10.998646,-0.5391402,18.930065,0.36535424,0.106040314,0.30774704,-0.013206572,-0.631453,0.16781425,0.5352352,27.786121,0.44526294,2.3259113,4.7471094,12.198367,0.85251987,-0.37843055,-32.399025,0.28760713,6.8799496,0.09366301,0.0137995025,0.01014356,1.9417477,0.7371008,0.65999997,0.4384062,0.505,0.4604617,-37.25303,01
32.771717,0.06908894,31.153702,31.918123,35.852543,4.698841,16.382936,9.594124,13.963117,9.305627,0.29214323,1.0484447,0.0035480577,0.19781874,0.612956,0.6094079,4.2367616,1.667542,3.846555,1.8092304,0.06874543,1.1626205,16.85341,1.0703083,4.0959044,2.209715,8.426805,1.4600333,2.9005637,3.9541075,0.010533566,1.4076531,0.74860966,0.9480487,9.837569,0.3364884,-0.5171711,-11.85653,17.51089,0.37307715,492.09497,0.48286676,1084.4586,0.17157584,-102.12675,-0.9356545,1467.6146,0.20821908,790.5687,0.4181264,-104.68546,-0.86301994,2501.655,0.1185763,619.64307,0.3793966,-107.53957,-0.8148586,-13.673356,-0.4317671,21.766325,0.33764765,0.092933655,0.25732613,-0.012893284,-0.778234,0.12779973,0.53359497,30.518852,0.3907898,4.8211126,2.3228695,12.357904,1.1713605,2.9909303,4.83944,-0.32148936,7.7792754,0.08098851,0.012147091,0.0043577054,1.8348624,0.46403712,1.13,0.55,0.6666666,0.4443222,-38.14237,02
32.667942,0.065518685,31.263319,32.097435,35.721237,4.457918,14.956978,5.5652595,10.08326,5.5650806,0.32366326,1.0861375,0.0020109494,0.20289876,0.6796173,0.67760634,3.9993515,2.0912986,5.095785,2.6331556,0.07928467,1.2111276,15.653476,1.1390905,3.8285434,2.296416,8.060393,1.5330151,2.2005048,5.0943713,0.009865385,1.3927633,0.7059006,1.0037496,9.788429,0.31629723,-1.3890495,-4.030602,17.246204,0.29307443,488.4925,0.4592909,1078.2584,0.1938815,-103.75905,-0.9276903,1458.4893,0.20420948,754.35535,0.22994624,-104.62974,-0.8792809,2492.761,0.09329055,665.1032,0.5684209,-108.304375,-0.815812,-12.432776,-0.43274403,20.739058,0.28270438,0.099535115,0.22045636,-0.011365387,-0.8643118,0.14949848,0.57572424,29.861443,0.34512424,3.3560615,3.2609823,12.056087,1.2058556,1.3830132,9.325691,-0.15156144,8.009266,0.09817846,0.015591885,0.005733417,1.8223236,0.46082953,1.12,0.52,0.68333334,0.45050588,-37.14046,02
31.485855,0.09931082,30.429932,31.563213,32.89892,2.4689865,105.49201,147.31143,22.221418,14.3163595,0.25761157,1.0303837,0.003163124,0.17751648,0.5243443,0.5211812,3.0721974,1.8335624,2.8450196,1.8818433,0.064624354,1.1691802,17.332397,1.1552621,9.129884,1.123873,8.354216,1.2734547,3.9165487,2.7767131,0.02263534,3.3016114,0.89758855,1.0810618,8.991976,0.43173712,0.9111209,7.3950157,20.261133,0.43867263,487.25873,0.5174995,1148.8054,0.24305618,-101.04229,-0.9382117,1421.8892,0.19783519,825.12177,0.38177451,-101.99721,-0.8765609,2508.1035,0.10151849,622.40094,0.51821613,-105.98846,-0.80873317,-15.061421,-0.49276128,24.24754,0.36009914,0.08836994,0.36173972,-0.014028113,-0.69272363,0.11019965,0.64201474,31.665821,0.40873381,10.100163,0.99222034,11.29721,1.1030817,2.4707885,5.254733,-1.0937777,8.928734,0.06998104,0.014448284,0.011898537,2.0044544,0.9009009,0.59499997,0.5523359,0.48999998,0.41862872,-39.474854,02
32.35709,0.06893075,30.930483,31.847067,35.431458,4.5009747,138.41576,207.72893,20.014923,13.521689,0.33547202,1.0133978,0.0017748644,0.273395,0.6963727,0.69459784,4.171532,1.9193132,3.909472,2.9211187,0.08458555,1.1745231,16.357967,1.1535056,4.5103064,2.0929132,6.1803985,1.5644562,1.1056403,9.351265,0.0089781275,1.4343436,0.67670655,1.0372484,9.839926,0.3299815,-0.11996542,-58.18544,19.327257,0.27101803,452.61267,0.41886866,1158.0597,0.18801749,-105.26275,-0.9201158,1397.5011,0.17432256,819.6403,0.29344028,-106.04315,-0.8651294,2470.3193,0.09546005,612.5764,0.36155868,-109.94929,-0.7991514,-13.562806,-0.4195684,22.303364,0.3080985,0.10256684,0.2133582,-0.015173075,-0.61171514,0.15024896,0.5852679,31.890781,0.34510013,4.4845448,1.9114573,8.985015,1.2427403,-0.452622,-29.027216,0.7013002,6.795797,0.10203972,0.016506549,0.022778733,1.8099548,0.6864989,0.7366666,0.6832439,0.5225,0.43996447,-36.58439,02
32.61386,0.06201966,31.453663,32.012115,35.72768,4.2740173,6.1021776,4.001706,8.5615,1.7680262,0.25542367,1.0124137,0.0024149548,0.20007569,0.5075978,0.50518286,2.957346,1.2661673,2.8472013,1.6259422,0.052387137,1.1720574,19.500994,1.0125484,2.848685,3.217655,7.8908687,1.449579,1.1861439,9.689643,0.008479573,1.246881,0.73252517,1.1045173,10.0966835,0.29780892,-1.3656604,-4.004238,20.250954,0.26983228,450.13956,0.3648971,1173.1388,0.2209469,-93.87132,-1.0289632,1412.0236,0.14400987,867.09875,0.25481,-96.454056,-0.94379437,2459.4219,0.08205561,766.22766,0.50189847,-101.53609,-0.85217774,-14.190129,-0.39045465,24.024178,0.28797048,0.105942935,0.27546248,-0.015074994,-0.38171655,0.09037522,0.6337412,34.186543,0.29041395,1.0221144,9.626369,11.232228,1.1607296,-2.218756,-5.2773023,-0.7886028,9.047256,0.08672048,0.015418682,0.0047094,1.7057569,0.4310345,1.305,0.705,0.65999997,0.43181786,-40.796547,02
32.691532,0.071302354,31.255926,32.17721,36.02228,4.7663555,15.582075,10.747303,10.184765,6.418504,0.25342748,1.1044773,0.0023704683,0.14742543,0.52013266,0.5177622,3.1338336,1.5270437,3.605572,1.9989312,0.057358768,1.2686726,16.704418,1.1418813,3.4992313,2.8048658,7.392666,1.7944577,2.6993616,4.4629483,0.011640833,1.2838486,0.82667124,1.0077449,9.518767,0.385401,0.66174144,9.477077,20.234634,0.3081916,467.60147,0.4747915,1104.3394,0.2027877,-100.17019,-0.96472895,1429.3423,0.20125145,809.0662,0.30285308,-102.46417,-0.8948983,2436.006,0.09705196,652.6016,0.27034846,-106.562996,-0.82376283,-12.999397,-0.50911057,22.44145,0.33944488,0.10747582,0.22482413,-0.012708018,-0.77150446,0.10509583,0.6726181,31.230198,0.38281387,3.2721062,3.659445,11.449393,1.4049318,1.4246752,10.291795,0.43387645,7.285227,0.09565646,0.016979974,0.004910475,1.7817373,0.45045045,1.175,0.555,0.68,0.43150896,-40.443005,02
32.272835,0.0772732,31.2737,31.956379,34.213898,2.940197,116.27836,214.29907,8.645276,3.6191776,0.25172606,0.95950514,0.0023005158,0.19944733,0.49949688,0.49719638,3.7246602,2.3846436,2.5679693,1.5663313,0.054700322,1.1271144,21.302835,0.9440532,7.975528,1.2816516,6.7007656,1.7770205,4.373088,2.6372294,0.010265523,1.93395,0.57521236,1.0653969,10.551652,0.27675557,0.093750745,70.78297,22.148941,0.2939791,455.3725,0.42806375,1184.8083,0.21816197,-94.78001,-0.9927594,1399.5133,0.17082518,869.5363,0.2806523,-99.13259,-0.8947502,2453.4902,0.072880685,698.9675,0.31183723,-104.38261,-0.80441993,-16.62483,-0.38818985,27.45298,0.28245598,0.08579805,0.32034752,-0.015053689,-0.61849827,0.08855918,0.6141761,35.638756,0.29754135,9.491466,0.9769166,9.162343,1.544545,4.5462418,2.7906768,-1.706962,10.891996,0.093788184,0.015007688,0.0144428965,1.6949153,0.6423983,0.87,0.7465029,0.4975,0.40474528,-39.2281,02
32.63382,0.06550939,31.255495,32.108765,35.678097,4.4226017,114.00521,188.96114,8.828726,4.1586404,0.2827667,0.9688062,0.002036482,0.24008104,0.5769494,0.5749129,3.1878858,1.3972088,2.8308868,1.7655003,0.05923926,1.127108,20.463272,1.0171142,6.269722,1.4798071,6.5629706,1.3242204,3.4894786,3.0647485,0.009284402,1.8918228,0.6326406,1.1710162,10.81222,0.24012552,-0.08439489,-80.53459,20.343191,0.34359294,458.60413,0.38049358,1232.757,0.20760858,-93.36805,-1.0190336,1378.7639,0.1388138,868.8902,0.2491806,-96.11683,-0.9308028,2486.751,0.07489905,642.47876,0.4331929,-101.11756,-0.8435198,-16.059809,-0.41630796,25.493668,0.3782686,0.08789248,0.34324047,-0.014204599,-0.5921734,0.0949595,0.634904,35.22779,0.31130442,6.817421,1.3357105,8.92216,1.0406444,2.5865982,4.4600024,-0.24875411,9.194405,0.0982321,0.01691166,0.014763079,1.6260163,0.41067764,1.395,0.645,0.6766666,0.3727674,-38.554207,02
32.825188,0.06275851,31.302658,32.011177,35.826385,4.5237274,16.2255,7.270511,19.877398,5.3438473,0.42648917,1.1015737,0.0027035046,0.27138513,0.8972287,0.89452523,6.1453767,3.0705092,6.410853,4.4659414,0.1128948,1.2522534,14.52171,1.0972406,1.2640789,7.163636,6.876171,1.7692052,0.92904955,15.252579,0.01147885,1.4764805,0.83965045,0.86494374,9.1374035,0.36568534,-0.21451794,-38.232952,15.033639,0.4819333,426.4107,0.43190005,1134.7997,0.18673855,-105.22955,-0.93254185,1374.2169,0.16785273,792.03076,0.31329754,-99.39234,-0.9474682,2416.8933,0.0986595,567.70685,0.3657612,-102.22672,-0.89354444,-10.525213,-0.57186186,18.47435,0.34186566,0.11124257,0.24539232,-0.013252071,-0.7607786,0.20661913,0.65709907,26.453491,0.37085018,0.18348227,61.045094,9.638085,1.6050451,-1.5232637,-11.853288,0.29351643,7.0794287,0.09151582,0.015750151,0.008192328,1.754386,0.443459,1.1999999,0.63,0.6866666,0.4443222,-34.782284,03
32.509747,0.08276491,31.110973,32.014694,35.856316,4.7453423,149.51335,140.47975,14.460464,10.605125,0.41480014,1.0754353,0.010766364,0.2407833,0.8946522,0.8838858,5.9247503,2.8975382,5.3324094,2.4890423,0.11407238,1.237824,15.269167,1.1694275,0.70992255,14.389023,7.9457927,1.5716596,1.9987447,7.687258,0.018227022,4.0509706,0.8238793,1.0072906,9.21408,0.35566226,0.6161518,11.97879,16.896366,0.42644545,430.2678,0.41078696,1172.0026,0.20510815,-104.74988,-0.9356317,1396.559,0.16826367,806.4998,0.3173405,-102.3244,-0.90756863,2441.4573,0.10487605,622.7681,0.40162167,-104.83577,-0.8629244,-11.403358,-0.53471816,19.16719,0.43064532,0.112248994,0.23114616,-0.013984294,-0.7096398,0.21206827,0.6323848,29.258112,0.37835664,-1.1833277,-10.006272,11.401562,1.3750693,-0.87760454,-22.144258,0.32675335,6.917754,0.07653124,0.012430914,0.00838062,1.5695068,0.68027216,0.7633333,0.48127148,0.68,0.44639292,-35.343716,03
32.694004,0.063634016,31.268183,32.032772,35.34471,4.0765285,32.62844,34.36931,18.29574,8.19382,0.40339762,1.0697201,0.0026971758,0.2833964,0.87518173,0.87248456,5.677968,2.954584,4.9026027,2.6005013,0.11844927,1.2040985,11.530638,1.5846454,3.3402638,2.8832426,7.244402,1.4244514,0.2835683,48.80488,0.01083116,1.1463431,0.8297381,0.9095338,8.986838,0.37711516,2.1734047,3.6942985,16.200417,0.3650729,480.90002,0.48026332,1116.2642,0.20694816,-108.36144,-0.8950921,1452.4437,0.21223116,791.38293,0.27552646,-105.9198,-0.88302577,2474.3267,0.111213356,608.42804,0.49208513,-108.507034,-0.8369439,-10.663314,-0.5406077,18.847776,0.3311863,0.10957593,0.23424232,-0.013424702,-0.7558169,0.22197455,0.5863242,26.356012,0.3804897,1.0487429,9.447005,9.682769,1.2724311,-2.4374042,-7.1759863,3.0947633,3.6363592,0.08441831,0.015851159,0.016731823,1.8518519,0.4683841,1.0699999,0.53,0.6933333,0.37007508,-35.71837,03
32.366127,0.06458724,31.036137,31.88202,34.56628,3.5301437,27.490261,19.563593,12.921208,7.641606,0.44484413,1.1204513,0.0067532687,0.27067629,0.95611346,0.9493602,7.8686004,3.5567765,5.709819,4.3092,0.1342458,1.3713292,15.140408,1.1052276,1.763851,6.2850733,5.1819572,1.7469958,2.0394304,7.6822977,0.012786608,1.2699972,0.8792817,0.9733557,8.5968,0.4973763,2.7016914,3.790292,16.272089,0.41564456,452.7082,0.46498665,1118.8467,0.22317182,-105.515495,-0.92619187,1396.0365,0.19420254,883.65796,0.3622003,-101.66742,-0.9174152,2404.5103,0.10937952,590.7967,0.41359997,-104.01336,-0.87420624,-11.458366,-0.5223644,19.49835,0.31246847,0.10954117,0.27499318,-0.01468547,-0.64891064,0.25106847,0.75376934,27.369095,0.42228815,1.0076439,10.863519,6.5990553,1.6909916,-2.6883686,-7.0552144,-0.13802989,8.550686,0.07709805,0.015007753,0.0067726364,1.5590202,0.45045045,1.165,0.445,0.6866666,0.40069383,-33.682293,03
32.94943,0.06578195,31.478113,32.42091,36.037037,4.5589237,93.32986,177.11969,11.664199,5.6987963,0.66289765,1.1127106,0.009833775,0.43132728,1.3509357,1.3411019,8.775539,5.5954986,8.3927145,4.438406,0.232515,1.261303,15.0460205,1.0158579,-0.06565103,-170.85149,5.276646,2.5249794,1.0758601,15.810403,0.013486355,1.6717896,0.8338624,0.921481,9.19499,0.35630423,2.0786896,4.1238666,17.46848,0.397738,561.7061,0.54167855,1150.2455,0.24062413,-106.61207,-0.9086779,1554.3911,0.25152963,777.7976,0.35360783,-100.16047,-0.92165005,2578.3596,0.17579696,634.2518,0.37071264,-102.50788,-0.87871,-10.62158,-0.58638686,19.578142,0.35365248,0.104058556,0.24695112,-0.015598653,-0.66436154,0.41838348,0.6952938,26.075865,0.41252416,0.9217828,12.393404,7.02186,2.4250894,-2.510587,-8.721661,1.6998509,6.59149,0.074725024,0.012824584,0.021677338,1.4522822,0.8385744,0.6325,0.5760371,0.42999998,0.46703318,-28.940985,03
32.659584,0.07141439,31.281519,32.124657,35.843037,4.5615177,14.768394,9.226437,6.7961016,9.904993,0.6176835,1.0626562,0.0059458325,0.423331,1.3326554,1.3267096,7.168905,4.1182814,10.083822,7.7366896,0.18303247,1.1849346,14.258499,1.0716234,0.65554065,15.182437,7.0225477,1.875406,0.48121092,33.692394,0.0127538005,1.7283967,0.8233757,0.95103705,9.0600195,0.37477857,1.8108374,3.9983084,15.897592,0.36460137,482.50677,0.56344205,1124.4822,0.26426917,-103.96859,-0.9374252,1461.0826,0.23421822,769.53064,0.30580324,-94.81432,-0.983787,2504.4548,0.13354763,592.75323,0.4241778,-97.44375,-0.93148744,-9.59672,-0.5811906,17.404068,0.3439333,0.110727675,0.19176193,-0.015503205,-0.67182094,0.32386208,0.6142412,24.752876,0.4183474,0.6586968,16.010843,9.290267,1.7831402,-3.4807856,-5.6267824,0.76815516,7.300477,0.08090495,0.012280888,0.007667966,1.4613779,0.63291144,0.8766666,0.54615825,0.6766666,0.4598792,-30.919432,03
32.67295,0.07058571,31.317213,32.248142,35.6121,4.2948856,44.64541,36.085537,20.250631,13.390487,0.6908215,1.0337061,0.011681231,0.45128328,1.4279296,1.4162484,11.388829,6.0956736,6.0411572,3.4169667,0.24538514,1.2474333,13.970056,1.0344613,-1.5223843,-7.30916,5.630446,1.825499,-1.2263194,-12.406483,0.014218679,1.5859414,0.784455,0.97366416,8.414131,0.4967753,1.9100453,6.4308887,12.914708,0.6461016,582.8198,0.55650926,1128.4996,0.19897003,-103.31122,-0.9470222,1614.6492,0.24133483,778.0721,0.36682868,-93.345665,-1.0016989,2578.3674,0.15573439,639.45337,0.40205112,-93.91353,-0.9891282,-9.791417,-0.5358031,16.309925,0.33405292,0.11389431,0.21996146,-0.01738933,-0.5982118,0.43024972,0.6890492,23.363678,0.44034323,-2.0077808,-5.300389,7.687912,1.5510321,-6.6842933,-2.5719903,1.6364822,7.924962,0.07800392,0.013400451,0.00788553,1.4227642,0.41067764,1.375,0.615,0.69,0.41044688,-29.763742,03
32.82567,0.08379561,31.454018,32.462055,35.99597,4.541954,166.4684,250.33257,18.33827,14.036158,0.6427262,1.0191373,0.010302047,0.5262871,1.3444684,1.3341663,9.754013,5.5504537,6.644688,5.2429037,0.23438354,1.2331704,14.567334,1.0623467,1.1745551,10.558593,5.241119,1.914503,-0.30976257,-53.363113,0.02625333,3.6880152,0.8387158,1.0819383,8.757524,0.46571416,3.2412465,3.146614,16.051119,0.420819,605.3907,0.5048564,1137.1099,0.24574457,-108.01437,-0.8962265,1641.5454,0.23090474,821.52344,0.49150115,-95.87368,-0.9676526,2616.821,0.14013438,690.4712,0.39024997,-97.546936,-0.93565375,-10.095615,-0.59731454,17.953564,0.37767467,0.1126539,0.2377457,-0.014970206,-0.71933085,0.40528816,0.70196664,24.820581,0.40711668,-0.7572949,-13.501958,6.687702,1.7603573,-4.2913,-4.686647,-0.25093767,8.665065,0.079122566,0.012154233,0.0223328,1.4227642,0.41067764,1.355,0.615,0.7033333,0.37747702,-30.477789,03
32.067932,0.05464582,30.75014,31.718561,34.55957,3.809431,15.97688,10.28276,11.702257,6.160682,0.23650678,1.1173593,0.0025092794,0.1526866,0.4704741,0.46796483,2.7578351,1.4074352,3.6620445,1.9694017,0.050798714,1.2999473,19.929989,1.0156417,7.044236,1.5252541,8.612193,1.4467953,1.267382,7.9279165,0.009871859,1.4385984,0.7342027,1.0765408,10.066818,0.2869435,2.1667216,2.7975123,25.528221,0.2726072,443.33395,0.40444613,1142.321,0.18964349,-96.907875,-1.0052924,1391.1646,0.17798765,856.0115,0.31534603,-102.421974,-0.8812078,2424.22,0.10509069,654.7815,0.34215784,-107.20802,-0.79958886,-16.436457,-0.39225322,25.929014,0.3047005,0.111745834,0.22538288,-0.012908741,-0.70852,0.09212162,0.7151684,35.581562,0.32735816,8.58441,1.404784,12.277325,1.1793302,-0.9394238,-12.139515,-2.2077725,10.247245,0.08515826,0.016895866,0.004145347,1.8099548,0.6864989,0.77666664,0.5249973,0.65333337,0.42679682,-39.271908,04
32.11302,0.047620878,30.775612,31.7549,34.077858,3.302246,11.308919,5.036124,11.270725,9.666637,0.25783327,1.130653,0.0021501512,0.15736891,0.5101457,0.50799555,3.5405383,1.6843922,2.9573412,1.338469,0.059075076,1.2483912,17.577833,1.0881487,4.796142,1.9464046,9.438605,1.5014528,-0.07955956,-133.50583,0.010546441,1.3137228,0.8826298,1.0852675,9.451301,0.3367231,3.0226693,2.3155894,21.815866,0.36113268,453.95078,0.46966875,1145.1971,0.18574949,-97.40095,-1.0094831,1398.5107,0.18732072,804.9893,0.32131362,-101.44559,-0.9056587,2436.9324,0.11764972,645.1333,0.3611304,-104.785645,-0.8463904,-13.758101,-0.47631982,21.424145,0.36837885,0.11939271,0.25984228,-0.0141676245,-0.70976096,0.1085018,0.6454457,32.021812,0.38906372,5.0783243,2.2998638,15.14049,1.0870392,-3.0373292,-4.049191,-1.0505404,8.817295,0.09501032,0.016821638,0.0035140833,1.7817373,0.45045045,1.185,0.59499997,0.67333335,0.46456668,-39.72733,04
31.775671,0.069708996,30.848576,31.746584,33.953594,3.1050186,17.528223,8.945041,9.714653,4.516042,0.21100773,1.0016114,0.0031460896,0.16676477,0.42987475,0.42672867,2.4539902,1.1764798,2.1956916,1.6364499,0.044022445,1.1650236,20.526476,0.9959382,9.33455,1.1525351,7.9565372,1.2431327,3.2407007,3.2989678,0.009150926,1.4009501,0.65137523,1.1202235,9.989984,0.33359015,2.6406436,3.2770607,27.12852,0.26957196,399.90448,0.3171569,1215.7279,0.20136406,-92.86093,-1.0434074,1335.8488,0.13071573,888.87384,0.34486452,-97.7552,-0.9141617,2430.537,0.08948072,736.8077,0.36966175,-104.15848,-0.8048307,-17.380188,-0.409522,28.047335,0.31218344,0.10768257,0.32420906,-0.01222498,-0.8438691,0.07310728,0.646,35.270447,0.30384725,11.052468,1.0224395,12.112387,0.8204907,1.948511,6.519137,-1.3750268,10.415733,0.07827543,0.015931813,0.0070076496,1.7167382,0.43383947,1.305,0.60499996,0.65,0.3891015,-41.505978,04
32.512814,0.13571192,30.77,31.63132,34.575905,3.8059044,48.148144,48.167915,41.144733,10.791272,0.3222121,1.0404664,0.00181622,0.23673657,0.6627167,0.6609005,3.819848,2.247653,3.8511436,2.0881298,0.074517705,1.1502388,17.425697,1.138414,3.9840324,2.315734,7.9979477,1.2568653,-0.11397576,-97.14811,0.010452314,1.7919465,0.6528594,0.98971325,9.466689,0.39104035,0.80193496,10.141998,19.448475,0.41046256,448.4858,0.44278392,1143.1412,0.19932555,-98.489685,-0.98923326,1370.8489,0.19535826,846.79205,0.2819451,-101.32937,-0.91121393,2440.1877,0.09212698,620.73303,0.41820046,-104.968445,-0.84180194,-12.2136345,-0.59580714,21.39476,0.40524057,0.10928512,0.26984578,-0.0117989555,-0.76959294,0.1319119,0.56163,31.210321,0.44396225,3.7608373,2.8073237,12.889434,0.8296972,-3.037195,-4.2007265,-0.17950217,8.739357,0.09978086,0.01592764,0.011406062,1.5350877,0.6651885,0.7966666,0.7282094,0.68,0.43135443,-37.608635,04
32.57075,0.051906288,31.38421,32.04404,34.41846,3.0342503,20.978737,6.338847,27.124327,11.14463,0.36624882,1.1704993,0.003375896,0.20775913,0.81901413,0.81563824,6.147101,2.695448,5.986936,2.727168,0.12865907,1.2587928,15.796442,1.1367495,2.9263215,3.50466,8.914612,1.4153765,2.5428197,6.044748,0.015720204,1.1528176,0.9656203,0.8164655,7.9797354,0.5057254,3.2459855,2.2228744,19.157248,0.32040066,526.697,0.54918236,1199.9938,0.24021639,-111.06463,-0.8681429,1492.2339,0.22381386,888.97473,0.26204208,-104.672554,-0.882796,2515.5186,0.15171583,740.3253,0.34746718,-107.67821,-0.8302891,-11.302135,-0.6094708,19.907513,0.3944347,0.11157013,0.28239298,-0.009824159,-1.0759875,0.24754661,0.59964585,28.87054,0.44558302,1.1337614,10.467266,12.878768,1.1718868,-0.6591749,-28.78688,-2.62022,10.638527,0.06751884,0.013716399,0.00369313,1.8648019,0.23584907,2.1699998,0.0,1.0,0.06,-35.19182,04
32.482372,0.050739598,31.261646,31.938246,34.563557,3.3019104,9.232394,0.77182937,10.595335,13.230557,0.32299003,1.200038,0.0035638474,0.17504996,0.67917055,0.6756067,4.5860806,2.2735174,5.3511167,2.5495555,0.09278668,1.2236484,16.407951,1.1269222,3.8933182,2.5037935,9.262869,1.4242998,-1.2667154,-11.583913,0.014005289,1.2499428,0.95720565,0.8066623,8.944943,0.34599894,2.2713442,3.2171469,20.29325,0.37157583,461.61374,0.5263143,1169.1449,0.21528478,-107.72468,-0.9002923,1391.2805,0.1864961,850.80035,0.29596922,-108.41301,-0.8491595,2428.3474,0.10641446,678.0499,0.37794262,-111.96382,-0.7892014,-12.131401,-0.5236247,19.498667,0.39262357,0.113415904,0.20135106,-0.014609005,-0.7877032,0.18284677,0.54192495,30.7558,0.41760764,1.6381762,5.7348833,14.997411,0.9875826,-6.263695,-2.9667637,-2.5458224,9.964728,0.08283236,0.011030206,0.0056211897,1.8957347,0.7194244,0.68333334,0.4262498,0.68,0.43962103,-36.706223,04
32.619404,0.0519192,31.339167,32.08539,35.006683,3.6675167,63.34639,120.08309,10.676254,7.710212,0.45475557,1.1170352,0.004130432,0.24476883,1.0071087,1.0029782,5.5752583,2.3598452,5.9932647,3.6072052,0.14582469,1.2007455,15.673849,1.0345247,2.5252118,4.454886,7.4544826,1.3265322,1.3824679,9.975492,0.012396227,1.0991277,0.79755336,0.7288261,8.589998,0.41323972,2.4704776,3.7456234,17.59118,0.4071259,489.05762,0.5835884,1227.8505,0.19105035,-121.174965,-0.77732915,1482.9696,0.21997282,862.12354,0.26554757,-102.98786,-0.9060861,2497.3257,0.12781791,709.1539,0.39789084,-106.01696,-0.8521723,-10.17173,-0.62113,18.614931,0.3823158,0.11195241,0.20080289,-0.009819375,-1.1219662,0.27826932,0.5434018,27.407818,0.43134066,0.030225052,375.64807,11.349621,0.964453,-0.4517702,-40.255642,-2.600639,10.578808,0.07978547,0.012142165,0.0048801946,1.8779343,0.4750594,1.09,0.42999998,0.65999997,0.41737273,-33.509914,04
32.712994,0.050198954,31.372097,32.28749,35.031925,3.6598282,66.404106,124.50682,14.522341,10.042103,0.45198986,1.041912,0.0037928133,0.36144346,0.9941438,0.99035096,5.360094,2.4138215,5.7611527,4.453806,0.13224053,1.1734298,15.89844,1.1254799,1.7204884,5.4784126,8.539013,1.2595506,0.77773166,17.617577,0.010605094,1.4487927,0.73047394,0.9254053,9.475632,0.33575672,2.0777826,4.5604663,18.234232,0.30602583,468.51263,0.5001881,1214.6798,0.19181529,-113.63565,-0.8465978,1441.4551,0.20365383,877.522,0.26025873,-102.77957,-0.9011291,2439.8867,0.1210605,688.84814,0.3492961,-105.60256,-0.85116416,-11.392091,-0.49700296,19.042156,0.36588868,0.1144227,0.20725119,-0.01091193,-1.0480918,0.24139659,0.58242285,29.74236,0.35584906,-1.2999307,-6.442344,13.44886,0.8537798,-1.3323025,-13.0272045,-0.5625422,8.083022,0.08650464,0.01301195,0.014996992,1.7316017,0.65645516,0.78999996,0.6792643,0.53249997,0.44313514,-33.323326,04
31.827713,0.10512319,30.78991,31.920795,35.123295,4.3333855,117.1803,94.985985,28.612026,11.521187,0.5866893,1.1276436,0.023924181,0.3324417,1.1632499,1.1393256,9.69493,7.662795,7.986884,4.2722316,0.2518696,1.289465,12.500829,1.2194171,-1.6425873,-7.3404064,11.142016,1.1782697,-2.8114507,-6.246496,0.032602906,1.906395,1.0989066,0.881321,5.567839,0.8975201,1.2346872,7.175687,12.246464,0.6566917,625.8044,0.43857348,1084.723,0.22213897,-117.00718,-0.81855404,1722.61,0.21865678,653.1176,0.5194546,-112.31063,-0.8219831,2730.3757,0.14761876,681.6884,0.4116903,-112.79387,-0.812395,-7.181001,-1.1181824,14.537375,0.4857264,0.08936527,0.36386523,-0.014357667,-0.902221,0.5003885,0.6389743,24.279995,0.43076,-3.9355755,-3.4132717,13.499367,1.2899513,-9.430053,-2.1693804,-0.19498962,7.107419,0.045598984,0.010561116,0.03448271,2.0642202,0.92807424,0.5,0.61688733,0.444,0.47288898,-31.191006,05
32.159187,0.07844068,30.52903,31.943878,35.019924,4.4908943,63.964066,55.87893,42.0433,48.080505,0.6083468,1.1698388,0.010625026,0.37992018,1.2689557,1.2583307,11.364645,7.838034,9.593482,5.443432,0.27111363,1.2860839,12.967936,1.0790771,0.59045374,18.778534,9.557454,1.5501701,-3.5504754,-5.2925687,0.030528102,1.5433645,1.1478598,0.84118384,5.8327804,0.7260468,1.6107135,5.4030194,12.534227,0.62407565,540.46423,0.49089432,1088.4904,0.25114274,-112.16299,-0.8627176,1634.939,0.24206814,625.23785,0.64844865,-109.947845,-0.8345518,2640.2803,0.13837983,627.69666,0.41269743,-109.6822,-0.8382475,-8.14606,-0.908209,15.476552,0.5030244,0.092162505,0.48126867,-0.017105201,-0.7238197,0.5274507,0.6523504,22.73575,0.48339215,0.26178893,48.094685,14.031252,1.3631312,-12.626447,-1.7055433,-0.7150312,8.544862,0.055262234,0.009460284,0.030615795,2.5210085,0.8492569,0.5675,0.50444895,0.47,0.5035077,-30.748459,05
32.007942,0.09022727,30.447147,31.885565,34.85108,4.4039345,152.57918,161.27013,24.849928,13.541248,0.69582635,1.1323854,0.019405771,0.41986105,1.4939678,1.474562,13.602366,6.626686,9.502168,6.330019,0.29793176,1.2015322,11.063456,1.3712595,1.6479269,6.82304,8.727439,1.5425363,-1.9508334,-8.417607,0.025670405,2.0596557,1.0784208,0.783445,6.1058173,0.68511057,1.060346,8.088497,10.433213,0.5658096,761.204,0.4020988,1089.4924,0.22296634,-118.28741,-0.79594266,1866.8668,0.19795722,642.71875,0.6999553,-108.60017,-0.84855485,2866.534,0.13823016,723.279,0.384164,-108.104416,-0.85627353,-7.2844887,-0.85935044,13.850031,0.47140998,0.096366726,0.34546983,-0.01501941,-0.78394175,0.5722509,0.56181014,21.90123,0.53604174,-0.56085664,-20.49512,13.538727,1.1758263,-7.597431,-2.7445683,-0.42420933,8.449294,0.060202923,0.00886942,0.035590958,1.7429196,0.88105726,0.5525,0.5484695,0.5575,0.43124095,-29.684753,05
31.637182,0.11738793,30.422327,32.09288,34.484177,4.0618496,132.15799,112.585464,73.90836,86.21925,0.6819034,1.0927651,0.011807453,0.46657747,1.4356234,1.423816,10.788658,6.165003,9.125061,5.649732,0.26647508,1.2499882,12.057677,1.4434446,3.172454,3.66298,9.069354,1.3989469,-2.140939,-8.485062,0.03972192,2.3131206,0.93676555,0.8601169,6.9972787,0.6426213,2.2169073,4.1262016,12.794624,0.65064156,611.50726,0.4916828,1130.2289,0.20596099,-116.17709,-0.81850356,1679.0609,0.23921812,671.7949,0.44474852,-105.56389,-0.884239,2680.883,0.15008706,667.96594,0.49885264,-106.47064,-0.8679927,-8.023416,-0.8594302,14.980507,0.43752426,0.10721542,0.33870232,-0.017139463,-0.6897249,0.50124854,0.65275896,24.405403,0.5000547,-0.142044,-80.9841,12.129447,1.3164884,-9.8044615,-2.2629163,-0.097839385,7.7294617,0.06025659,0.01162137,0.034051534,1.6949153,1.0706638,0.45999998,0.55038166,0.45,0.43464926,-29.511335,05
33.02991,0.14631607,30.661043,32.384483,35.308224,4.6471806,96.85323,103.281654,111.94605,201.93329,0.9685313,1.0115632,0.07990586,0.61771303,2.014221,1.9343151,12.549855,6.426895,11.697933,6.4323006,0.4655437,1.2022952,10.739482,1.1967379,-2.3793335,-3.9798875,6.307439,2.4304109,-2.4065948,-9.071492,0.034200903,2.7412174,1.1237036,0.83607566,6.0052314,0.6733356,-0.43387648,-21.270334,9.95758,0.7090766,801.8753,0.3860431,1005.0067,0.29842362,-101.79118,-0.9440074,1903.4625,0.1937845,751.5598,0.5452557,-94.501045,-0.976569,2882.64,0.13260305,668.2209,0.39932564,-94.51905,-0.97578025,-6.546902,-1.0345887,13.164298,0.6251499,0.09886613,0.3544378,-0.013867218,-0.8896832,0.8069835,0.66797864,19.519041,0.49887037,-2.3298254,-4.106833,9.9982605,1.8325648,-6.63969,-4.1686716,2.898861,5.4658375,0.08114439,0.011895505,0.037551135,1.8900344,0.6932409,0.8075,0.66934204,0.48999998,0.506241,-26.273205,05
32.434868,0.091322966,31.05931,32.300472,35.095608,4.036297,109.00036,179.99103,37.640625,45.787518,1.0375584,0.9427638,0.12259787,0.7131339,1.9538565,1.8312585,9.587244,5.573683,11.847355,7.2647123,0.46913716,1.0762681,9.612801,1.5040301,-3.84689,-2.9007077,5.5691476,2.7193165,-3.0896409,-6.0416956,0.023013324,1.6908802,1.032944,0.7907456,5.8357377,0.71521384,-0.72607493,-11.829116,10.453233,0.55728817,809.13354,0.39878955,990.663,0.3025749,-103.74137,-0.9176754,1901.6765,0.20123352,689.41394,0.5383791,-95.88174,-0.9627298,2882.813,0.13490501,658.13403,0.44475415,-96.664185,-0.94715124,-6.114998,-1.0564748,13.265408,0.4626353,0.09277703,0.35580084,-0.013738116,-1.0037078,0.7954567,0.5745801,19.278893,0.48135084,-2.8565767,-4.0444098,9.51093,1.7614932,-5.460327,-4.2815948,4.235185,5.149398,0.07702387,0.00952103,0.0716534,2.268431,0.5725191,0.96666664,0.8650369,0.5675,0.5135355,-26.605837,05
32.801193,0.09407655,31.183846,32.376446,35.02368,3.8398361,207.25777,200.28015,32.62803,32.756805,0.9909446,1.009515,0.10356488,0.7122326,1.863242,1.7596772,12.889139,6.971206,13.135662,11.518294,0.48844177,1.3652503,9.738522,1.4624685,-3.7237306,-3.5304391,4.333179,3.3630478,-1.9960216,-8.329408,0.024865502,2.2639296,0.9426432,0.7840545,6.12898,0.58371764,0.5656064,16.98268,9.544229,0.6087219,799.12744,0.41312444,993.4508,0.3451297,-113.31727,-0.8320952,1852.3242,0.21442927,760.73737,0.33133486,-102.60128,-0.91947293,2840.6973,0.12963438,721.367,0.553529,-103.72238,-0.89886326,-5.4595966,-0.94066495,12.661551,0.525001,0.10256566,0.28319287,-0.011771078,-0.98256177,0.9075375,0.7820986,19.200562,0.51481986,-4.986758,-2.0621154,8.7749605,1.9401516,-5.217169,-3.7095366,2.7548065,6.3634815,0.07917541,0.00886274,0.052208666,1.8145161,0.814664,0.6225,0.66993934,0.46599996,0.42523402,-26.483568,05
32.413105,0.13795273,31.101892,32.13059,35.461258,4.3593655,247.81306,134.65637,34.054035,20.596455,1.1082835,0.94179225,0.116888985,0.9043439,2.127762,2.010873,16.274975,11.601919,11.015263,6.031914,0.5537178,1.1443918,11.035146,1.3114326,-5.3175054,-2.2690206,4.17151,3.0160737,-1.0443547,-14.497191,0.031021858,2.1015716,1.1113037,0.78032523,5.675131,0.68848413,0.10728173,80.81654,9.550171,0.6597685,734.33246,0.4675991,1050.4756,0.29342902,-105.80668,-0.9108344,1789.2585,0.22129191,790.6887,0.44168803,-95.09512,-0.99581134,2757.7688,0.13404572,733.55786,0.44096076,-96.321014,-0.9709174,-5.1439195,-0.8735355,12.57826,0.43533477,0.097521596,0.36032996,-0.014210792,-0.8621515,0.9670859,0.6110645,20.739742,0.43967372,-6.428666,-1.5935766,5.2937636,2.8329577,-3.2018857,-5.685928,2.948576,5.0281973,0.069197245,0.0073526814,0.0639378,2.3121388,0.97276264,0.554,0.15447977,0.56,0.41838977,-25.311474,05
32.425304,0.049141165,31.154667,31.720467,34.631886,3.4772186,29.060091,20.166056,15.513427,14.121204,0.35261023,1.1098411,0.0024219337,0.22000776,0.78526235,0.78284043,5.613991,2.8416934,3.9210646,2.0984309,0.09769499,1.212406,15.205557,1.1090119,1.2953964,7.1750507,9.48285,1.2210535,-1.8606895,-8.105293,0.010508128,0.9717423,0.9257688,0.8687728,8.293441,0.5019937,-0.81953627,-7.7887063,16.213907,0.33274665,461.38916,0.46665767,1161.3514,0.21706666,-104.820564,-0.9264559,1422.6248,0.17370968,796.1325,0.29092157,-102.32282,-0.9067984,2440.2344,0.102156654,651.75323,0.444559,-104.81096,-0.86207217,-11.00771,-0.528463,17.967424,0.39362448,0.11118342,0.24588576,-0.014248399,-0.6460315,0.18314616,0.58923084,27.875313,0.40935606,-0.4295987,-24.018286,13.319302,1.0061774,-6.0899887,-2.9940946,-1.6195751,9.427842,0.086538866,0.014177916,0.0063605793,1.8223236,0.69284064,0.75,0.657622,0.5025,0.48468417,-36.515507,06
32.493435,0.051837564,31.134716,32.00988,34.7239,3.5891838,29.796335,30.68347,12.155126,6.449984,0.33974144,1.1470724,0.0017576239,0.19133808,0.7285823,0.7268247,6.0586257,3.3528402,4.3884816,1.7774153,0.09582997,1.2065173,16.34389,1.1173445,0.9911979,9.886439,8.729018,1.5715258,-0.46649963,-27.317312,0.010485447,1.4462411,0.99383795,0.95884216,8.602013,0.43746817,0.5101784,13.384182,17.463388,0.4467742,464.74097,0.4881551,1182.113,0.23712736,-107.06202,-0.90024984,1417.0071,0.17911763,831.18054,0.34302932,-103.75223,-0.89059883,2443.904,0.11381821,685.14545,0.35085008,-106.88622,-0.8348027,-10.717701,-0.6103819,18.73133,0.43302637,0.111736156,0.24737787,-0.012172998,-0.7695416,0.18103987,0.56669396,29.845833,0.43691027,-1.0012139,-10.6665125,14.302136,1.1093637,-3.2334702,-4.9042735,-1.0888901,8.802226,0.10666907,0.015832195,0.0062280307,1.8518519,0.4683841,1.11,0.79999995,0.6666666,0.4510974,-36.906277,06
32.457085,0.059577513,31.295727,31.844986,34.99901,3.7032814,119.36616,179.94804,17.144257,11.196428,0.3944229,1.1272562,0.005466924,0.23536235,0.8405558,0.83508885,5.3501754,3.6261635,5.897148,3.5315673,0.13345593,1.2294855,17.12178,1.0607073,2.565433,3.8601034,7.89625,1.2994651,4.57305,3.099112,0.012487007,1.3687849,0.99415696,1.1293379,9.373626,0.31724408,3.603703,2.786063,18.648315,0.4281606,480.27475,0.4682707,1211.6403,0.18323128,-111.421715,-0.85571635,1448.5878,0.20176604,872.58136,0.26876342,-110.35447,-0.8256318,2441.7585,0.11946203,764.27234,0.39442065,-113.42832,-0.77515346,-12.960877,-0.47501865,20.694145,0.3474887,0.10087287,0.27392074,-0.013676292,-0.8525415,0.25411373,0.59633917,32.37159,0.33721757,2.1983075,4.1793156,11.290804,0.9318439,4.5689645,3.973908,-1.9152416,10.183823,0.07447856,0.013394796,0.020952372,1.6317016,0.7075472,0.6866666,0.6047773,0.5275,0.44364256,-33.988453,06
32.622147,0.049786687,31.44088,32.05965,34.900654,3.459774,21.115532,16.798922,11.710986,6.6034,0.40876007,1.0533568,0.010234044,0.2441891,0.86133957,0.8511055,4.983853,2.9456167,6.023949,4.362537,0.115782544,1.1277255,19.12384,0.82442796,1.4633052,6.968832,8.544327,1.3225858,1.132029,13.036219,0.009895282,1.3186564,0.83771175,0.9633671,9.374835,0.4197483,1.888641,5.0065966,18.126028,0.37691098,473.59448,0.5560831,1162.4939,0.20655352,-108.5476,-0.88833475,1423.5383,0.20532688,869.8348,0.47085124,-101.37937,-0.91082424,2442.4932,0.13982531,725.00006,0.52886766,-103.98625,-0.8640198,-11.607185,-0.51303834,19.869095,0.34320128,0.111174956,0.2606493,-0.013909857,-0.84299195,0.21103309,0.5277406,29.38805,0.42350823,0.957641,10.694826,13.465468,0.8096606,-1.339628,-12.777998,-5.891463,16.262117,0.068032995,0.011408547,0.0095963,2.036199,0.45766592,1.16,0.52,0.6666666,0.42208475,-34.182198,06
32.633602,0.07587427,31.48689,32.57979,34.800217,3.313326,75.82628,69.10496,21.86047,13.21117,0.49049306,1.1638522,0.0070769573,0.27020302,1.0003579,0.9932809,7.4663887,4.501668,6.765988,3.50923,0.20054837,1.27945,15.112998,1.0136156,-0.5952891,-16.635761,7.770805,1.243143,2.5781558,6.764399,0.018902712,1.9269748,1.0608336,0.6758883,7.658122,0.4281994,2.8077328,3.362103,16.669594,0.41168255,589.41327,0.47174782,1173.4348,0.20950916,-115.62747,-0.8223981,1597.1675,0.20091574,815.92346,0.3448324,-107.69089,-0.8508009,2571.107,0.13329531,717.3696,0.59530526,-109.41053,-0.821356,-10.088601,-0.66159713,17.9744,0.39222747,0.11031959,0.2380895,-0.010315215,-1.1546036,0.3917379,0.6206983,27.430553,0.36457083,-1.0908599,-9.504615,10.51382,1.1093222,1.8210093,12.580752,-0.45231488,7.7262735,0.09454671,0.012460664,0.013376094,2.5641026,0.9433963,0.5225,0.4211517,0.412,0.4644739,-31.937992,06
33.172905,0.08657216,31.388943,32.263763,35.33931,3.950367,72.88408,92.82737,17.3651,6.2709746,0.6342195,1.131259,0.029589772,0.37374607,1.247631,1.2180412,6.2817426,4.282818,11.244172,8.396131,0.2699607,1.2978379,15.917287,0.84028316,-0.7655584,-12.875578,6.6767707,1.9631915,2.2602892,8.007628,0.01426834,1.1863916,0.90426683,0.69448984,8.164002,0.3641816,1.9844707,4.6051474,14.56574,0.5065409,757.42676,0.41986743,1111.1888,0.29129457,-112.007126,-0.8329335,1788.0552,0.20393713,804.15845,0.3256711,-103.52339,-0.88064915,2772.3994,0.13611183,697.0899,0.43826383,-104.98961,-0.85586375,-10.035132,-0.6164379,18.32617,0.41416296,0.09855709,0.32999256,-0.01154498,-1.1805251,0.50221395,0.6933217,26.024834,0.3586927,-0.5076811,-20.482653,10.407324,1.3365601,1.9229989,12.359897,-2.4293802,12.070526,0.06980077,0.011255117,0.017365381,1.2875537,0.86767894,0.59749997,0.48971292,0.7033333,0.47674823,-29.277056,06
32.65554,0.060464863,30.993883,32.33773,34.549805,3.5559216,168.70247,318.94107,23.662682,8.108434,0.7088167,1.1045175,0.04569498,0.3253777,1.5521021,1.5064071,9.058701,4.25965,12.515119,7.2974696,0.3324102,1.2028811,13.52771,0.92412746,-3.2827206,-3.5204258,6.111217,2.0290363,2.3851779,5.9684324,0.018132446,1.4478123,1.0709988,0.85833865,6.6641035,0.5513233,3.1716514,3.2555263,13.956043,0.48345336,791.8435,0.4223304,1046.1558,0.2723742,-118.732735,-0.79012114,1835.1364,0.1972627,767.9598,0.33962294,-109.687294,-0.8496404,2843.5344,0.13671781,708.3388,0.49333084,-110.7883,-0.83152926,-7.577864,-0.7653408,14.482782,0.4414957,0.10129876,0.375985,-0.009733927,-1.0715827,0.6452823,0.5641473,22.114851,0.46027282,-2.5622017,-4.866715,11.280793,1.0825788,1.9824358,8.886558,-2.1064184,12.190769,0.063920796,0.010015658,0.043814346,1.6826924,0.48661798,0.98999995,0.41,0.6933333,0.41266072,-29.133465,06
32.701363,0.05536209,31.250546,32.424686,34.33244,3.081894,130.96303,213.99335,23.687935,12.328321,0.7235901,1.1216489,0.043324336,0.2784075,1.5649344,1.52161,10.925503,7.9333367,11.634385,6.7137537,0.3195162,1.2571244,14.723912,0.8224533,-6.133677,-1.9862275,7.1564927,1.8133669,0.8253321,16.750486,0.01938424,1.2578208,0.97506297,0.7710805,6.972434,0.4818929,1.6054757,5.8732214,12.038459,0.59673524,739.7726,0.45111415,1059.9893,0.23885275,-118.30324,-0.79804236,1806.0052,0.19607463,787.9815,0.3231472,-109.32194,-0.8451303,2780.4265,0.13714659,738.18335,0.40864474,-109.40071,-0.84439784,-7.2717624,-0.8804664,14.296856,0.47372124,0.098429635,0.46063554,-0.009717421,-1.0311648,0.6317223,0.5885745,22.842775,0.4482509,-4.519326,-2.9304845,13.948322,0.9777345,1.3434798,13.341513,0.15126093,10.468835,0.08031762,0.01116953,0.025198445,2.347418,0.4750594,1.03,0.35999998,0.7,0.41044688,-29.06188,06
44.3472,0.023761766,43.803402,44.063873,45.82347,2.0200691,14.96821,10.014639,11.231474,9.185513,0.4940672,1.0633552,0.008191499,0.3124419,1.0517973,1.0436058,5.116711,2.5327058,8.960067,3.6158106,0.11818002,1.2862743,9.243879,1.4304616,-15.747363,-1.2504797,-4.5358467,-3.2944794,-25.572668,-0.8850652,0.008836373,1.8654177,0.69316196,1.0067458,13.212887,0.43088868,5.5291076,1.5282751,14.160291,0.60230136,866.29456,0.24927624,1275.3762,0.28775322,-101.567345,-0.96421134,1764.28,0.13065727,914.5482,0.4064791,-96.406044,-0.9742931,2906.685,0.078622535,629.9803,0.84014463,-99.23929,-0.91806024,-4.312363,-1.7097706,17.039125,0.42884362,0.16651973,0.21018445,-0.00041926696,-29.91475,0.20931643,0.72774917,17.683716,0.5937311,-28.479143,-0.5945377,-9.978453,-1.7546855,-41.973858,-0.40679762,1.0168364,4.821763,0.10274159,0.007294313,0.010212156,1.86722,0.6289308,0.8666666,1.0590981,0.6966666,0.47709772,-33.883064,01
44.215454,0.049016323,43.554817,44.091763,45.87522,2.320404,41.831017,18.010427,74.487915,70.116905,0.47785,1.106771,0.0075334306,0.2905161,0.91178215,0.9042487,5.353271,2.7854702,8.268559,4.873659,0.1279691,1.2655742,9.315859,1.358752,-14.313465,-1.2928683,-4.54603,-3.3337173,-27.491287,-0.88096404,0.010814739,1.7136221,0.7659028,1.0648243,12.368568,0.52396345,5.869213,1.5672016,14.868014,0.8190406,745.8005,0.37177974,1184.4017,0.30926302,-108.98105,-0.88793784,1708.2556,0.15728047,856.0482,0.53797066,-89.78219,-1.0412073,2940.167,0.06584426,505.9438,0.62992275,-94.019264,-0.95416903,-4.085461,-1.9134307,16.84203,0.50090575,0.15736894,0.22975685,-0.0019965789,-6.4917226,0.21984251,0.7304315,16.316364,0.66679144,-25.323847,-0.66069275,-8.561875,-2.1724901,-44.363895,-0.40265232,0.032538783,6.5775156,0.103861526,0.010837466,0.005062394,1.9646367,0.9920635,0.574,0.62841386,0.6766666,0.45791796,-33.968803,01
44.257645,0.025680171,43.58998,44.036446,45.489967,1.8999863,17.383705,10.574448,10.641145,4.0607533,0.5653433,1.0471412,0.008966438,0.32718334,1.137237,1.1282705,6.724779,7.305396,9.897242,4.983106,0.15463494,1.2039958,7.7347608,1.5313551,-14.432033,-1.3456451,-4.395884,-3.133232,-26.382534,-0.9236264,0.007557446,1.6797941,0.59247553,1.0217614,12.720567,0.47137615,5.4291625,1.4697423,12.744709,0.7716342,851.5209,0.4459902,1207.5963,0.39607492,-111.21765,-0.85599405,1749.0122,0.17896149,992.9373,0.6734921,-92.30133,-1.0128181,2934.4683,0.0842919,705.81525,0.86738306,-95.331696,-0.9526922,-4.756282,-1.1907876,15.533304,0.41847524,0.16132106,0.21371911,-0.0004773425,-20.882517,0.27112046,0.64147395,14.043466,0.733078,-25.722502,-0.6652418,-7.2462263,-2.3520737,-43.7935,-0.4150838,0.27386352,6.924961,0.09959077,0.0074161794,0.0043225936,1.6460906,0.83160084,0.675,0.38823318,0.6666666,0.4296769,-32.795677,01
43.966774,0.037565198,43.301018,44.047104,44.681503,1.3804855,18.472551,10.449386,17.131357,16.50129,0.52822316,1.0338048,0.008127334,0.36492026,1.083459,1.0753317,4.7408094,2.5478172,9.469874,3.63365,0.15107386,1.1597444,9.480288,1.2903891,-14.526415,-1.3124175,-5.620748,-2.3751504,-26.588049,-0.9294272,0.011129167,2.8247313,0.7846946,1.0392189,12.58476,0.45035708,7.6059055,1.0488791,15.367546,0.6099136,773.94794,0.43618882,1249.6971,0.37765285,-112.14025,-0.8531776,1726.6394,0.17693006,894.30255,0.54039854,-89.07978,-1.0427599,2924.0107,0.089398734,590.91437,0.734089,-92.92987,-0.96411353,-5.8715363,-0.89716583,17.033262,0.3846224,0.16168816,0.207504,-0.0026547515,-4.0061936,0.25762007,0.6203691,16.475367,0.63600904,-25.68628,-0.66982836,-9.155786,-1.7246407,-43.487522,-0.42916283,0.17827754,6.4466558,0.10666514,0.010588111,0.0031858683,1.5936255,0.6036218,0.96666664,0.89354473,0.5,0.4756574,-33.61201,01
44.70391,0.03928002,43.60608,44.0085,45.860153,2.254074,53.8224,132.92946,8.651373,4.650565,0.37339768,1.0269598,0.005630008,0.25049207,0.6735594,0.6679294,4.4166164,2.6897776,5.836189,3.8837616,0.08277687,1.3089476,12.247016,1.2154956,-11.76831,-1.3894,-10.624429,-1.6465862,-31.054573,-0.8755843,0.006845158,2.0683687,0.537825,1.033002,14.669469,0.34588,7.186621,0.994552,22.196127,0.49061307,823.30457,0.21900935,1259.006,0.25263157,-92.22718,-1.0543414,1707.3644,0.1375652,845.9976,0.38386813,-89.82037,-1.0144696,3062.3687,0.08894732,553.80005,0.83401763,-95.97532,-0.8960183,-7.8581905,-0.7461659,21.54686,0.331365,0.16572808,0.16090605,-0.0019588429,-5.297405,0.13565604,0.82713884,21.266106,0.49542275,-21.184404,-0.69819725,-17.604202,-1.0953037,-49.434948,-0.38035136,0.6519833,6.004845,0.11838322,0.012741706,0.009159724,1.4059753,0.7092199,0.8275,0.212882,0.5575,0.52504164,-36.571846,02
44.517914,0.043854196,43.530994,43.87489,47.24622,3.7152252,9.995995,5.692812,-2.3425114,5.9388714,0.35277492,1.0029309,0.009897703,0.2635771,0.6801684,0.6702707,2.5417438,1.4077814,7.1130805,3.6568663,0.07656549,1.280861,12.889329,1.084183,-10.734085,-1.3112891,-9.478544,-1.9947524,-30.70162,-0.87602633,0.008766197,1.6446464,0.65172964,1.1499693,14.239087,0.39208433,9.165311,0.8737847,22.709925,0.5251362,845.28955,0.193394,1187.6322,0.18551804,-87.617874,-1.102483,1780.0465,0.1290479,778.9978,0.39811584,-90.22887,-0.995218,3113.2065,0.07367789,464.2027,0.6586218,-95.02883,-0.90436196,-8.949937,-0.64611804,21.8405,0.3515722,0.16027878,0.1885155,-0.0057301875,-2.1126094,0.1268702,0.7892305,20.906948,0.5278984,-17.333359,-0.8047197,-17.324265,-1.197871,-49.254025,-0.34410387,0.64971924,5.459232,0.09710931,0.009581317,0.0034673703,1.2522362,0.54151624,1.1,0.8943154,1.0749999,0.105,-37.208138,02
44.20397,0.05650712,43.25967,43.76241,46.71718,3.457508,10.133376,6.3297586,5.253611,0.0,0.40061143,0.98839283,0.009718201,0.30224812,0.7588718,0.7491536,3.518306,1.9352713,5.622341,2.6247659,0.09795986,1.2223253,12.145783,1.2374097,-9.254822,-1.5019798,-10.442879,-1.6335533,-29.83819,-0.9264944,0.009042635,2.2968383,0.57449543,1.0574963,14.30586,0.3400701,6.9767156,0.9981061,21.635073,0.59007335,831.5412,0.27588186,1212.8289,0.266454,-92.84738,-1.0303677,1715.943,0.15137641,817.1614,0.3556553,-91.5947,-0.98590845,3095.004,0.06479738,395.9295,0.76660186,-97.58517,-0.8742788,-8.818295,-0.6133899,22.65204,0.34410888,0.15564707,0.23290041,-0.0075350683,-1.1646825,0.16092922,0.7317216,20.264961,0.6430185,-15.844483,-0.8212837,-17.04229,-1.0832477,-49.1814,-0.38934898,-0.23483983,7.0479035,0.104318425,0.008693251,0.009378498,1.268116,0.73126143,0.79749995,0.6191274,0.438,0.476168,-35.819828,02
43.893894,0.06623802,43.2224,43.734993,44.366417,1.1440163,342.12894,323.38538,19.088081,13.284568,0.38169396,1.0079557,0.008012756,0.28020525,0.7029818,0.69496906,3.2739437,2.0097578,6.1027,3.8912666,0.09215394,1.2382617,11.476547,1.2544621,-10.675268,-1.3149848,-10.958575,-1.4551443,-29.018457,-0.90616536,0.008829819,2.0030658,0.5574104,0.9999752,13.895577,0.40892717,7.0362935,1.1968175,21.009594,0.5416983,850.7049,0.2289563,1160.6493,0.2292497,-86.252174,-1.1128824,1757.2228,0.13694637,769.20874,0.36692387,-87.133705,-1.0361378,3091.2258,0.06764852,360.35056,0.7114937,-93.09049,-0.9179689,-8.913862,-0.6882523,21.376535,0.33090878,0.1596205,0.18420774,-0.006722969,-1.3911843,0.14980511,0.76192075,19.72864,0.5844783,-17.694752,-0.7172139,-17.52197,-0.94989216,-46.536102,-0.39243898,0.8097659,5.883645,0.11690576,0.0118567385,0.0041020866,1.610018,0.54151624,1.12,1.0920012,0.7,0.43228075,-36.450474,02
44.39562,0.0595845,43.262688,43.876854,47.656494,4.3938065,34.293957,24.578024,52.87319,49.09246,0.2989686,1.0779554,0.002990656,0.2055843,0.549611,0.5466203,3.5603216,1.8435563,4.8055615,2.2891076,0.07124782,1.3146807,12.039631,1.1361476,-9.016955,-1.4528445,-9.811782,-1.8028225,-31.002129,-0.8224777,0.008758927,2.7618403,0.6513211,1.0168017,14.603342,0.31361383,9.212921,0.88155013,24.620733,0.37960202,754.55927,0.26141602,1204.8401,0.19054899,-102.46524,-0.9498471,1716.2986,0.14849344,844.3457,0.4943275,-97.96166,-0.92562634,3050.7744,0.08910285,460.39902,0.9828849,-103.25396,-0.8303458,-9.535718,-0.65445524,23.728685,0.27767214,0.15322101,0.17311205,-0.006620068,-1.8579527,0.12213479,0.79712003,21.434258,0.4145993,-16.26913,-0.79783535,-16.443632,-1.2702203,-50.270645,-0.309499,-0.037528265,7.4346967,0.12798944,0.014006373,0.013282068,1.7793595,1.0771993,0.50666666,0.22749847,0.3983333,0.4925585,-38.26609,02
44.542934,0.04560059,43.439705,43.908955,47.488087,4.048382,21.430677,14.588345,8.203468,5.4231887,0.34891763,0.973111,0.018055722,0.27967548,0.5994608,0.58140504,3.9841797,2.7199028,4.8491983,2.0575514,0.08021369,1.2587961,13.307181,1.0775495,-9.294284,-1.3759501,-10.426669,-2.0185065,-32.664577,-0.8051332,0.00838122,2.5388827,0.6044522,1.2037804,14.6132,0.32804474,9.325398,0.99237454,25.06065,0.45961535,807.82574,0.19149925,1214.0634,0.21012999,-85.985466,-1.1156455,1753.2283,0.14473091,755.87604,0.3404936,-88.335434,-1.0009693,3150.005,0.08730044,564.47437,1.0008228,-94.49289,-0.8825379,-9.669609,-0.6761599,24.05918,0.3183843,0.163782,0.16323404,-0.0044416576,-2.6188006,0.12579146,0.83385575,21.742344,0.49351558,-14.486408,-0.9179613,-19.309511,-1.1447486,-49.93544,-0.35303387,1.204622,5.5370173,0.116976686,0.011462434,0.011984379,1.8151815,0.8319468,0.728,0.3274996,0.45,0.51513106,-37.126434,02
44.47444,0.049259216,43.42717,43.917706,47.586838,4.159668,15.215442,13.068147,10.523911,5.565264,0.36298865,0.9293946,0.011806648,0.2917455,0.6415912,0.6297845,3.1346946,2.0171592,6.207407,3.2368813,0.08114665,1.2499028,13.245556,1.2345273,-8.167055,-1.4718653,-13.046063,-1.4592723,-32.90077,-0.85836947,0.007730726,1.7508862,0.5360636,0.9925902,14.413278,0.3783437,8.357747,0.84438837,25.582571,0.52556914,853.8851,0.17750001,1174.0588,0.2073912,-82.93589,-1.1583852,1753.1796,0.13647747,772.7987,0.40781957,-88.177414,-0.99710095,3143.63,0.061800778,363.79474,0.59094876,-94.25141,-0.8828297,-9.769345,-0.578337,24.719547,0.33664748,0.16111788,0.18431991,-0.006808476,-1.3222762,0.12905881,0.8053331,21.896454,0.60975915,-13.184424,-0.8401875,-21.78607,-0.8466417,-51.811703,-0.35789362,0.4392591,6.8398547,0.11497226,0.014462809,0.007501261,1.3355594,0.5050505,1.2166666,0.6321568,0.7366666,0.4302196,-36.64057,02
44.215973,0.05012941,43.22359,43.691,44.39487,1.1712799,26.238197,27.714321,5.9955645,4.53164,0.38887563,0.93479455,0.010422656,0.3112583,0.7139959,0.7035732,3.880877,2.3872933,5.336068,4.3350086,0.091049686,1.1829638,13.72916,1.1499149,-9.36264,-1.408052,-12.34128,-1.4467678,-31.069738,-0.88367516,0.009982815,2.3850067,0.5741063,1.109638,14.364807,0.3639298,6.808732,1.1345665,23.65455,0.50971544,839.1474,0.22372384,1219.3419,0.21747424,-85.20031,-1.112002,1743.5563,0.16070914,765.22626,0.36981973,-86.19017,-1.0251818,3135.7769,0.06652976,382.95346,0.6824772,-93.14656,-0.89015317,-9.447173,-0.5841868,23.593754,0.28091,0.15797935,0.2069996,-0.006681631,-1.2841234,0.14467978,0.732893,22.11303,0.55817926,-15.173759,-0.84372246,-20.17206,-0.8763992,-49.153755,-0.36388814,-0.0365719,7.5937605,0.113426134,0.013851914,0.0058960873,1.4778326,0.8278146,0.7419999,0.7465762,0.442,0.4803082,-35.95108,02
44.73057,0.04252789,43.408195,44.03734,47.42472,4.0165253,23.433012,32.729958,43.348843,80.4849,0.60967165,1.05842,0.00744265,0.38864565,1.1734319,1.1659893,6.416895,3.0374525,9.665111,6.3230133,0.18927729,1.2813252,7.668258,1.5361152,-17.535097,-1.1614614,-3.3006446,-3.932311,-31.114471,-0.8934654,0.0121500995,2.6592479,0.65888476,1.0908538,12.86112,0.40924576,3.8766336,1.8502417,12.868147,0.86225235,730.632,0.45403463,1166.5093,0.3086726,-120.43235,-0.7921424,1735.1603,0.2125927,837.9706,0.4413018,-92.07043,-1.0408428,2917.3965,0.091138564,802.3124,0.9649555,-95.53325,-0.97029114,-3.0123653,-2.0332906,13.279938,0.5355492,0.15513149,0.19744368,-0.00062865904,-19.222307,0.3285207,0.74335045,13.750612,0.7314162,-32.35969,-0.47332,-5.196247,-3.1582434,-52.241127,-0.3516283,-0.20298654,6.7843924,0.110902034,0.009119151,0.015739495,1.5325671,0.58027077,0.95666665,0.6123905,0.5575,0.5043994,-32.558136,03
44.01724,0.08294111,43.255997,43.81517,44.637222,1.3812256,304.43835,367.46213,36.643497,16.155092,0.63750327,1.0683634,0.008135481,0.37831622,1.2105862,1.2024508,8.890481,4.924319,9.678966,6.6532927,0.19955033,1.2796804,7.6033697,1.5740538,-18.309475,-1.0751207,-2.7143395,-4.46325,-29.611141,-0.91023964,0.014734915,3.9728265,0.6831412,1.0166527,11.993801,0.5144218,4.0817823,2.157487,12.571823,0.7372051,677.8073,0.45872203,1190.2249,0.34725538,-121.7431,-0.7754184,1694.2754,0.17932121,872.6135,0.51654565,-86.82622,-1.0892171,2862.468,0.08842761,828.69995,0.9096606,-90.18419,-1.016649,-3.451737,-2.032007,14.03069,0.51650906,0.15105961,0.21522833,-0.0008805824,-15.4411955,0.33712202,0.7609022,14.177829,0.7379117,-31.105595,-0.51797396,-4.8928165,-3.0599244,-48.34514,-0.39293486,1.4271667,4.5296226,0.1085458,0.008546572,0.007783785,1.3157896,0.37950665,1.555,1.305,1.05,0.099999994,-31.742632,03
44.35095,0.074913315,43.3468,43.96694,46.14693,2.800129,1207.8259,1169.2534,22.072382,18.996658,0.515374,1.1226438,0.0077484627,0.28889972,1.0480484,1.0402999,7.019288,3.3100095,6.2119713,3.3785434,0.16811995,1.2856214,6.7758784,1.8338847,-14.690196,-1.3287252,-6.2329087,-1.8387035,-26.884987,-0.9527481,0.018808093,2.5802135,0.7251327,1.0062886,11.963839,0.5277194,5.401558,1.4820698,14.676068,0.6051147,812.10144,0.38010967,1147.0919,0.26291686,-116.1518,-0.814935,1792.4886,0.17427242,820.3987,0.5085953,-97.26411,-0.961695,2967.0173,0.09294756,678.004,0.8927288,-100.76301,-0.8950993,-5.1652308,-1.2478057,15.833358,0.4208413,0.15919136,0.20537263,-0.0016028623,-6.6408834,0.3064381,0.6924621,13.242497,0.88377774,-25.31273,-0.75237,-9.947898,-1.2907741,-45.56894,-0.45292455,1.4183812,5.1087956,0.11262362,0.009783863,0.008632978,1.7316017,1.094092,0.48799998,0.27967125,0.66333336,0.4339995,-33.19804,03
44.94451,0.039908834,43.859272,44.190536,47.270496,3.4112244,30.509672,34.144356,9.17869,5.0807767,0.5085416,1.1280383,0.007206776,0.28560883,1.0418204,1.0346136,6.1460905,3.4194496,8.628605,5.003126,0.15282157,1.2701486,8.486913,1.4383279,-14.589514,-1.4491284,-4.1443624,-2.9134717,-23.617058,-1.0684149,0.014102166,1.9419259,0.8299492,1.1601968,12.736226,0.47242185,4.9095,1.4679272,13.863355,0.7111967,819.77277,0.3582829,1221.4945,0.2703286,-112.536674,-0.84842974,1732.0845,0.15245576,875.51965,0.46026608,-96.48821,-0.9716008,2923.8271,0.07683364,613.2008,0.79379153,-100.20048,-0.90111953,-4.9685273,-1.2962377,16.056723,0.41325614,0.17166567,0.16647872,0.0003091723,36.188522,0.2778889,0.67326677,14.7955675,0.7937749,-28.223581,-0.70429945,-8.67814,-1.5883343,-42.38837,-0.45758453,-0.61245984,7.1447706,0.12210012,0.013726174,0.0054908916,1.5151515,0.65645516,0.83,0.18384777,0.6666666,0.4443222,-33.471848,03
44.526047,0.062375955,43.489815,43.950283,47.935184,4.4453697,381.50333,678.24084,21.333582,13.48756,0.66257507,1.1392531,0.008453317,0.31824183,1.49475,1.4862967,9.761032,5.4126425,10.358507,5.826673,0.25318247,1.3757981,4.3373013,2.3437467,-18.159636,-1.1686162,1.076817,11.0314245,-23.522604,-1.0398573,0.016526846,2.041535,0.75298715,0.78142095,10.985558,0.5186195,5.6140394,1.192315,9.269869,0.947857,795.0895,0.5021939,991.87286,0.34936777,-132.34752,-0.6724383,1828.2395,0.20641686,796.68414,0.4421911,-102.15966,-0.93434244,2913.0364,0.104688406,798.66327,0.525102,-103.74639,-0.903312,-2.828556,-2.1037903,11.393336,0.43827853,0.15680504,0.15902492,0.0013225718,10.0873785,0.49253538,0.7142269,9.683042,1.0366408,-31.795452,-0.6125113,-1.2007891,-12.489313,-42.838474,-0.44705433,2.8820193,3.9330256,0.10551181,0.0105707515,0.009591616,1.8648019,0.47169814,1.0749999,0.84499997,1.015,0.065,-30.928219,03
45.257393,0.059961084,43.593452,44.05014,47.95291,4.359459,49.32809,28.360546,46.120354,75.90158,0.6331001,1.1521204,0.008553819,0.28569537,1.3589334,1.3503796,8.866166,5.0156493,7.6049185,4.3240414,0.2443772,1.3744159,5.387382,1.9962182,-16.200941,-1.2804837,1.5943804,7.1503587,-23.062674,-1.0503329,0.013280513,1.545069,0.84051526,0.8971462,10.871107,0.5491719,4.359433,1.8023254,7.6808023,1.289689,809.09155,0.4730029,1019.3937,0.36111656,-127.23176,-0.70101297,1834.0548,0.2131108,820.5469,0.46669066,-98.00574,-0.9602195,2897.8418,0.10944462,845.38257,0.5234726,-99.604225,-0.9286222,-3.406914,-2.1268392,11.979539,0.5240371,0.15743662,0.20694694,-0.00050723704,-23.186722,0.45202905,0.7663649,10.265974,1.0638583,-29.908314,-0.62336826,0.6883463,20.67861,-40.635464,-0.49662128,0.6770958,6.3820395,0.1129207,0.010105694,0.010843823,2.036199,0.91533184,0.58,0.35362408,0.48749998,0.37325427,-31.146008,03
44.594723,0.06011505,43.662655,44.024586,47.985462,4.3228073,75.560776,53.231804,18.80262,15.303371,0.63207674,1.1914682,0.011520758,0.2778845,1.3992679,1.3877472,9.612592,4.053277,6.821501,3.5775514,0.22202699,1.2984903,6.2203493,1.6219727,-13.29229,-1.5841502,-0.56259817,-18.98435,-20.444834,-1.2232306,0.018119587,3.3963752,0.7601555,0.91191506,11.141446,0.57297355,4.9486885,1.3123841,8.7450285,0.87973523,881.36896,0.40452567,1035.9696,0.3580921,-125.45653,-0.7229798,1896.3693,0.17500588,835.13654,0.46467626,-103.35667,-0.913204,2964.8113,0.08764701,737.24457,0.59705853,-105.07788,-0.8813512,-3.9022088,-1.5061375,12.583094,0.4663448,0.16071984,0.16297245,-0.0010658411,-8.627296,0.43389276,0.62517583,9.44135,1.2230347,-27.59886,-0.7462318,-3.9921296,-3.3139424,-40.236076,-0.49743918,-1.6058778,7.96942,0.09303735,0.007863031,0.006069679,1.7817373,0.9009009,0.5575,0.04380354,0.5275,0.50256217,-31.015007,03
44.691242,0.07776694,43.353546,43.90375,47.76322,4.4096756,229.25595,253.16533,79.124855,118.337875,0.6296219,1.1667593,0.009911377,0.29414248,1.3780222,1.3681108,9.698881,5.4272976,6.7883697,4.5876217,0.24446249,1.3774592,6.0792756,1.8312306,-14.522459,-1.4219469,0.3713438,30.795465,-22.435894,-1.0327405,0.023882985,3.6453567,0.8001382,0.915479,10.511489,0.579806,6.2756066,0.97233003,9.438688,0.9653029,881.80176,0.40745422,975.7264,0.40157065,-119.82309,-0.7728062,1919.1152,0.19404154,753.458,0.3964942,-98.54022,-0.9518191,2962.7627,0.104805864,859.52826,0.6217319,-100.01227,-0.9236892,-4.397102,-1.5725459,12.701732,0.5367868,0.15181789,0.22872826,-0.0017715237,-5.7116327,0.45340052,0.7652542,9.944063,1.1806642,-26.257355,-0.79468954,-1.8987572,-7.003594,-38.95604,-0.50524247,0.29249743,6.4134235,0.10194182,0.007597434,0.009101679,2.050114,0.6912443,0.76666665,0.6663999,0.49249998,0.38166577,-31.191895,03
44.306324,0.05502973,43.42781,43.92964,46.60797,3.1801605,26.041588,17.693916,41.910378,38.183937,0.36132404,1.1129299,0.0069011664,0.24872902,0.6222672,0.61536604,3.7237988,1.9845157,7.0299764,4.993643,0.091421746,1.2996246,11.428079,1.2785667,-10.685061,-1.4184662,-9.765804,-1.5584279,-29.703262,-0.8880317,0.010720407,3.036412,0.6688977,1.0779415,13.736833,0.42436403,7.829528,1.0085837,20.856152,0.46318966,766.591,0.29235086,1201.8619,0.2433847,-103.57597,-0.93748796,1692.4059,0.13959494,778.93726,0.349706,-94.729805,-0.9637384,3019.692,0.06499874,429.7581,0.9509651,-100.109856,-0.8640593,-7.586597,-0.9128132,20.695839,0.3784229,0.15644303,0.16844943,-0.0033424643,-3.0331438,0.15674496,0.7881766,20.791286,0.5232456,-19.561657,-0.73770887,-15.9940405,-1.0601015,-49.031223,-0.3683272,1.0857394,6.3377056,0.11084673,0.012705998,0.0090251425,1.6917294,0.9487666,0.584,0.2691171,0.438,0.45744506,-36.188652,04
44.153927,0.048979893,43.49179,43.810757,46.045273,2.553482,29.92814,20.39379,30.062113,25.824263,0.3192541,1.1421949,0.006815984,0.2064803,0.56238306,0.5555671,5.1398168,2.8501706,5.4944186,4.387422,0.08222737,1.3799733,11.365034,1.2781514,-7.7640862,-1.7449512,-8.082585,-1.8277676,-28.404219,-0.9308127,0.007915593,1.8390598,0.65029055,1.0930012,14.028399,0.39003316,8.180974,0.9948483,21.438635,0.47982746,770.316,0.31356427,1348.4559,0.2834566,-112.052,-0.84745896,1666.3291,0.15528491,849.32385,0.42449948,-101.02415,-0.8953599,2985.87,0.084249176,587.51184,0.9715212,-106.432625,-0.8008111,-8.819645,-0.8440615,22.007282,0.3574035,0.15455578,0.20000896,-0.004319328,-2.257162,0.14602123,0.8423155,21.14685,0.5162572,-15.853074,-0.84670895,-14.536601,-1.1617103,-48.213974,-0.41484082,-0.2595994,7.7222323,0.10807747,0.010492956,0.011166141,1.8796993,1.3282733,0.39428568,0.3234129,0.33571428,0.47527003,-37.044514,04
44.42182,0.031222913,43.513554,43.974224,46.41062,2.897068,30.602549,36.884884,9.6916685,5.0397973,0.37481058,1.0294724,0.006701536,0.3145214,0.6590826,0.65238106,3.3638396,1.7476093,7.34966,4.9757776,0.09012745,1.3068748,11.087975,1.3638939,-9.594128,-1.5773785,-9.079816,-1.3508546,-30.731735,-0.9188196,0.007470365,1.8300775,0.62647814,1.0744962,14.033389,0.40204784,7.57998,0.8568334,19.238354,0.4825834,758.8573,0.34076914,1243.975,0.2720675,-108.640114,-0.8716383,1694.2386,0.16705576,804.50885,0.41711795,-94.53792,-0.9505236,3031.0845,0.07813984,532.5122,1.0227821,-99.52619,-0.8600729,-8.478781,-0.6912303,19.540663,0.3576883,0.1680739,0.16504401,-0.0026185426,-3.3841183,0.15151766,0.80937755,20.513252,0.55843884,-18.37692,-0.7487008,-13.566419,-1.0183996,-51.572926,-0.36785504,0.72295016,6.731779,0.11835366,0.013128418,0.010125988,1.3059702,1.1299435,0.5,0.35468295,0.436,0.4623678,-36.242023,04
44.574463,0.051318474,43.421917,43.84375,46.642826,3.220909,49.18915,34.133434,11.8871355,6.067527,0.36608157,1.0317763,0.0066506714,0.31330281,0.6317267,0.625076,5.492421,5.3385544,5.7201967,3.1085377,0.087895505,1.3052806,11.279533,1.4086087,-7.9539175,-1.8712783,-10.974046,-1.1919233,-30.474754,-0.91534406,0.0077379663,1.9990839,0.5769293,1.1753452,14.575656,0.36456504,7.391945,0.94294626,21.192213,0.43752685,773.7029,0.27953497,1245.1716,0.24248947,-104.73955,-0.9143664,1680.615,0.15856627,883.19336,0.52576405,-95.45826,-0.94968015,3002.9258,0.07645043,518.39844,1.1775726,-100.949036,-0.8448605,-8.873499,-0.74762076,21.071901,0.34706983,0.15709966,0.17473601,-0.0036487337,-2.264364,0.14466545,0.8253516,21.405409,0.53438234,-16.589308,-0.8240926,-16.921062,-0.80478376,-51.0143,-0.3768915,0.2596786,6.364935,0.11499952,0.011936005,0.01782109,1.7110267,1.1516315,0.48499998,0.32806247,0.35999998,0.43596634,-36.29904,04
44.497635,0.02871072,43.574017,43.958603,46.257786,2.6837692,44.38478,103.34971,22.191496,30.687935,0.33727294,1.1406031,0.004718743,0.23856963,0.59565216,0.59093344,4.141994,2.8634155,7.2959595,4.73078,0.09631518,1.5173341,10.390103,1.477966,-8.84077,-1.6299405,-8.992691,-1.6773108,-29.57667,-0.89843947,0.009264779,1.8225529,0.6780054,1.1329917,13.434384,0.4404714,7.207109,1.1794922,20.426218,0.49842262,746.3424,0.33692336,1258.1742,0.22657864,-111.398895,-0.8581649,1672.5153,0.1646802,829.3325,0.4065207,-96.74107,-0.939887,3004.726,0.06918002,579.8561,1.051234,-102.343155,-0.8401034,-8.037471,-0.8418034,21.552673,0.34618762,0.16919455,0.136193,-0.003335223,-2.880504,0.16776873,0.9738705,20.895948,0.560954,-17.543657,-0.7784878,-15.232872,-1.1339382,-48.29458,-0.41321456,1.5181735,5.0495577,0.12047639,0.013324121,0.008733968,1.6605166,0.74487895,0.7475,0.9094332,0.45799997,0.52833325,-35.761253,04
44.42118,0.042987663,43.619164,44.045307,46.457455,2.8382912,27.280733,18.868761,21.976656,18.575981,0.27478677,1.1149274,0.0059008887,0.20753546,0.4685546,0.4626537,4.945459,3.8614004,5.073746,3.1818953,0.07589045,1.4820808,10.920627,1.4088663,-7.419102,-1.7617524,-7.487731,-1.8590206,-26.857536,-0.8685782,0.012414703,2.3650928,0.69558334,0.97858506,13.55358,0.45732176,8.9681635,0.8278389,20.86907,0.52611655,851.1423,0.25159535,1275.351,0.26710138,-105.01803,-0.89119256,1779.6256,0.1690529,843.00214,0.44525164,-100.95486,-0.8833924,3061.7854,0.06461239,611.25256,0.7692796,-105.7543,-0.80286217,-10.632833,-0.6574348,23.32739,0.37219095,0.16792466,0.15817249,-0.004654512,-2.3377032,0.13133517,0.9661138,21.685635,0.5331706,-14.2239065,-0.96720004,-12.771963,-1.284577,-43.328773,-0.4201181,1.1458259,5.576109,0.119822234,0.011059262,0.011960181,2.1072798,0.7736944,0.705,0.84869015,0.5625,0.52717996,-38.06528,04
44.55378,0.030431304,43.53914,44.044655,46.615646,3.0765076,10.924656,7.4804597,15.777181,9.279207,0.31383738,1.0558643,0.005820238,0.25379813,0.55204594,0.5462257,2.4998095,1.3184528,5.999137,3.111731,0.07987372,1.483608,10.703902,1.5528696,-6.950956,-2.0996683,-9.133221,-1.353229,-27.779488,-0.9061128,0.007343241,1.7828233,0.5639185,1.0670052,14.673172,0.37332624,7.0504975,0.86853826,20.318735,0.4550924,860.7258,0.26560715,1283.0914,0.28687933,-108.91563,-0.85837877,1746.435,0.17423666,941.4803,0.5991977,-104.34128,-0.8580317,3029.8518,0.06717281,541.4934,0.88977087,-109.09345,-0.7784601,-10.199457,-0.6743726,23.36187,0.32464895,0.16715944,0.15251176,-0.003721637,-2.4194324,0.14047159,0.9617168,22.616623,0.49245337,-16.434061,-0.7740601,-13.802675,-0.97910196,-47.829075,-0.36012796,0.16019505,6.036465,0.120190844,0.009970092,0.014648525,1.3409963,1.1605415,0.44666666,0.22713187,0.468,0.43314663,-37.134373,04
44.435043,0.043802757,43.506493,43.987312,46.65798,3.1514893,38.61517,36.013206,6.2966156,14.57736,0.3220026,1.0960567,0.006570582,0.2719357,0.529159,0.52258843,3.097792,2.017223,6.3009233,4.4597807,0.07958122,1.5315881,11.828148,1.3125204,-7.371496,-1.8589528,-9.958328,-1.3260661,-28.153502,-0.901258,0.0085369,1.9255732,0.6277892,1.1270258,14.39486,0.38288867,7.5872803,0.84603065,21.807283,0.42828646,833.82806,0.21991506,1238.4757,0.25479016,-101.17587,-0.94126207,1763.757,0.17333542,808.299,0.50892085,-99.78835,-0.9018075,3064.2998,0.06045183,440.4102,0.730479,-105.3231,-0.80722564,-9.6325035,-0.5894129,23.226288,0.332036,0.16652091,0.1490741,-0.00427475,-2.0972102,0.13782144,1.0106938,22.784626,0.4614627,-16.192633,-0.737562,-15.704601,-0.90549725,-48.22798,-0.33418316,-0.15316364,6.898801,0.12395693,0.011515961,0.011766621,1.4925374,0.9416196,0.57,0.2007984,0.45999998,0.4642413,-36.94515,04
43.870792,0.047007155,43.001755,43.697594,44.90831,1.9065552,28.523037,23.709631,22.21197,15.288128,0.6866855,1.2280911,0.010808979,0.34836864,1.3540028,1.3431939,11.558204,5.538641,12.58121,7.3849096,0.33911768,1.6758132,6.7004566,1.6564842,-10.083631,-2.0748253,3.1647432,4.2140236,-22.434793,-1.3224267,0.018031577,1.320376,1.0457519,0.8368249,9.376457,0.60905397,7.1422167,1.3126363,12.065555,0.84272593,745.257,0.44575953,1074.1971,0.31348544,-139.66554,-0.63508475,1775.5642,0.21123974,735.6031,0.48611006,-108.328156,-0.87258625,2932.1812,0.09776542,748.3783,0.59413046,-109.82307,-0.8441141,-3.0289264,-2.3895721,13.795131,0.48245862,0.13603689,0.27008075,-0.003825131,-3.7814705,0.67527574,0.9925975,12.588123,0.83737135,-25.034773,-0.81866467,-0.6452824,-26.349028,-47.45829,-0.48443907,-2.5421665,9.780158,0.042498212,0.006445468,0.029847953,2.2421525,0.9070295,0.525,0.042720016,0.5525,0.48843497,-28.645796,05
43.559532,0.09204328,43.00995,43.9687,44.600037,1.5900879,82.98885,57.29224,95.0546,128.52808,0.7023159,1.1975005,0.009918027,0.37898424,1.2912338,1.2813158,11.8692255,7.0873303,12.473738,8.153713,0.31264475,1.5056212,7.295491,1.5622584,-13.659533,-1.4799671,2.162988,5.351955,-25.523449,-1.0717212,0.027983915,2.858352,0.95831007,0.90625054,10.009424,0.5865828,7.6394286,1.2884053,11.821298,0.85497093,660.1641,0.54565644,970.6632,0.2854663,-148.37231,-0.56956786,1732.5153,0.25615162,811.37964,0.4696523,-103.86857,-0.92186785,2825.0022,0.112867765,770.27374,0.7488339,-105.69243,-0.88569313,-2.7263217,-2.5412862,12.441421,0.57104707,0.1314004,0.32960573,-0.004815902,-2.846784,0.61225444,0.8444553,13.120272,0.81810504,-27.651651,-0.6811153,0.91983473,15.674221,-48.598866,-0.40694344,-0.41914526,6.541886,0.09200518,0.008360649,0.021893116,2.1786494,1.1013216,0.444,0.2084802,0.3683333,0.45870894,-29.120754,05
43.522213,0.073341854,42.847008,43.75519,45.607834,2.760826,67.40942,60.19383,23.989216,15.574383,0.88335586,1.0786148,0.0098576695,0.43397093,1.9024814,1.8926238,11.11006,6.8803687,11.037771,4.8550525,0.37707478,1.2438763,6.5456524,1.9564738,-15.663968,-1.4727919,-1.2046164,-11.581849,-26.07247,-1.0386788,0.018838271,2.162395,0.7583664,0.8513682,10.337993,0.59840894,5.581815,1.2591014,11.311968,0.973612,842.524,0.4476169,987.7247,0.37975657,-119.26079,-0.7967047,1888.4009,0.22369897,849.75464,0.5248145,-95.30756,-0.9940821,2945.4685,0.10514361,854.66583,0.6535776,-96.82183,-0.962574,-2.625683,-2.265074,13.069777,0.5243225,0.14444931,0.26065457,-0.0026859196,-4.0302534,0.6871431,0.6389276,12.240749,1.0368208,-29.831047,-0.6972269,-2.685126,-6.606,-45.7583,-0.46446112,0.303355,7.437932,0.101215936,0.008251469,0.0072999313,1.6949153,0.6423983,0.84999996,0.2839014,0.68,0.4328972,-27.47871,05
43.316742,0.09295269,42.805965,43.681973,44.872135,2.0661697,147.5028,151.82271,27.957823,25.238016,0.8803989,1.1360301,0.018749537,0.44105884,1.9642007,1.9454511,16.726679,9.612828,9.397948,4.263487,0.44542268,1.372857,7.462367,1.6809453,-13.255406,-1.5012538,0.8038448,15.075537,-23.568588,-1.2064505,0.012738831,1.5340698,0.83508915,0.88408786,10.213343,0.5373325,5.148226,2.4343572,11.164728,1.2733976,781.8965,0.48689535,1025.2499,0.3717962,-129.38942,-0.69077456,1800.5664,0.24029523,863.39355,0.49574494,-99.18426,-0.9394789,2902.5208,0.111032344,767.2765,0.6843713,-101.45963,-0.8961467,-4.9335823,-1.5403436,14.267261,0.5411996,0.13773234,0.27324677,-0.0060000843,-2.056677,0.8269562,0.75855196,12.805574,0.99797857,-23.824615,-0.8787322,-1.5212193,-9.712933,-44.164124,-0.5512176,0.62767917,7.064004,0.09299077,0.008388803,0.016531097,1.6949153,1.2847966,0.4083333,0.24640188,0.414,0.45138007,-26.319767,05
43.41746,0.11268477,42.92228,43.905228,45.00902,2.0867424,102.95371,50.070366,54.66989,61.04263,1.0950813,1.1921536,0.023292053,0.5106,2.5234623,2.5001702,18.881525,11.09104,17.722141,11.201257,0.7033334,1.4650279,5.281432,2.1682117,-15.61821,-1.4088563,2.544472,5.998086,-23.594896,-1.1464059,0.022563523,1.7410698,1.0666132,0.7423908,7.5877357,0.77501047,-0.3016223,-56.9608,7.1096272,2.3481858,835.47516,0.4002972,977.6651,0.30010056,-124.762856,-0.76061034,1923.2881,0.19599508,799.97437,0.42720637,-100.16557,-0.9673438,3002.843,0.10072557,733.6303,0.53160053,-102.35998,-0.922296,0.12700711,63.4516,12.342458,0.5902359,0.11920146,0.39399183,-0.00019071902,-85.76434,1.3539647,0.81840456,10.737574,0.9693924,-29.508144,-0.71976453,-1.6653829,-11.54087,-44.270153,-0.4935439,1.4452101,5.5597825,0.06377691,0.006030318,0.037080355,2.1645021,1.094092,0.45999998,0.21052316,0.53499997,0.4875705,-23.414139,05
43.453613,0.10101126,43.095493,43.81477,45.603596,2.5081024,224.15855,212.70831,66.25465,80.032166,1.0754935,1.177056,0.011465242,0.4518051,2.5360446,2.5245793,19.40675,10.556193,13.075087,8.289252,0.63035417,1.4186304,5.5426836,2.1013026,-16.412754,-1.3646966,2.430037,6.3728375,-25.292269,-1.0957013,0.017307688,1.6391248,0.88985986,0.84199876,9.3060055,0.6287267,2.4602163,5.7124505,7.597756,1.8530475,839.64496,0.41112185,1029.4949,0.2636109,-123.47384,-0.7704997,1904.089,0.19230632,816.78906,0.45616278,-101.38528,-0.9598092,2996.4692,0.11980809,730.5915,0.6003337,-103.15326,-0.92434126,0.1472084,51.271523,12.290032,0.5506635,0.13042356,0.28619543,0.00016902153,94.22529,1.2158095,0.7788396,10.496033,0.9965732,-32.207546,-0.6372644,-1.7462758,-10.97215,-47.16452,-0.44730666,1.397235,5.3047714,0.08941905,0.0078098113,0.051527932,1.948052,0.8752736,0.57,0.043011628,0.5475,0.5173671,-23.7727,05
43.232906,0.11057843,42.91206,43.714863,46.070286,3.158226,136.2944,82.28798,26.13987,20.638777,1.1063504,1.1593499,0.0097446,0.4284476,2.612152,2.6024075,17.279884,10.762379,13.307945,4.3707848,0.65231544,1.3112787,5.840268,1.9059674,-14.68345,-1.6182206,0.060854167,224.35951,-25.651861,-1.0993856,0.015474307,2.5410628,0.90354156,0.84914386,9.139227,0.6299007,3.414716,3.6909654,9.080476,1.6316742,856.4496,0.40731904,930.5526,0.3516168,-117.3864,-0.8141953,1937.7126,0.20271994,796.8237,0.54591423,-96.728516,-0.9887933,3003.555,0.104743265,719.5268,0.64526784,-98.40546,-0.9543362,-1.9447955,-4.2918434,12.140845,0.6865654,0.14216079,0.2591702,-0.0019680806,-7.8287797,1.2208263,0.68079126,9.641075,1.2658567,-29.254679,-0.77197933,-2.2453256,-7.482559,-46.93672,-0.47209713,-0.6720048,7.841161,0.10223113,0.006600434,0.012277664,1.7316017,1.094092,0.482,0.3992693,0.408,0.46352562,-24.219482,05
44.06634,0.04728603,43.102093,43.872993,44.645874,1.5437813,45.92306,28.14483,20.61958,12.647658,1.1072983,1.1644579,0.010298948,0.496513,2.661973,2.651674,21.66471,14.224825,14.151887,4.7526264,0.6427339,1.3163942,4.9257407,2.550184,-14.357683,-1.5992569,-0.8838072,-14.063998,-25.159193,-1.0632957,0.014859399,1.7341009,0.8596448,0.87406886,9.39321,0.6014896,4.1867504,1.978402,9.665227,0.99391216,810.3232,0.43941197,1075.4789,0.31614506,-129.27867,-0.7169082,1809.7788,0.20441,895.2379,0.5907949,-103.12985,-0.92678064,2897.9548,0.109238654,765.2706,0.62241507,-104.571884,-0.8979435,-1.1990942,-6.777589,12.0514965,0.6245942,0.1339077,0.29145426,-0.00074072264,-21.842134,1.2543145,0.6540617,10.2084255,1.1952747,-29.167692,-0.7522279,-3.544366,-4.1587877,-45.821846,-0.490362,1.1443648,5.8201065,0.0977899,0.0064725266,0.033796247,1.7699115,1.1185683,0.442,0.16737981,0.42799997,0.4460224,-23.10032,05
44.636787,0.034756247,43.491314,44.014336,46.920986,3.4296722,17.603395,14.1861515,19.238049,19.868324,0.38786498,1.0479997,0.0141872205,0.2677636,0.798356,0.7841688,6.3883133,5.208813,8.221675,4.737825,0.11793258,1.4642416,6.6177773,2.1030407,-14.061843,-1.0674185,-3.1558614,-4.7291403,-25.602297,-0.91737795,0.010550144,2.07138,0.74354035,0.9682733,12.258393,0.5100091,6.0974364,1.3005449,16.603846,0.61761504,817.3505,0.32177624,1225.6444,0.25883007,-115.37658,-0.82051057,1776.0214,0.14319493,855.5251,0.40954155,-107.32103,-0.85051954,2949.3303,0.10193151,620.73047,0.6815574,-110.571236,-0.795326,-5.3890824,-1.2871754,16.941631,0.4782373,0.1609108,0.17808324,-0.0013592251,-8.277126,0.21896087,0.89376086,16.54351,0.6728796,-23.287985,-0.6190452,-10.245124,-1.6692054,-44.245502,-0.3924224,3.8404775,2.900135,0.10357342,0.008504945,0.020633189,2.542373,1.2847966,0.38166666,0.30013424,0.3733333,0.48828498,-36.655296,06
44.952656,0.0518893,43.453224,44.048725,46.908848,3.4556236,60.251232,65.49518,53.74054,80.13038,0.39388883,1.1052418,0.015720185,0.22769164,0.77195835,0.75623816,7.9178257,7.784229,8.0235615,4.4464183,0.13323116,1.445042,8.148485,1.5899037,-13.84492,-1.119531,-3.8123412,-3.5499067,-24.356913,-1.0124687,0.017035268,2.4307954,0.8116658,0.9171977,11.498612,0.53009,5.063719,1.709065,16.650667,0.5870289,798.3223,0.33375227,1266.7739,0.27658188,-120.45607,-0.7833643,1771.1528,0.15327345,842.9021,0.43142274,-106.26262,-0.8658739,2961.3145,0.09592122,867.35974,1.0867414,-109.19156,-0.8129936,-4.907663,-1.5609074,16.653088,0.42904606,0.15729864,0.1839457,-0.0016824568,-7.0894613,0.25486523,0.8242999,16.06976,0.77954763,-22.983242,-0.6860118,-11.12714,-1.2784976,-43.500446,-0.4311846,2.1471183,5.4375453,0.0989477,0.0070056063,0.0129306,2.0876827,1.0548524,0.474,0.28018564,0.45,0.50950956,-35.72533,06
44.211113,0.05517225,43.469955,43.928684,46.578285,3.1083298,47.59111,21.65659,50.536945,75.67482,0.4679111,1.0631074,0.010519166,0.33421654,0.9509506,0.9404315,6.9132977,4.489766,6.966659,3.6595833,0.14915326,1.2604382,6.954749,1.9115674,-11.917649,-1.4334677,-3.0072222,-4.0028243,-23.127197,-1.06161,0.0144427335,2.8821025,0.7920211,0.88493717,11.564106,0.5439367,7.3714004,0.86286616,14.291042,0.6381858,783.79626,0.45149645,1151.152,0.34399334,-126.18719,-0.721856,1724.4507,0.18731405,875.75195,0.5724575,-103.062126,-0.89688385,2930.352,0.08056791,641.9479,0.7815301,-105.873764,-0.84575725,-5.698855,-0.9885241,15.842949,0.44571465,0.15717568,0.18356141,-0.0038107831,-2.4465966,0.2774688,0.65879005,14.729744,0.7806556,-22.919586,-0.6618426,-6.289558,-2.2338488,-42.979168,-0.41485628,2.065416,5.3413835,0.09700931,0.007028489,0.012372419,2.282158,1.048218,0.48799998,0.30373675,0.442,0.44754437,-34.225563,06
44.779827,0.034057926,43.64757,44.109844,46.890594,3.243023,29.864548,46.510036,16.830605,18.210728,0.47221553,1.0956378,0.013953112,0.29839173,0.9258628,0.9119097,5.3914547,3.2654023,8.050929,5.3004766,0.12863493,1.3509629,6.738606,2.028518,-13.62379,-1.3465003,-3.2546265,-4.129241,-24.210548,-1.002935,0.007306486,1.7688895,0.72364855,1.1704816,13.527453,0.39460427,5.958996,1.1103101,13.309697,0.77349687,783.08575,0.399795,1202.6134,0.3120362,-126.19778,-0.7225575,1727.3102,0.16672869,843.2843,0.52861595,-104.23254,-0.8927161,2901.972,0.095148124,822.00024,0.79022384,-107.190216,-0.84055805,-5.2970905,-1.2178137,15.422148,0.50948066,0.16253686,0.13892968,-0.0016453948,-6.8395715,0.24337892,0.7350422,14.879875,0.851042,-23.940325,-0.742102,-7.488181,-1.9863645,-44.29716,-0.38850686,2.3049765,5.3230515,0.083202004,0.008443969,0.010404163,1.502146,0.86767894,0.5825,0.42839086,0.438,0.45411015,-34.292564,06
45.262062,0.06336163,43.282303,44.06652,47.25015,3.967846,32.900642,33.99684,31.241137,19.526184,0.64875543,1.145216,0.015543152,0.32269526,1.2687591,1.253216,8.595097,4.440361,11.7783575,8.099575,0.34127542,1.5311176,4.766378,2.4098985,-14.356242,-1.2484462,-0.5319124,-24.38101,-19.904436,-1.2188082,0.021580625,1.5943195,0.8874279,0.6737037,9.28285,0.65796345,6.5953217,1.1246562,11.647567,0.8769928,836.0732,0.41224796,1082.1436,0.3716522,-128.58502,-0.7042531,1827.7332,0.1989799,788.65216,0.42285562,-105.887054,-0.8822606,2931.895,0.109158024,762.8209,0.5164628,-108.134315,-0.8398895,-2.7233102,-2.7623472,13.579644,0.54028314,0.14173207,0.20886344,-0.002377013,-5.1521316,0.67074364,0.8631568,10.527381,1.130835,-25.900616,-0.6565352,-5.2624264,-3.015237,-38.814423,-0.5042459,2.532821,5.238326,0.089728735,0.008044771,0.020574007,1.7817373,1.1261262,0.436,0.37259093,0.35833332,0.36956805,-29.383642,06
45.41113,0.05152412,43.534367,44.589676,47.564587,4.03022,33.085197,22.320919,26.669968,15.05939,0.6436452,1.1627555,0.010924166,0.34716523,1.3107527,1.2998285,15.207324,11.309108,10.021376,6.871451,0.36272502,1.6801319,6.2390256,1.8846086,-13.864413,-1.2359196,-0.39076275,-33.360626,-22.894135,-1.0074874,0.016875977,1.3306046,1.0052587,0.76934135,10.179126,0.5723434,6.6136193,1.1830322,11.703291,1.076999,875.61646,0.3972942,1008.5618,0.37567613,-128.17256,-0.6986495,1882.2947,0.19505464,808.6445,0.37342483,-107.08939,-0.86321354,3014.5454,0.11215059,799.5846,0.585872,-109.39502,-0.82203764,-5.041744,-1.4041258,15.883736,0.49592456,0.15082724,0.22784775,-0.0038062674,-3.2594838,0.7043723,1.0159397,13.023545,0.8401056,-24.939959,-0.61268663,-3.478158,-4.877362,-40.93283,-0.4513868,1.8837364,5.994307,0.10269872,0.005860437,0.030882608,2.2271717,1.1261262,0.43400002,0.37156963,0.35999998,0.45519224,-28.869364,06
44.923725,0.04176378,43.6809,44.261337,46.91675,3.2358513,19.238482,13.667364,25.76323,22.630661,0.6903743,1.049745,0.020955484,0.5036001,1.3634527,1.3424972,7.7112546,4.516309,11.439881,8.577562,0.2799639,1.3703755,5.9899507,1.9172466,-15.1069,-1.1478653,-2.5981257,-4.1838145,-22.686012,-1.053434,0.012879024,1.6545169,0.75558645,0.91409904,11.317333,0.53641933,5.775244,1.1883881,9.472617,0.88400745,783.5119,0.51605594,1083.1594,0.37028503,-134.3188,-0.6543508,1729.0028,0.20053636,824.86633,0.44649345,-103.799545,-0.89564556,2878.9954,0.106938556,758.296,0.5695437,-105.21996,-0.86926866,-4.1139455,-1.4208673,13.212593,0.49682248,0.15799281,0.16546704,-0.0030008564,-3.798935,0.5334763,0.7357939,10.763558,1.1708746,-23.953772,-0.75052136,-4.270404,-3.2856224,-41.907425,-0.41499582,1.9560251,7.2165413,0.0970138,0.004577044,0.0142844245,1.5590202,0.6756757,0.7566666,0.7318166,0.525,0.45702842,-29.888403,06
44.76183,0.06775215,43.487816,44.244545,46.78704,3.2992249,69.3925,69.64665,35.69812,27.777466,0.7089485,1.0877867,0.013163504,0.5165437,1.4035592,1.3903958,8.052741,4.2901845,14.10389,11.147949,0.33063903,1.3074603,5.891082,2.0163274,-14.501323,-1.3128741,-0.96659285,-11.902506,-21.15513,-1.1026399,0.0165094,2.5664053,0.88105696,0.8356027,9.975165,0.5682628,6.2518897,1.3535042,9.626827,0.99486554,766.16754,0.5275332,1032.8127,0.37930176,-136.76585,-0.6278062,1744.3066,0.22655706,822.96497,0.44636226,-103.16451,-0.90121585,2868.3994,0.12066364,721.88074,0.59208477,-105.27536,-0.86226296,-4.1749597,-1.4310739,14.021357,0.42428002,0.15411028,0.18464452,-0.0013800433,-9.220134,0.62985575,0.6677471,11.436975,1.0355417,-25.381529,-0.7234398,-2.4307468,-6.039361,-39.019024,-0.49648908,1.6009394,7.0687385,0.08959911,0.0057951184,0.018776942,1.5695068,0.68027216,0.7466666,0.5073679,0.515,0.45543933,-29.316368,06
32.35521,0.03218309,31.726234,32.037266,33.71843,1.9921951,51.782795,86.39503,7.1411114,3.1157064,0.42878488,1.0422063,0.017572932,0.25370494,0.8415253,0.8239524,5.3854175,3.8115597,6.904492,4.246202,0.11200747,1.1282498,15.59137,0.8785774,-0.60736614,-21.144102,6.9172535,2.2177155,-6.1721783,-2.6628883,0.0084003275,1.0600791,0.94537264,0.98804337,8.609286,0.4406243,-1.0602481,-7.618153,17.054544,0.441694,573.6586,0.5328608,1077.2446,0.22167353,-99.48279,-0.9864818,1651.6632,0.24277869,697.63245,0.5428141,-97.047714,-0.9537755,2691.555,0.16211306,753.0055,0.4314814,-99.17392,-0.91182506,-10.628364,-0.66143847,19.178743,0.41698647,0.11607703,0.27087122,-0.021482088,-0.6423119,0.20037939,0.54695463,25.154375,0.4127775,-0.68432647,-17.865004,9.121771,2.074535,-12.69608,-1.4084707,-3.3011515,12.198844,0.090941206,0.011445058,0.007532484,1.5695068,0.9090909,0.59749997,0.24169971,0.6333333,0.43222934,-35.087128,01
32.355804,0.032043178,31.706512,32.036667,33.77742,2.0709076,36.559246,57.36461,13.132032,10.143542,0.4433656,1.0460569,0.015169224,0.2824231,0.8947935,0.8796243,4.8904676,3.2080636,6.942421,4.129928,0.121238336,1.13473,14.637135,0.96274143,-0.14585532,-71.86869,8.514605,1.7178311,-4.4301934,-3.7996426,0.010875369,1.2770213,0.8201031,0.78232497,8.231522,0.4780382,-1.8065349,-4.187943,15.983628,0.50009334,617.47986,0.5124,1069.9906,0.21902868,-97.62523,-1.004539,1698.1946,0.2348556,698.82153,0.55994326,-95.82065,-0.972359,2751.8513,0.17642483,716.6823,0.42855686,-98.05604,-0.9296545,-10.453268,-0.5936882,18.52369,0.3762976,0.10422755,0.36819795,-0.020992445,-0.6508619,0.21675074,0.5467939,24.970768,0.3750758,-1.5199332,-7.7983913,7.905583,2.3887622,-11.799446,-1.5742723,-1.09894,7.371649,0.07333316,0.011756994,0.004765514,1.5837104,0.6864989,0.79999995,0.7637189,0.475,0.45730186,-34.60889,01
32.33509,0.032579813,31.747822,32.027924,33.60441,1.8565865,39.242855,36.60115,7.6369576,3.487854,0.4079261,1.0301472,0.018389823,0.29804784,0.88500595,0.86661613,5.5166626,3.6836836,4.456503,1.6494665,0.10428026,1.1583382,17.320974,0.8421409,0.56518257,23.921041,8.687019,1.4531847,-1.6649624,-10.325003,0.010404298,1.2457709,0.8902684,1.0226699,8.285715,0.51270527,-0.7594275,-9.941266,14.929565,0.45778012,486.78046,0.5072133,1087.1433,0.19167897,-101.36493,-0.9648094,1551.2194,0.24040806,684.7342,0.40830994,-98.690636,-0.94297606,2524.2246,0.13255978,680.9792,0.2840355,-100.14399,-0.91610044,-10.437996,-0.5949226,18.96834,0.36630067,0.11820207,0.28712028,-0.020676006,-0.6171836,0.18961816,0.5628084,27.657463,0.40253448,-3.0222416,-4.155948,10.989091,1.44978,-9.3208475,-2.0731752,-6.1471653,14.54439,0.06095681,0.009454413,0.005757531,1.6055045,0.6960557,0.77,0.73557234,0.4825,0.43545234,-36.06405,01
32.36,0.0314303,31.691227,32.073505,33.454124,1.7628975,49.812588,58.14174,5.513703,3.161285,0.45722863,1.0202734,0.020067492,0.33351952,0.921638,0.9015705,6.8419466,4.095304,5.828134,3.489502,0.12873687,1.179213,14.001338,1.2378523,2.3087628,5.1275263,7.904632,1.6211352,-3.8804286,-4.708648,0.00760609,1.0813708,0.77330387,0.75505686,8.563504,0.4360421,-1.5807402,-5.387496,15.276943,0.51796407,498.24023,0.6029689,1100.065,0.2772588,-108.87673,-0.8850217,1514.5972,0.2419893,728.89954,0.339408,-97.59522,-0.9592884,2565.4111,0.1439364,610.45044,0.37201372,-100.43394,-0.9055218,-11.376552,-0.72470605,19.16514,0.44883665,0.11621957,0.28639868,-0.023934828,-0.66453147,0.23229615,0.60206556,26.165728,0.4653483,-0.4167765,-29.303988,8.422573,1.955821,-11.680816,-1.7155577,-1.048599,7.874285,0.08776955,0.010803938,0.009605801,1.5695068,1.1337869,0.468,0.2962026,0.48499998,0.42193007,-34.57614,01
32.848545,0.053545117,31.572258,32.15877,35.68985,4.117592,26.930489,33.667515,8.732189,3.5819676,0.46851498,1.0511875,0.036314048,0.31719038,0.7871542,0.7508401,5.2461076,2.6486342,7.827903,4.1695457,0.13120188,1.1850467,18.758997,0.642577,1.6660169,7.8787622,5.7946434,2.7948537,-2.4025464,-7.8227844,0.012201686,1.7964635,0.8222356,0.8774689,8.933671,0.4041453,-0.26180437,-36.298656,15.344255,0.5444186,449.1771,0.51577073,1097.7689,0.26122493,-97.37176,-0.9878914,1407.5612,0.20987096,670.79694,0.43811837,-90.70115,-1.0093405,2542.5405,0.100059144,521.7541,0.47785056,-94.14599,-0.9399544,-11.236292,-0.62627023,20.120352,0.4030908,0.06501572,0.6748598,-0.019018117,-0.7795938,0.21433417,0.7191576,24.470045,0.4661397,3.64357,3.452097,5.4783006,3.7224348,-9.595406,-2.1186938,-7.6235867,16.992617,0.013615645,0.0056384243,0.01733805,1.502146,1.0845987,0.53,0.23443548,0.36799997,0.4254127,-34.180534,02
32.957203,0.056884274,31.605684,32.20603,35.70974,4.1040554,31.217499,29.1554,10.165629,6.0317373,0.40926537,1.1059093,0.020496674,0.2418611,0.8436208,0.8231241,4.0207443,2.510286,5.892868,3.34586,0.10936982,1.243908,19.15354,0.6519203,3.3133366,4.321258,4.6166587,3.5408905,0.5396037,32.108597,0.01357921,2.0464277,0.7887262,0.9316318,8.838168,0.46745622,1.3921896,6.4617977,16.933435,0.56347877,455.34607,0.4733604,1125.343,0.25775832,-95.23416,-1.0242704,1415.6079,0.18645519,738.175,0.41962567,-91.88362,-1.0009756,2544.7249,0.09100104,540.8107,0.39168116,-95.4723,-0.9309482,-11.424022,-0.6430128,20.277456,0.41884264,0.06920795,0.5822116,-0.01649576,-0.8177108,0.18331765,0.75195336,26.164318,0.38017854,4.3905773,3.744784,5.694467,3.6646729,-6.661116,-2.738869,-9.28335,21.07606,0.00017114435,0.010070204,0.0093167145,1.4705883,0.6369427,0.90333337,0.86032295,0.4825,0.4487413,-35.38671,02
32.648045,0.052940886,31.511639,31.902689,34.887886,3.3762474,37.337463,55.795376,14.160508,5.6538467,0.5357584,1.0127121,0.040746924,0.37242916,1.1115799,1.070833,6.2239547,2.5820968,8.826158,4.6527677,0.17954609,1.0771252,15.242352,0.75816125,0.42658347,34.509716,5.544186,2.4526417,1.8724035,10.062395,0.011318827,1.6531687,0.87791705,0.7862908,7.8445644,0.5498236,0.69548625,15.886583,13.947896,0.681317,531.2982,0.5626549,1061.6018,0.23198697,-113.72466,-0.8367141,1573.2258,0.24100275,696.652,0.54837245,-104.64046,-0.88554686,2620.1343,0.15999642,612.86273,0.41573545,-106.555275,-0.85115683,-9.605977,-0.71430844,18.307592,0.40655887,0.08267051,0.4974481,-0.017214896,-0.75332373,0.32916367,0.50108826,21.846474,0.46418443,2.0177813,6.588523,4.9831624,3.6565208,-6.58798,-3.230879,-9.301346,19.612331,-0.009242537,0.0077370037,0.02944506,1.6587678,1.4388489,0.3433333,0.28241026,0.392,0.4149891,-32.629345,02
32.777363,0.0540079,31.500853,31.968218,35.555183,4.054331,55.27988,75.0114,9.857925,5.7226014,0.35412374,1.1131904,0.015275427,0.25551164,0.674898,0.6596226,4.2463284,2.2578273,4.3024325,2.9899032,0.08581914,1.2505232,18.085396,0.79084206,7.9950805,1.708711,3.6245039,3.2422652,5.373298,3.0671878,0.010723933,1.4426196,0.8134833,0.8978587,9.076286,0.45029607,1.13711,8.593034,17.397177,0.52900845,429.7695,0.43125948,1103.4781,0.18699953,-102.142876,-0.9514888,1425.9949,0.17459977,732.0944,0.24389863,-99.58442,-0.92776906,2526.3032,0.08666128,649.55865,0.56527066,-103.08941,-0.86462253,-11.164354,-0.5013986,21.657963,0.37049383,0.09843544,0.33184654,-0.017489135,-0.70323783,0.15519486,0.6759142,26.847805,0.41500753,4.856155,2.8535202,1.5015606,9.919183,-1.9538847,-9.221398,-10.658565,20.602505,-0.0035113594,0.005329339,0.0068993173,1.5250546,0.88105726,0.60499996,0.4069705,0.505,0.42511764,-36.927372,02
32.880745,0.056299217,31.68404,32.139233,35.60295,3.918911,59.78513,67.84436,16.662748,14.958035,0.43788657,1.0334263,0.024050742,0.36076272,0.71222514,0.68817437,4.8468275,2.596363,6.890883,4.365734,0.13895978,1.0828737,18.257498,0.6394714,5.038861,2.8499963,8.428712,1.7856967,4.5787797,4.226544,0.015010057,1.3108261,0.89579976,0.8257788,8.194809,0.4741339,1.8251926,4.889204,14.621457,0.7825615,529.09467,0.44157884,1078.6136,0.22308117,-95.19807,-0.99608815,1553.4607,0.20397252,756.988,0.4506888,-92.6013,-0.9655371,2606.1897,0.13956481,641.48834,0.45730022,-95.39684,-0.90971357,-12.362215,-0.67416567,20.632938,0.37344533,0.025572589,2.2144709,-0.014645104,-1.1642206,0.22388013,0.63862276,24.301195,0.39897355,4.9065776,3.3250182,8.4299345,2.2102165,-1.40692,-15.692697,-13.049335,23.832806,-0.026181871,0.00892096,0.021044768,1.6460906,1.0416667,0.556,0.24936719,0.38,0.39613128,-34.327812,02
32.681297,0.05845395,31.372393,32.095142,35.30165,3.9292583,42.771877,53.03832,14.718155,5.2352953,0.5174789,1.0165225,0.0472952,0.38044196,0.9293737,0.88207847,5.9924064,3.484276,7.2022877,4.302004,0.16605002,1.0836439,16.042368,0.6977039,-1.4190962,-10.094346,5.0810456,3.3879616,-2.4361997,-8.998758,0.01125602,1.2786039,0.87524706,1.0054771,7.913914,0.5600894,1.3558041,7.071047,13.175574,0.7956649,488.7446,0.48320723,1064.2574,0.21118675,-99.42309,-0.9717112,1501.831,0.23079722,663.71136,0.54336876,-95.07345,-0.9697377,2568.8354,0.11984627,535.0489,0.48101515,-96.953316,-0.9302199,-9.657367,-0.77691793,18.36171,0.39603174,0.046367697,1.0414464,-0.015448147,-1.0022303,0.27325466,0.6361038,21.996695,0.41688836,3.038298,4.1226487,5.9309874,3.5094986,-8.150623,-3.084866,-5.568429,16.222803,0.034019772,0.011548559,0.0319826,1.6949153,1.0706638,0.516,0.21029502,0.394,0.4162499,-33.198643,02
32.924797,0.11794382,31.557957,32.113068,35.5739,4.0159416,186.29506,130.85303,18.735838,13.7843275,0.4574547,1.006579,0.070257016,0.37568277,0.69905657,0.62879956,4.779151,2.1701238,5.6231093,3.78854,0.12672263,1.137943,17.31503,0.82113266,5.516312,3.0847228,2.7360313,5.0716295,2.5623114,7.1856756,0.018084815,2.6621027,0.8134442,1.0194602,8.990836,0.45079768,5.065416,2.2534838,18.667698,0.47006074,485.53128,0.51721776,1153.2034,0.22822158,-102.27151,-0.93633354,1497.1345,0.22159828,795.30426,0.335558,-96.361404,-0.93448436,2583.8477,0.111535415,619.49884,0.42822343,-98.601105,-0.8860948,-14.190379,-0.6251345,21.519537,0.382472,0.052956752,0.98439527,-0.018823147,-0.8391199,0.20704722,0.70381564,24.886456,0.46753165,9.736367,1.5724194,6.1659555,2.540465,-3.2317884,-6.4805307,-6.5543327,18.654146,0.001998177,0.010786527,0.023183664,1.4112903,1.01833,0.552,0.36874923,0.34,0.3863073,-34.328075,02
32.697422,0.05495447,31.49469,32.00592,33.476654,1.9819641,81.42303,80.28287,11.045671,7.295655,0.5279303,0.97047305,0.03794415,0.44712716,0.94015425,0.9022101,4.1404815,2.0464823,6.036696,4.2973824,0.13605852,1.1502655,15.893409,0.8220956,2.5590153,6.140901,1.9129468,7.8047986,-1.8964196,-11.756888,0.009653704,1.6582093,0.7192489,1.0195938,9.439245,0.3497483,3.2438023,3.2495015,15.229625,0.48083985,481.47903,0.56837845,1069.8419,0.2021962,-104.72311,-0.9198581,1501.0306,0.24128526,645.01886,0.49226093,-94.43989,-0.9715212,2559.5383,0.13360432,491.6658,0.3921034,-96.72633,-0.9255315,-12.164144,-0.5725343,19.995338,0.33576405,0.079002485,0.6325994,-0.018797718,-0.8448543,0.22545901,0.691096,23.301546,0.42095137,5.961725,2.119218,4.9284196,3.427955,-7.188433,-3.5129716,-5.588369,16.029345,0.05306452,0.010589144,0.02191835,1.3565892,0.97847366,0.57199997,0.3937207,0.35666668,0.40655735,-32.930984,02
33.444313,0.05988777,31.939295,32.519108,35.920605,3.98131,94.28367,127.81447,17.726385,8.49651,0.7219642,0.94055283,0.0789683,0.52792287,1.3276807,1.2487124,8.646945,4.3857718,9.978632,6.1160536,0.2663274,1.240731,16.134567,0.7555955,-4.817752,-2.4933915,2.581229,6.3409176,-4.5413404,-4.688568,0.011798122,1.5290289,0.80733335,0.95963466,8.617983,0.4093749,-0.010116373,-1323.3634,14.2888565,0.5614,654.6141,0.51073307,1031.0786,0.23270987,-106.25072,-0.9233302,1740.954,0.2374823,620.1565,0.58004445,-94.764175,-0.98623896,2792.1875,0.17472063,552.6461,0.506728,-96.6444,-0.94834656,-9.101109,-0.81398,18.25947,0.40259027,0.088658,0.5105206,-0.015507814,-1.0455533,0.45051888,0.75657636,23.055025,0.48523188,-3.86911,-3.1815608,4.3351765,4.6147733,-12.726173,-1.881217,0.22468702,12.277175,0.063687615,0.015437415,0.03942682,1.4613779,0.8438819,0.6525,0.43550974,0.408,0.4595824,-29.404068,03
33.167706,0.060871072,31.856438,32.293236,35.66362,3.8071823,58.31501,34.914032,26.770485,44.806183,0.60498005,0.9888471,0.049030066,0.3855756,1.1962817,1.1472516,5.389678,2.839231,8.985992,4.7035756,0.18862489,1.1060026,16.13208,0.7521545,-2.5806768,-4.8597918,2.460399,7.0676646,-1.7381574,-12.191336,0.019887377,3.160906,0.8334108,0.81786484,8.218301,0.5065707,0.3557956,32.473476,13.3588705,0.5745528,528.78485,0.53849864,1045.6869,0.17879046,-98.616745,-0.98699695,1580.9608,0.24714352,630.77783,0.5701131,-89.726616,-1.0361172,2627.3079,0.15581499,558.5306,0.47475147,-92.11992,-0.98383784,-9.284217,-0.78191155,19.218044,0.3782593,0.102435686,0.3892898,-0.014381872,-1.0226789,0.3155353,0.60354584,22.861782,0.44973907,-0.8011469,-16.6588,4.205559,5.1781015,-8.807566,-2.8026404,-1.3488421,13.001891,0.045826305,0.015551737,0.013502737,1.483051,0.6423983,0.90333337,0.87446487,0.62666667,0.42897812,-31.330368,03
32.871952,0.059548747,31.666069,32.189125,35.09763,3.4315605,43.877148,34.59575,18.661669,10.903379,0.60043025,1.0059578,0.021798532,0.48054975,1.1592598,1.1374613,7.230156,4.120301,8.174215,4.6811094,0.24697794,1.1360551,13.925613,0.92454267,1.9582402,5.9713993,4.605697,2.8625035,1.9465545,10.131214,0.012648123,1.1171466,0.8122603,0.73620594,7.5197678,0.46913958,3.2367725,3.5316293,14.672459,0.5164368,597.73505,0.5289997,1064.973,0.21888867,-111.36106,-0.8423806,1653.7584,0.24723376,661.38586,0.51513004,-103.74051,-0.8792546,2664.2598,0.16301179,700.77594,0.48444253,-105.35384,-0.8506886,-9.860446,-0.56808716,18.288467,0.33010274,0.07806943,0.6572476,-0.015441623,-0.93549865,0.4478634,0.57178897,21.820938,0.46110228,1.685536,6.724756,5.6279,2.6812527,-4.2983866,-5.512406,-5.2724395,15.258723,0.027047303,0.0121086165,0.03656476,1.7699115,1.3422819,0.37666667,0.22837591,0.29714283,0.37938723,-31.026636,03
33.082302,0.051359195,31.695717,32.31469,35.538258,3.8425407,127.94139,216.09892,12.745054,12.662802,0.68269,0.990321,0.04567531,0.5438597,1.2610059,1.2153306,8.715097,3.9267526,8.155243,5.6021137,0.27363238,1.2502201,14.897165,0.82903796,-1.427936,-9.534717,2.9940517,4.721833,1.5619432,10.951211,0.013225379,1.6988283,0.9802908,0.8445463,8.106975,0.4866025,2.809929,4.014028,14.544171,0.5055087,608.97766,0.49238488,1064.8116,0.20817652,-114.33564,-0.84357697,1680.2731,0.2203871,653.49756,0.45353004,-102.42519,-0.91067314,2728.495,0.16866916,605.7355,0.31902668,-103.78763,-0.88549435,-10.183428,-0.65019,17.759832,0.34979412,0.0843344,0.48001906,-0.01635997,-0.8184002,0.4838742,0.7189877,22.341066,0.46049687,0.6551266,20.30103,4.339618,3.890282,-4.101791,-4.959389,-2.8033307,13.984969,0.055694696,0.013217597,0.049969662,1.9911505,0.67114097,0.77,0.79954153,0.5225,0.41894957,-29.757994,03
33.624966,0.08663779,31.747814,32.40187,35.932392,4.184578,64.13746,98.645874,18.727049,13.472349,0.86081827,1.0394269,0.03721136,0.50208414,1.6128355,1.5756242,9.720564,5.8646626,10.527352,4.9665985,0.40776074,1.2284172,13.260904,0.7586852,-0.81888753,-14.450166,5.696935,2.8189082,-1.7683176,-13.948651,0.01605455,1.5473546,0.91790545,0.69252735,6.455783,0.63314503,-0.85822517,-12.705685,11.7513895,0.61111206,725.6125,0.45609942,936.75366,0.28993383,-101.844666,-0.94230056,1858.2686,0.22643127,602.4497,0.47330624,-93.63827,-0.9803342,2891.3857,0.13181992,631.6764,0.5952448,-95.35894,-0.9459687,-6.6108947,-1.0789813,15.565671,0.4375803,0.0771999,0.59026855,-0.014804629,-1.0980908,0.6944046,0.73101646,17.68107,0.5398157,-3.9868526,-3.0805771,5.7793407,3.4763386,-14.520141,-1.7900099,-8.311987,20.50163,0.018492542,0.010278083,0.048383966,1.5486726,1.7897092,0.305,0.25089836,0.23124999,0.29972643,-27.170227,03
32.79913,0.1160232,31.465624,32.399242,35.98131,4.515688,240.53404,233.00735,36.286156,33.975033,0.92530125,0.94142,0.11101095,0.6324069,1.6798111,1.5688002,11.121194,5.9942245,8.348551,5.1869826,0.5268,1.2088693,12.835464,0.7969798,-2.4657915,-4.8491178,4.295333,3.7828128,-1.2162534,-20.564634,0.022786446,2.5482872,1.0720769,0.78997403,7.0624733,0.5141868,1.1206509,17.462824,13.016678,0.60577744,703.115,0.47773355,966.75433,0.30216625,-108.49019,-0.8891667,1832.9048,0.24737589,582.8656,0.44333017,-101.05449,-0.9254218,2861.7317,0.15253536,610.55365,0.5705906,-102.60737,-0.894628,-8.388705,-0.8109614,16.683554,0.42188388,0.05116319,0.958457,-0.017942797,-0.8263988,0.8574925,0.7792132,18.768324,0.4456533,-2.0445812,-6.459155,5.3998303,3.8724637,-13.289874,-2.1018324,-7.0512214,18.61869,0.0045183627,0.009747859,0.16990134,1.7699115,0.8948546,0.5825,0.3982069,0.41,0.4499778,-26.268345,03
34.734287,0.13266137,32.0331,33.467175,37.07018,5.037079,119.00986,51.5353,63.407818,45.726246,0.9892111,0.95691127,0.12197653,0.64064634,1.7852148,1.6632383,18.056288,12.909313,8.259542,4.938099,0.5082382,1.2598169,13.592847,0.8163689,-1.0388312,-12.25996,4.264092,3.432283,-4.24673,-5.9072976,0.040032584,2.1304972,1.0528449,0.75780195,5.9228177,0.7174622,2.3517053,5.275373,13.227092,0.81680095,889.4435,0.32900167,894.64465,0.39017013,-83.34532,-1.0995419,2020.7991,0.17708203,635.6001,0.47692394,-78.59971,-1.1025716,3070.0513,0.13507506,689.6524,0.47889167,-80.697685,-1.054406,-8.001393,-0.93337667,16.847519,0.46658435,0.09358986,0.47271338,-0.013762132,-1.2410699,0.7620612,0.8843946,16.85479,0.61315066,-2.4303854,-5.7762833,4.209494,3.9636102,-12.657597,-2.1405272,-3.2132394,12.256745,0.053284436,0.0075913076,0.05630589,1.6460906,2.0790021,0.302,0.32609203,0.159,0.14693195,-25.723442,03
33.42806,0.10516534,31.922405,32.70923,36.58719,4.6647835,230.43994,280.24615,1.8750229,54.82812,1.156512,0.88193846,0.17172705,0.83050865,2.1475444,1.9758173,13.645679,10.265075,10.902227,4.594392,0.61985886,1.1634892,12.244667,0.88281834,-6.147465,-2.4092662,0.32850945,44.873272,-6.1392856,-3.7844298,0.018912336,2.0470674,1.0119553,0.73190933,6.6824656,0.5159125,0.005768744,2231.346,11.8943,0.63103217,912.0892,0.31654674,900.261,0.37833902,-95.51572,-1.0237433,2043.6104,0.17815565,662.24347,0.59538525,-90.74582,-1.0306627,3024.3147,0.118965626,805.3174,0.49868077,-92.337585,-0.9976354,-7.6466265,-0.9079441,15.258344,0.49053773,0.078736134,0.57283276,-0.017943338,-0.8356685,1.0059401,0.7422909,17.38126,0.479778,-6.3802814,-2.3280423,2.0988593,8.309974,-14.058155,-1.906311,-2.9722464,13.616246,0.0453388,0.006321345,0.13031195,1.6701461,1.2738854,0.44,0.32690468,0.32166666,0.34633395,-24.70589,03
32.618965,0.042674538,31.52554,32.16617,34.391922,2.8663826,74.69559,100.06223,11.190942,2.9740236,0.5740809,1.0487553,0.015409361,0.37298906,1.1666268,1.1512175,6.4135127,3.9980297,8.302602,4.9175105,0.17827478,1.1507827,16.304762,0.78628534,1.1181424,10.188042,8.673948,1.7975067,-2.7007055,-7.0912194,0.009861482,1.2330289,0.7876512,0.872975,8.519138,0.43338367,0.6807393,13.967112,15.439677,0.45920414,720.4109,0.45781547,997.78424,0.27550203,-96.867195,-1.0033178,1821.8762,0.21444795,597.8085,0.44728753,-93.37716,-0.979587,2804.903,0.13315307,687.90674,0.5562594,-94.62029,-0.9551514,-9.883241,-0.62829244,17.967083,0.3681366,0.09239132,0.5121143,-0.015219582,-0.942733,0.29456383,0.6804959,24.186481,0.38171864,-2.0306673,-6.313123,10.410343,1.8414546,-9.7745075,-2.2504416,-11.03084,20.940468,0.022148779,0.009452813,0.02714202,1.502146,1.0845987,0.518,0.27701262,0.4725,0.45855072,-31.674416,04
32.673985,0.044747636,31.844255,32.23441,34.827038,2.9827824,19.35219,12.07612,10.167436,4.857774,0.37809074,1.1760417,0.011963185,0.22562039,0.67415476,0.66219157,4.242318,2.8556464,6.1849365,3.895872,0.105756655,1.377829,19.654716,0.8496177,1.7399919,5.9178405,6.6141686,2.134013,-4.01496,-4.252015,0.009564127,0.9378881,0.7240023,0.90784293,9.540038,0.31702566,0.916094,10.910602,19.653467,0.43779612,511.68008,0.577331,1153.6259,0.2246722,-99.70461,-0.9781728,1474.4855,0.25018656,801.1996,0.3758755,-95.5104,-0.96439475,2547.0103,0.12824976,621.7076,0.4157581,-99.61826,-0.88734305,-13.826272,-0.49485445,22.519419,0.3460458,0.10436538,0.3557142,-0.015877273,-0.9343291,0.18589354,0.8235899,31.890453,0.3249111,1.2797445,9.575954,9.720193,1.8233042,-9.530974,-2.1060705,-3.2647467,10.735239,0.08944768,0.0136967385,0.0069948463,1.4403293,0.6237006,0.89666665,0.9431272,0.5125,0.473623,-34.764126,04
32.60782,0.045847464,31.528027,32.08739,34.62635,3.0983238,29.323433,17.183617,8.792546,6.9596252,0.5400832,0.928886,0.023927964,0.39241347,1.025109,1.0011811,4.229494,2.288435,6.601292,3.829924,0.15074447,1.056765,17.933216,0.9004732,-0.8774218,-16.298027,8.192885,1.5270705,-3.8629057,-4.9326777,0.010425338,1.2884552,0.84349793,1.0105469,8.822548,0.4528003,3.060435,3.6471395,16.271824,0.50155157,590.5551,0.54608864,1050.9021,0.18618047,-91.78189,-1.0579664,1654.8766,0.23980297,631.62067,0.48994017,-83.81434,-1.0824877,2662.6458,0.13599318,562.73615,0.3008804,-85.85348,-1.0376374,-10.768887,-0.66286325,19.240149,0.32870877,0.1152945,0.33319423,-0.014985143,-0.9836945,0.23382095,0.645127,26.8599,0.40526348,-2.6649191,-5.2131386,11.204346,1.2752683,-9.564488,-2.2766633,-7.1280427,15.786236,0.05467062,0.011157818,0.020722745,1.3487476,0.77821016,0.78749996,0.32041964,0.4725,0.39416844,-32.540363,04
32.459236,0.044921152,31.64096,32.014645,33.226334,1.5853729,93.09382,80.31185,46.29497,91.98216,0.57275456,0.90473574,0.036988586,0.45038593,0.97975004,0.9427614,4.889953,2.9931316,8.415618,5.6348257,0.16047259,1.1714221,15.823754,0.8653878,1.1164602,12.142801,7.948862,1.5586658,-7.387059,-2.661115,0.010327026,1.4785848,0.7970078,0.9435366,8.546181,0.49436617,1.5285182,6.3813167,15.581973,0.45356566,676.5283,0.48552394,993.34937,0.24193025,-97.38946,-0.9927029,1789.1793,0.24168713,592.3995,0.5783679,-90.3865,-1.0160469,2755.3025,0.14732108,661.87177,0.481773,-91.97033,-0.98440844,-10.952768,-0.57657975,17.70368,0.37751576,0.10555152,0.3638868,-0.01835389,-0.91586375,0.26602846,0.6965364,24.16366,0.4178882,1.0254427,12.397917,11.704127,1.17903,-13.6397705,-1.6542771,-3.2551699,11.522362,0.07289,0.0063295346,0.015835349,1.4314929,1.0330579,0.556,0.36064383,0.38799998,0.4149891,-32.573452,04
32.826828,0.04856514,31.817873,32.33664,34.683205,2.8653316,75.697754,67.723236,37.70862,71.21057,0.8255779,0.9561766,0.11109341,0.4587291,1.5619,1.4508066,7.999125,4.451992,10.340363,6.3972664,0.34709853,1.1025465,16.98794,0.7698039,-5.250327,-2.0245552,9.86701,1.5899394,-2.679638,-6.908896,0.017026316,1.5157496,0.93428385,0.8997054,8.21345,0.4397116,-0.7436218,-16.873386,14.843481,0.50852484,869.88367,0.34576994,978.0739,0.25842553,-90.59902,-1.0760951,1964.1417,0.17301314,652.4331,0.40516183,-88.8553,-1.0586114,2977.7224,0.11979248,681.4049,0.39190638,-91.63925,-1.0005839,-9.286574,-0.5813336,17.193419,0.35258335,0.09706493,0.5079838,-0.014050798,-0.99054,0.55008197,0.71074533,24.63482,0.31241503,-7.3312716,-1.7169632,11.8959675,1.5939075,-9.828681,-2.1297429,-10.960332,19.448853,0.030763695,0.0070461105,0.069742136,1.9313306,0.6507592,0.8866666,0.2917,0.62333333,0.42593688,-27.260286,04
32.86233,0.053621296,31.673025,32.27544,34.51607,2.8430462,124.97476,132.97554,17.130354,18.109129,0.68912137,1.0617745,0.024102801,0.43657565,1.2252084,1.2011056,10.187637,7.5461316,7.1238694,4.3619313,0.26214698,1.3792483,16.904575,0.7991561,-3.3427942,-3.4344988,10.685295,1.4781922,-6.07549,-3.283179,0.01021523,1.61786,0.8421987,0.8196079,8.577209,0.3724309,1.8503648,5.6787357,15.896205,0.42519978,829.3757,0.37376052,977.07184,0.28431708,-96.051445,-1.0066043,1947.4706,0.17775647,644.0181,0.42765796,-91.745735,-1.0101607,2921.5996,0.13009247,682.5705,0.28159773,-93.38681,-0.9776187,-9.9761,-0.54732776,17.045574,0.3580622,0.09119342,0.5282954,-0.016683333,-0.946342,0.4434146,0.8780721,25.046839,0.36663434,-5.9014697,-2.1099677,12.856822,1.4869205,-14.184501,-1.5392053,-4.6537414,12.747492,0.050341178,0.009946676,0.019591283,1.6460906,0.83160084,0.6825,0.49428612,0.39799997,0.44923934,-29.497868,04
34.331455,0.100046195,31.974016,32.637466,35.798935,3.8249187,98.17133,64.778145,54.263176,100.66834,0.72302717,0.94347703,0.052716613,0.44529438,1.4122803,1.3595637,7.463452,3.7634194,5.949215,4.1294265,0.28551406,1.1343575,16.138796,0.7382814,3.891576,3.4435985,7.3973966,1.9855077,0.5682706,40.34592,0.02114355,2.1432343,0.89920735,0.9723918,8.712435,0.37086916,5.2146063,2.2786314,18.190203,0.41573054,804.2984,0.35435522,1013.4858,0.27302992,-94.46142,-1.0107442,1917.7029,0.18006796,685.011,0.62015676,-87.84086,-1.0098652,2939.7437,0.14939846,733.1928,0.4696208,-90.225,-0.9621975,-11.197138,-0.55268055,20.081793,0.34664047,0.04807406,0.9694431,-0.012655866,-1.3367584,0.4554557,0.6991078,22.454588,0.38206187,-0.30845818,-47.046413,6.143101,2.7712972,-6.416378,-4.1586595,-16.475554,26.14315,-0.016063744,0.007306877,0.030209918,1.6949153,1.2847966,0.46166667,0.43651712,0.28666666,0.26100233,-28.800032,04
33.256065,0.096585646,31.72033,32.203148,34.556168,2.8358383,116.91582,74.80956,22.283054,10.308109,0.70838207,0.9093852,0.0928769,0.50916904,1.347455,1.2545781,7.575348,4.2685857,6.545836,3.6387103,0.2869576,1.0945141,13.975432,1.1235749,-0.40266252,-32.401814,8.728064,1.5140553,-1.3862942,-14.485009,0.021351261,2.346672,0.810807,0.7935333,8.854373,0.36928403,1.2623742,9.027309,14.645038,0.63911897,622.1859,0.49296892,1109.5701,0.19479364,-101.0723,-0.9714711,1684.5723,0.22849792,730.6065,0.52211994,-91.78426,-1.0072384,2699.6855,0.15847872,667.9636,0.4907604,-94.439445,-0.95440435,-11.1219425,-0.5242153,19.359304,0.30869088,0.017797409,2.7010508,-0.014894223,-1.0872091,0.46883163,0.65566516,24.43836,0.3603704,-1.187002,-10.632742,8.797695,1.8575917,-5.8094926,-4.1560493,-4.874155,13.943009,0.010778935,0.011451621,0.049593266,1.6806724,1.0615711,0.52599996,0.3035523,0.32166666,0.36466494,-28.660862,04
32.331944,0.06863257,31.401472,31.983536,34.333923,2.9324512,205.04303,189.63985,33.96503,44.72625,0.8100557,1.0351921,0.043045092,0.4358825,1.7623156,1.7192706,9.365521,6.391227,10.953734,6.6593914,0.30651006,1.1837889,10.7699795,1.0915353,-2.8779597,-3.6248305,8.252476,2.038366,-10.873743,-1.9087255,0.020249365,1.8447611,1.0446672,0.88494664,6.6081905,0.65189224,-1.5188587,-6.2726903,12.122324,0.567164,791.7055,0.42400768,905.7893,0.40645793,-100.6949,-0.9622734,1870.192,0.21206889,621.01715,0.50304085,-92.66336,-1.0293242,2923.9727,0.13538674,569.6217,0.6153921,-95.28494,-0.9738653,-6.680358,-0.8594441,14.986098,0.4172024,0.076825604,0.64589983,-0.015469544,-0.9246664,0.5458127,0.6097166,17.919626,0.5260673,-4.9044075,-2.3215556,10.336559,2.0304286,-19.096626,-1.1781616,-3.3779528,10.485442,0.07234461,0.008825964,0.013703567,2.0179372,0.9070295,0.60749996,0.41178724,0.378,0.4344836,-28.319952,05
32.42009,0.050447006,31.221909,31.902962,34.76238,3.5404701,49.61738,33.977016,9.459967,4.8160267,0.8077836,1.0090793,0.057236582,0.46718612,1.7115865,1.6543499,8.435997,5.531618,12.885592,8.415816,0.2825046,1.1403863,12.627478,0.9086371,-1.9985243,-5.6153464,6.892581,2.7013476,-10.123271,-1.8939799,0.013685617,1.8141354,1.0109155,0.9416423,7.52648,0.5304952,-0.46524164,-20.455296,14.262396,0.47454238,854.23834,0.3785519,894.22614,0.33909005,-100.02138,-0.9690562,1955.267,0.19516195,658.5101,0.6823099,-92.48583,-1.0249251,3052.6865,0.14086965,665.08514,0.76955366,-95.26012,-0.96874607,-7.2605157,-0.74424064,15.351557,0.4544133,0.10347886,0.3381215,-0.01762017,-0.83249396,0.49491715,0.58846074,19.262178,0.46686324,-4.025883,-2.758268,8.168135,2.8387187,-18.304544,-1.1192545,-5.1102524,13.044603,0.081606574,0.007414425,0.018107265,1.5250546,0.88105726,0.6275,0.41649577,0.38799998,0.43906265,-28.286924,05
32.92888,0.13628855,31.678347,32.32477,34.638157,2.9598103,73.027916,33.462387,98.027435,40.755863,0.83559096,0.93053395,0.068843886,0.6912687,1.522438,1.4535942,8.776937,6.7974544,7.889377,4.3934636,0.29344222,1.0353683,10.863457,1.3268504,-1.4668761,-9.325354,7.6851974,1.8572323,-14.692805,-1.5698396,0.020840088,2.646896,0.866601,0.7960771,7.22512,0.5931297,-1.4917383,-6.5012197,13.12867,0.7156785,900.0538,0.30034107,840.93976,0.3761644,-96.683655,-0.99763054,2033.9487,0.16081244,602.9782,0.5709328,-93.1039,-0.99861693,3038.7466,0.109446354,635.63196,0.6873394,-94.83465,-0.96510077,-7.511729,-0.7395376,15.118668,0.44296798,0.101072244,0.39049467,-0.01894072,-0.85323036,0.50118977,0.51195085,18.74813,0.5921732,-2.3760173,-6.59853,12.340448,1.2846661,-24.581194,-1.0384444,0.62596303,5.7256393,0.10166045,0.0053295535,0.030776868,1.6460906,1.0395011,0.534,0.41301817,0.404,0.41146567,-28.881353,05
32.122078,0.08227891,31.433228,31.976856,34.45032,3.0170937,220.68254,353.97784,16.538694,13.692712,0.8277946,0.9679527,0.063643165,0.61552346,1.7429185,1.6792753,8.157616,5.230327,11.581845,6.502943,0.29892692,1.1291928,11.002105,1.3701383,-5.0652423,-2.5650983,10.940859,1.2654637,-9.786017,-2.0414622,0.012538399,2.404362,0.87907964,0.89993715,6.850484,0.6797045,-0.4278468,-20.683306,12.999297,0.5101161,949.752,0.28630164,877.7834,0.3719378,-102.407196,-0.93500936,2015.979,0.14221731,702.2362,0.47263062,-98.2972,-0.96409345,3078.6033,0.110698484,678.64746,0.4400803,-100.76935,-0.9159331,-6.1690216,-0.9255633,14.292813,0.43337253,0.111638464,0.34261048,-0.015424226,-0.9224378,0.54191095,0.55501723,20.360939,0.55051714,-9.852519,-1.3787639,11.73378,1.4993658,-18.408815,-1.1803563,-1.572217,9.088666,0.08089787,0.008569491,0.03421201,1.5486726,1.3422819,0.3866667,0.3008137,0.29142857,0.37782946,-28.61348,05
32.955875,0.10540372,31.511024,32.322952,34.809883,3.2988586,181.07243,241.62689,43.252953,48.891033,0.9998238,1.0296918,0.07656776,0.53947604,2.0187836,1.9422158,11.734411,7.6739774,14.641707,10.363008,0.45310837,1.1749784,9.194268,1.1983349,-5.527847,-1.9187346,11.211559,1.5844592,-10.35029,-1.9856483,0.024102092,2.658013,1.0657631,0.78508323,5.881111,0.71830577,-3.0549207,-4.071157,7.807012,1.415241,877.09186,0.32778373,834.75116,0.3422182,-102.667015,-0.9543397,2025.3345,0.16654134,527.53394,0.6671691,-99.91209,-0.953075,2996.3052,0.10805744,688.626,0.40503007,-100.54162,-0.9401659,-5.179484,-1.257972,12.819555,0.54129624,0.07834821,0.5884437,-0.015541447,-1.0223306,0.8433034,0.57045937,15.795123,0.58120245,-6.537561,-1.83244,11.960648,1.9792427,-20.128046,-1.147379,-0.9854276,9.332494,0.05392907,0.01010694,0.037596665,1.8348624,0.92807424,0.555,0.37619808,0.39999998,0.45077708,-26.046356,05
32.805435,0.10215942,31.466738,32.283203,34.69781,3.2310734,157.63449,231.7963,52.491047,39.400753,1.0090708,1.056254,0.09889432,0.4661752,2.0555353,1.956641,16.583302,13.068733,15.51621,10.5294,0.45281303,1.3056871,8.8748865,1.3522956,-4.3953824,-2.6939986,11.611848,1.5459998,-10.092516,-2.0474124,0.019759534,1.7675471,1.0848923,0.8454136,5.8475385,0.747643,-0.76533914,-12.717993,8.307974,1.1050662,902.6995,0.32502073,803.34064,0.43146157,-98.73487,-0.9813664,1992.7991,0.1660283,664.7209,0.65719104,-97.6875,-0.9735495,2993.6885,0.10349647,724.61304,0.7105529,-98.46333,-0.9581152,-4.8813076,-1.260904,11.647253,0.5188472,0.06965572,0.7589168,-0.015491373,-0.97678924,0.816453,0.74994946,16.44392,0.546537,-8.67051,-1.4810389,15.855158,1.3981931,-19.518465,-1.1943438,-1.0009439,8.489131,0.06727183,0.009460445,0.05498343,2.050114,1.3824886,0.375,0.275968,0.325,0.40766612,-26.324348,05
33.529396,0.084673576,31.81389,32.53229,35.30891,3.49502,191.57713,142.48697,30.896986,28.929922,1.1449294,0.98527956,0.14539942,0.6378752,2.3531444,2.207745,10.904435,5.6539116,15.307397,6.952312,0.571674,1.1608622,9.518967,1.3745028,-9.258688,-1.5478954,10.983842,1.6632526,-9.821774,-2.1640413,0.023147587,1.5878379,1.3193233,0.8194391,5.3703656,0.6915882,-0.15275909,-66.38392,9.790225,0.69799554,962.25354,0.23358674,791.0117,0.47436622,-102.63584,-0.9446927,2088.4453,0.12054432,606.18713,0.5975535,-100.96327,-0.9490156,3069.8674,0.093098454,815.37897,0.40739635,-102.06114,-0.9284716,-4.6084566,-1.4969527,12.564759,0.5446254,0.09348528,0.5174284,-0.016782904,-0.9849104,1.0530968,0.565562,16.789093,0.56758153,-10.9865265,-1.3447233,12.867985,1.7080532,-19.479866,-1.2584468,-0.09712799,9.896544,0.044082776,0.007412685,0.08364679,1.5350877,1.5521065,0.31857142,0.16322015,0.26624998,0.35534972,-24.753714,05
32.395683,0.058686513,31.391537,32.241543,34.280167,2.88863,132.82494,152.87225,29.982653,25.87684,1.059219,0.95332927,0.1605514,0.6060492,2.1452427,1.9846913,12.225065,7.1312027,12.412122,6.1846356,0.49655366,1.1573862,9.850976,1.2129858,-7.1058106,-1.717567,9.19795,1.74708,-11.760858,-1.8384522,0.017788697,1.3223888,1.0278183,0.7869108,5.473294,0.6840957,-1.8738078,-5.3307676,8.501779,0.9830683,901.4234,0.2901437,845.00446,0.41668838,-104.90345,-0.9310536,2044.2148,0.15871002,538.7933,0.6039119,-100.41924,-0.94521326,2992.0095,0.100884944,738.5275,0.36722562,-100.592224,-0.9416394,-5.3312535,-1.0460112,12.518594,0.47715366,0.082870506,0.55200386,-0.017976195,-0.87160635,0.907707,0.5829889,16.652971,0.60710824,-7.5961404,-1.7139951,13.09676,1.426908,-20.856108,-1.2217911,-1.0093282,10.308284,0.059021764,0.0051406873,0.06426993,1.7937219,1.3605443,0.37166667,0.19411479,0.34,0.3902136,-26.02814,05
32.700825,0.086886905,31.457355,32.40019,34.740612,3.2832565,232.37671,273.18567,60.28431,69.83211,0.54321104,1.0540328,0.06390703,0.32778883,0.96310437,0.89919734,8.911001,6.2372527,7.0308576,3.9285083,0.23260128,1.1099284,17.677794,0.6074878,1.2870905,8.269695,11.395738,1.2688714,0.45433363,39.49921,0.025111798,1.9272269,1.0488834,0.7192937,7.1212616,0.56658113,1.7344195,5.6696906,16.689657,0.55130595,740.01263,0.43619084,1011.6839,0.2729955,-103.208084,-0.91907054,1798.743,0.21046849,768.3317,0.56135166,-98.23697,-0.9251638,2879.8967,0.16266376,616.56476,0.4231523,-100.783325,-0.87844485,-10.554004,-0.709318,19.011747,0.42841956,0.04275098,1.3526862,-0.012075082,-1.033798,0.38960707,0.65338963,22.00043,0.5061723,1.7753804,6.9166336,10.9318,1.647083,-7.234537,-2.753546,-15.34441,27.368841,-0.02384559,0.008508378,0.04502616,2.1479714,0.9661836,0.565,0.64561987,0.35799998,0.32950872,-32.2439,06
32.54982,0.04773414,31.32214,32.154484,34.56938,3.247242,61.315514,80.159355,22.047377,13.250686,0.49823803,0.96868324,0.067543976,0.293625,0.99432397,0.92678,7.70425,3.855717,5.5436306,2.5336916,0.17895932,1.1254843,17.589453,0.6520897,1.5988852,7.127699,10.346172,1.4140764,0.23214315,74.59723,0.015055688,1.1627121,1.072661,0.79117733,7.7987404,0.3844589,4.1438417,2.1575115,18.134441,0.4968487,698.34607,0.48068932,1001.1531,0.26223075,-98.35898,-0.9287788,1707.1108,0.20390075,746.896,0.47637978,-90.487724,-0.97288686,2796.8367,0.13016112,684.81415,0.433321,-94.35322,-0.8997227,-10.824724,-0.75161856,20.046251,0.5214647,0.043864384,1.2517257,-0.0087336395,-1.4193709,0.28402457,0.69882655,22.466593,0.45461902,3.3188095,3.5152693,12.520172,1.3759509,-1.7510012,-11.4668865,-4.9988747,15.240934,0.034924835,0.0063903467,0.025615962,2.347418,1.4251782,0.41,0.1929594,0.26833335,0.29605272,-34.611473,06
32.256927,0.065967344,31.4225,31.769806,34.43592,3.01342,258.30704,252.1198,14.946162,10.837327,0.35786977,0.9526261,0.028886456,0.25173727,0.7149722,0.68608576,3.1997504,1.8336617,5.654097,3.559108,0.08355603,1.0470423,16.873095,0.8908901,1.9579202,6.3372507,6.3154173,1.869994,-1.1538792,-11.869636,0.026244948,2.8900375,0.95610875,1.0120572,8.379453,0.55207014,-0.0200305,-557.9747,18.298698,0.56701463,577.1338,0.5112232,1073.0928,0.20201592,-101.230865,-0.94780463,1621.5858,0.21849151,694.30444,0.38632455,-101.34256,-0.89826244,2694.8164,0.16658813,624.8575,0.32607472,-104.18486,-0.84864783,-11.568947,-0.46190757,20.030807,0.30530345,0.10033026,0.38883084,-0.015323977,-0.7633742,0.14931192,0.47035646,26.370237,0.4466442,4.898717,2.1714888,9.372115,1.5280323,-2.9085155,-5.165302,-2.0631437,10.642876,0.074071884,0.008769932,0.008136959,1.6317016,0.7075472,0.75333333,0.30879694,0.6333333,0.38177946,-37.103447,06
32.20244,0.07869088,31.155602,32.03742,34.582012,3.4264107,48.26075,28.709932,2.321382,11.969983,0.5937188,1.0113093,0.05210334,0.40327063,1.2252693,1.173166,9.152363,5.483399,7.3250017,3.8079011,0.24323888,1.143775,18.069527,0.72970545,3.8356137,3.3202,8.006592,1.5370568,-2.609485,-7.0792565,0.020287553,2.3988266,0.955885,0.90045625,7.1459923,0.5556864,1.726403,4.919644,19.695042,0.41808793,717.79114,0.44141644,1050.4288,0.24901284,-104.12484,-0.90484565,1789.2297,0.20574345,730.5138,0.58261126,-97.98862,-0.91862035,2875.3381,0.16691926,695.1408,0.44950908,-101.10681,-0.86314815,-10.94137,-0.61935925,19.784615,0.40277803,0.07138886,0.83591074,-0.015158023,-0.9761401,0.4192741,0.628788,24.568352,0.44662783,2.455936,5.1757045,9.255782,1.5717448,-8.825062,-2.4022176,-8.413263,18.489576,0.03335899,0.00895436,0.027458724,2.347418,1.4251782,0.38166666,0.36420766,0.29666665,0.30263656,-31.09379,06
33.01854,0.060099583,31.654062,32.53081,35.16596,3.5118961,102.8377,146.60004,34.508263,21.2812,0.8472905,0.9360467,0.13639846,0.47733608,1.6468474,1.5104489,9.161933,6.104161,12.402871,6.312182,0.44272533,0.93208826,15.024493,0.62163687,2.556991,4.334959,10.958359,1.5191299,0.9416089,20.952864,0.019602574,1.1231419,1.0734264,0.6594415,6.2667737,0.57339835,3.4782495,2.7818496,14.450464,0.47601065,779.5744,0.39708918,980.5523,0.2869266,-103.82333,-0.9198713,1897.2255,0.1849436,649.9257,0.55299747,-96.68669,-0.945122,2946.7625,0.14702943,761.2542,0.5658269,-98.50548,-0.91034484,-8.2635145,-0.7724892,16.73701,0.42078036,0.038274143,1.264155,-0.012236784,-1.2926832,0.693885,0.5596612,19.630661,0.41759557,0.28097272,42.5232,9.996048,2.106784,-6.43419,-3.4974074,-15.219843,25.927666,-0.046903517,0.0087127015,0.1389169,1.9417477,1.2285013,0.444,0.34179527,0.435,0.40190172,-27.989048,06
34.210903,0.119416505,31.615337,32.973618,35.896652,4.281315,240.56096,346.65485,76.35281,97.61021,1.0537758,0.98220706,0.14453948,0.6736,1.9819709,1.8374314,16.562492,9.259301,13.011836,6.4148893,0.7083455,1.1876258,15.618707,0.6819675,-1.8275689,-5.852058,6.650435,2.4176216,-1.3944937,-12.588392,0.023331571,0.9365879,1.1376616,0.60930425,5.1999564,0.762073,4.171866,2.4625494,14.843859,0.58653414,863.12067,0.34677634,926.48584,0.36581475,-89.44801,-1.0447283,1954.4915,0.1702215,764.8343,0.48383602,-86.32265,-1.0289907,3004.04,0.14244296,812.2989,0.54713684,-89.27231,-0.9667559,-8.2139,-0.8797385,17.572342,0.41542622,0.041035373,1.2160022,-0.009779834,-1.740449,1.1130439,0.7787642,20.016068,0.468004,-4.013037,-2.968618,6.9016905,2.8041768,-5.745026,-3.5233133,-8.860394,20.496134,-0.00013662288,0.012081147,0.10012509,2.8639617,1.9323672,0.30625,0.32668552,0.18875,0.20441608,-24.158442,06
33.44439,0.12959833,31.533928,33.170837,34.80148,3.2675514,346.33325,568.2149,100.119576,66.890236,0.8975448,1.0364699,0.05176632,0.5044167,1.824533,1.7727667,14.452042,9.001865,13.662753,7.5271792,0.5704489,1.2898083,12.733677,0.8956134,1.1674186,9.396945,10.166681,1.5109322,-0.57103306,-32.73245,0.031665344,1.2633877,1.1274425,0.65779483,5.2193203,0.72436446,3.3398626,2.946376,14.69661,0.64734924,859.22003,0.32744113,937.86127,0.45169753,-109.74726,-0.8637703,1927.988,0.17789386,727.8325,0.5615642,-105.251465,-0.8708375,2981.5806,0.12655789,674.73157,0.6518843,-106.993355,-0.8391918,-8.101841,-0.7957188,16.781403,0.35967126,0.058642823,0.9098766,-0.0118207745,-1.2053759,1.0610611,0.7100154,19.343643,0.52167153,-2.9357607,-4.1246033,10.526187,1.9188482,-9.79809,-2.2075417,-14.354341,25.015282,-0.030403247,0.008593382,0.08205332,1.9417477,1.4778326,0.33666667,0.27133414,0.31666666,0.35292426,-26.054941,06
32.637825,0.10547585,31.242329,32.223167,35.103558,3.861229,492.52213,670.2706,30.6724,15.419791,0.87711674,0.9692315,0.14500348,0.5404042,1.7263991,1.5813956,10.74232,5.247483,10.53018,4.537526,0.49428698,1.0870007,14.271511,0.8304578,1.3268654,9.223419,8.087476,1.6944013,1.6221999,10.529145,0.019015877,1.0646615,1.2467871,0.7370408,6.6460805,0.5219331,3.9370263,2.4264197,16.176216,0.46374086,808.93585,0.34002382,1044.2606,0.29891223,-111.18216,-0.8399289,1826.2601,0.17892413,741.4186,0.6083598,-102.62942,-0.8954545,2945.419,0.14757045,723.63824,0.44285598,-105.888824,-0.8374742,-8.6529255,-0.7006552,17.77327,0.3933337,0.033692677,1.7873895,-0.012337262,-1.3446016,0.856924,0.6144673,21.110117,0.47761858,-0.9232405,-14.190967,9.06329,1.8769188,-3.720414,-5.535979,-13.282806,24.515873,-0.03194372,0.008976538,0.11284616,1.9417477,1.4742016,0.34666666,0.2557125,0.2657143,0.293348,-26.553946,06
44.15614,0.03188915,43.37638,44.047104,45.766342,2.3899612,24.602896,17.506645,8.232776,2.7107549,0.39585617,1.1326599,0.00956799,0.21051359,0.90464586,0.8950779,5.0441113,2.798522,5.731793,2.3993924,0.114496596,1.2050766,9.750751,1.3986034,-9.691575,-1.9200739,-3.2269373,-3.698466,-22.573603,-0.9551148,0.011550048,1.9612452,0.79427457,1.1114972,13.40572,0.3650435,10.591317,0.7409995,17.48757,0.49706632,791.93555,0.30440727,1346.7996,0.25418413,-119.65379,-0.77939725,1764.3368,0.14740255,899.8262,0.5366927,-106.0442,-0.8755613,2981.3862,0.09561948,551.36676,0.76607937,-110.13238,-0.8046326,-8.522587,-0.96421164,19.589499,0.47012287,0.17179914,0.20011821,-0.0054018865,-2.010048,0.22334678,0.5286446,18.745047,0.61807066,-21.384027,-0.9072594,-7.1204734,-2.1319973,-39.50589,-0.42615482,-1.0077232,7.572716,0.12331065,0.011220774,0.0063949423,1.8348624,0.6960557,0.71999997,0.31947872,0.52,0.50079936,-35.362564,01
44.14431,0.031026427,43.620293,44.03172,45.95315,2.332859,17.417849,10.517129,8.189077,5.602653,0.3527445,1.1356517,0.009807223,0.20718536,0.7903907,0.78058344,5.3847947,2.622778,4.71427,2.0836878,0.09297098,1.2318504,9.033479,1.434372,-8.634384,-2.0328846,-2.667488,-4.693175,-22.201117,-1.0141232,0.00989913,1.610772,0.73229426,1.0078918,13.253176,0.37408414,10.202012,0.9508418,16.751194,0.5261173,730.1403,0.3499717,1273.7687,0.24996854,-126.58255,-0.728295,1728.3274,0.15921645,861.795,0.40592107,-106.86795,-0.8646032,2904.1333,0.12026331,657.09393,0.9544568,-110.02514,-0.80901474,-7.970861,-0.9262034,18.862846,0.48230645,0.1750123,0.17245719,-0.006908661,-1.5777146,0.18110648,0.5672257,17.96266,0.6347361,-19.428257,-0.9580345,-7.458363,-2.0389779,-39.75888,-0.4776946,-0.3961227,6.5446005,0.122371785,0.010144421,0.006229649,1.6431925,0.7125891,0.7,0.27724838,0.51,0.4932545,-37.14521,01
43.777386,0.06622332,43.198273,44.022728,45.829674,2.631401,104.0759,119.485275,19.297579,17.830664,0.37481883,1.0813951,0.009796405,0.18608443,0.84480965,0.8350133,5.282984,3.145197,4.85246,3.251832,0.09074079,1.189471,9.898432,1.2038727,-9.625242,-1.9045976,-2.9154181,-4.6479278,-24.127043,-0.9356095,0.026451217,3.5608287,0.66281587,1.1151547,13.162373,0.47529972,11.580364,0.62437224,17.015884,0.57857025,840.6226,0.37240145,1282.1996,0.25369775,-113.244995,-0.8440838,1735.8364,0.116266765,894.9806,0.49637124,-102.37446,-0.9063269,2977.2095,0.08362013,561.5565,0.8016104,-105.570854,-0.84980243,-9.527317,-0.6558314,19.652485,0.4344922,0.1763234,0.15715902,-0.008182509,-1.3562336,0.17117575,0.54566044,17.61079,0.6329315,-20.518562,-0.92521983,-5.7746944,-3.027572,-41.988003,-0.3880078,-2.6535661,9.679889,0.12947085,0.011335861,0.0040197144,1.6317016,0.47169814,1.11,0.51,0.65666664,0.4383555,-36.58799,01
43.98541,0.039520636,43.283806,44.03708,45.739677,2.4558716,39.70686,15.342975,6.6225805,3.0078635,0.41893056,1.0887071,0.012186803,0.19952424,0.97696435,0.9647775,5.8500957,3.4274004,5.589958,3.6889012,0.10426386,1.1840433,10.840821,1.029631,-7.7190366,-2.5125122,-0.6959901,-22.518375,-22.706587,-1.1030653,0.014567114,2.1200936,0.87228525,1.2591704,13.666941,0.37285125,12.343158,0.55836016,16.27608,0.62339354,846.44293,0.3839397,1246.3789,0.23787679,-119.18984,-0.77786726,1744.0779,0.1437822,822.9377,0.41669914,-104.79574,-0.885713,2994.1,0.08602279,610.9076,0.85853505,-107.65648,-0.8362116,-8.975893,-0.727106,18.82132,0.46766177,0.16653867,0.20793132,-0.008284433,-1.1432929,0.19978389,0.52977985,17.636017,0.5717401,-20.458065,-0.91273606,-3.1051164,-6.2416487,-43.60297,-0.4062426,-4.829006,12.999087,0.11197028,0.009194913,0.0074972315,1.6317016,0.7075472,0.71666664,0.63357884,0.505,0.4510266,-35.606384,01
44.679817,0.04926807,43.47296,43.84173,47.881447,4.4084854,20.472498,10.965304,11.063475,4.828148,0.3927451,1.0504527,0.010719559,0.23983987,0.8230767,0.8123572,5.051312,3.3567436,4.950606,2.8727744,0.09932322,1.1100662,9.060985,1.434038,-12.451032,-1.3154057,-3.419465,-4.113112,-24.143661,-0.93184304,0.008063069,1.7386178,0.7442006,1.1949393,14.0363035,0.32226884,12.347124,0.59603053,18.256903,0.48974153,746.9184,0.34165266,1193.6141,0.25766867,-117.47608,-0.81103605,1752.6019,0.14795028,874.08075,0.4980281,-102.70717,-0.8993925,2929.8608,0.11219179,631.6244,0.7280205,-105.97945,-0.8410269,-8.902222,-0.71044135,19.019722,0.4578997,0.16339241,0.16879655,-0.008746892,-1.2343717,0.18582353,0.4671836,17.783749,0.6427917,-22.541515,-0.70131886,-8.82335,-1.9418323,-42.11278,-0.3566707,1.1614937,5.3223224,0.11208894,0.007579979,0.0052184304,1.5590202,0.6756757,0.77,0.49037403,0.515,0.4910448,-36.363777,02
44.594307,0.044618156,43.366413,44.041702,47.546154,4.179741,14.130379,6.8909764,21.601585,18.979393,0.4596534,1.0753293,0.009066807,0.28200793,0.9845934,0.9755266,5.518586,3.3327081,6.2338614,3.6148021,0.12327058,1.1455039,8.758013,1.5772547,-12.870778,-1.4145392,-6.355439,-2.1323998,-24.934593,-0.90080416,0.012054393,2.0660355,0.70801324,1.0384184,13.641455,0.38434795,11.092189,0.6986713,18.782341,0.4423551,802.7526,0.2934388,1233.2224,0.28668356,-109.68086,-0.87511563,1770.1658,0.14090362,884.05457,0.45818454,-99.13306,-0.9327896,2988.1277,0.099839434,530.2571,0.8630294,-103.194435,-0.8588371,-8.231032,-0.87614626,18.731627,0.47026378,0.17083932,0.17880876,-0.0048615797,-2.489231,0.22374605,0.5581158,17.285416,0.69228095,-22.830515,-0.8298111,-11.896398,-1.3449651,-42.043156,-0.37671518,0.35588548,7.150696,0.12857082,0.011761444,0.009083303,1.5250546,0.66079295,0.8166666,0.30003703,0.66999996,0.4636809,-34.635017,02
44.617287,0.043705583,43.594288,44.02329,47.446377,3.852089,24.556602,16.423128,11.642519,5.376522,0.47567308,1.0528113,0.00944862,0.23744762,1.076431,1.0669824,6.9914927,4.5107474,5.8869576,2.560311,0.13160427,1.1423923,9.421978,1.3557329,-12.154129,-1.4408953,-6.4792266,-2.060626,-23.419743,-0.97204715,0.009241677,1.7683951,0.71722585,1.1957034,13.806909,0.37335512,9.190907,0.647439,17.085175,0.5515002,885.751,0.30020973,1169.3398,0.2814623,-108.2956,-0.8806191,1803.4242,0.150035,914.522,0.4807908,-101.56529,-0.9164067,3024.915,0.09210486,531.258,0.7501392,-105.40352,-0.8475107,-7.9023647,-0.78730124,19.283934,0.41002232,0.16379982,0.17345792,-0.004563349,-2.5240185,0.24573484,0.5040316,17.177778,0.7002402,-22.88285,-0.757289,-11.321655,-1.4077547,-41.084457,-0.41130593,-1.1328174,8.658801,0.12462929,0.011289648,0.007090987,1.7817373,0.45045045,1.17,0.55,0.68333334,0.42820036,-34.24202,02
44.283077,0.054265615,43.218903,43.894547,47.608784,4.389881,34.57108,17.33968,8.26792,2.9890566,0.5345092,1.0387715,0.01253079,0.29012662,1.1381127,1.1255819,7.9701333,4.993387,4.750599,2.7041452,0.15534732,1.1299852,9.211058,1.4522167,-12.939208,-1.4225011,-3.308961,-3.8944535,-27.653658,-0.89958316,0.0097827725,1.5944355,0.6453075,1.0697751,13.763836,0.3329419,9.23134,0.7259631,16.909332,0.49819383,828.5334,0.34828657,1166.8684,0.26735362,-115.55533,-0.8084871,1812.673,0.18032105,878.32935,0.49809766,-99.86823,-0.9271481,3031.0962,0.08393581,528.1887,0.85596776,-103.36499,-0.86420745,-8.647509,-0.7641501,19.384346,0.43363115,0.15897536,0.19586684,-0.0067454865,-1.4985284,0.2789369,0.525033,17.354635,0.6503875,-22.821932,-0.85547066,-7.4642096,-1.9528424,-44.946712,-0.45626944,0.05046809,6.9271173,0.12841357,0.008862146,0.015253866,1.5350877,0.6651885,0.80333334,0.29803056,0.67333335,0.38473654,-33.113136,02
44.98053,0.044540532,43.905743,44.255726,47.876827,3.9710846,62.776882,63.14165,5.751937,3.4462008,0.4224363,1.0125989,0.011378423,0.30944645,0.748783,0.7374046,4.474797,3.5267894,4.885577,3.029576,0.09489607,1.0690389,9.799254,1.479642,-13.376328,-1.229737,-7.741512,-1.8132079,-29.813845,-0.8148679,0.008335588,1.9013,0.5478922,1.036642,14.656339,0.31720734,9.543048,0.7706027,19.516768,0.468754,790.68054,0.24499372,1275.8687,0.26784286,-95.277336,-1.0107573,1744.2009,0.14556804,800.8199,0.40762943,-91.060776,-0.993382,3055.619,0.06902039,451.98322,0.9500951,-95.787224,-0.90261716,-9.1087055,-0.85800797,20.693308,0.42868596,0.17558087,0.1617967,-0.0025541012,-4.4801946,0.15599848,0.5810776,18.804228,0.58705425,-21.156506,-0.7820898,-12.437905,-1.2981049,-46.5638,-0.36228448,2.5273058,4.179963,0.13004726,0.012492231,0.010671568,1.3232515,0.5725191,1.0266666,0.37932688,0.5225,0.4818389,-36.091446,02
44.787464,0.04753983,43.732327,44.05977,47.909157,4.1768303,-20.969234,73.37877,8.808212,7.2895575,0.4334432,1.0384259,0.010730053,0.2877271,0.8578503,0.8471203,5.716739,3.7120693,5.3784294,3.3331542,0.10809304,1.166835,10.421681,1.2959476,-10.688405,-1.5405115,-6.6938133,-2.1326435,-27.224373,-0.89887404,0.008689408,1.8479625,0.5851369,1.0992819,14.187751,0.39212343,10.192911,0.7417577,19.21736,0.4989831,795.18567,0.2607162,1225.1538,0.2667918,-98.240395,-0.9720329,1770.6174,0.14396304,782.846,0.558561,-93.02317,-0.96551675,3068.646,0.07651776,462.79495,0.946157,-97.46926,-0.88092136,-10.589734,-0.7346069,21.550356,0.375394,0.17211871,0.15931197,-0.0037325174,-2.8408577,0.18049467,0.66491103,18.442816,0.61103994,-17.606905,-0.97656965,-11.47872,-1.4349514,-43.153996,-0.46276948,0.8061903,5.769951,0.12538221,0.010137066,0.009079524,1.5414258,0.38910508,1.5,0.84,0.6966666,0.44790873,-34.889534,02
44.543255,0.049688976,43.631332,44.124195,45.315136,1.6838036,15.938976,14.541436,11.272046,6.4021273,0.40486115,0.9590959,0.0011972857,0.3079218,0.81183434,0.81063706,4.1499686,3.0924122,4.612409,3.8920133,0.092205234,1.175564,12.997633,1.1425084,-9.451777,-1.80388,-7.614898,-2.1229846,-29.5978,-0.8799146,0.01071441,2.2257936,0.56114686,1.2168443,14.813209,0.3080221,10.558588,0.8662821,21.666204,0.45077607,850.2124,0.23772056,1168.6731,0.20033969,-85.09172,-1.1080958,1768.2689,0.131717,777.0064,0.40603253,-86.485435,-1.0136698,3119.586,0.06806631,418.84744,0.97175467,-92.08323,-0.9035016,-10.314785,-0.78425723,22.905752,0.3808259,0.15870553,0.22316451,-0.003560081,-3.324717,0.14412291,0.752923,21.128164,0.553853,-15.38081,-1.2059591,-13.118231,-1.3490409,-45.578644,-0.43041763,-1.8128668,9.479346,0.13436393,0.015159374,0.01590498,1.188455,1.0273973,0.5983333,0.37839207,0.42,0.42402828,-36.359226,02
45.062267,0.041494202,43.81759,44.323063,47.793026,3.9754372,24.474619,23.712421,6.8488503,3.7747762,0.3734024,0.97443163,0.011020154,0.29669565,0.77215147,0.7611313,3.776285,2.526989,4.4768543,2.8944874,0.08503119,1.0636756,10.317987,1.233576,-10.776698,-1.3979127,-10.735272,-1.230525,-29.195623,-0.86801267,0.0053682155,1.427639,0.6235536,1.3781332,15.127831,0.2661959,10.729897,0.720922,22.336573,0.35091484,847.9657,0.18329158,1155.2114,0.19185232,-96.18857,-1.0040797,1782.5569,0.13810684,725.9998,0.38007715,-98.30653,-0.9257172,3130.9944,0.059705075,380.13754,1.1540183,-103.90751,-0.82734567,-9.704992,-0.66483516,21.725245,0.36211756,0.1779957,0.15004903,-0.0016191662,-7.126784,0.15159793,0.4726832,18.543358,0.59081495,-18.850185,-0.7911306,-16.884544,-0.83884853,-48.759785,-0.34096593,-0.4316753,8.006841,0.13180716,0.011084071,0.005033071,1.6597512,0.6289308,0.8766666,0.27353647,0.5225,0.459531,-37.27407,02
44.253895,0.083962284,43.42951,44.131943,47.590797,4.161289,88.836845,78.0662,26.63119,15.46835,0.56648016,1.1654929,0.0076482813,0.295748,1.3068187,1.2991705,7.843312,4.548751,10.3050375,5.8024135,0.21351051,1.2151875,7.3509436,1.7470411,-13.2821455,-1.5754317,-2.18509,-4.7438974,-25.208344,-0.9466491,0.016171975,2.429174,0.72021025,0.8920827,11.720109,0.47004554,8.630634,1.0019836,13.425886,0.6437784,737.0192,0.41177726,1197.3934,0.2606766,-129.12656,-0.7069443,1768.939,0.17175935,947.97345,0.53786755,-105.47537,-0.8840484,2872.9119,0.1140502,787.2851,0.6597205,-107.17179,-0.8535316,-5.87005,-1.2130629,15.111589,0.51853174,0.15613124,0.20234768,-0.002452105,-5.2569094,0.41453597,0.54515356,15.328539,0.75020397,-27.421871,-0.7612602,-3.3083594,-4.1350164,-43.19179,-0.4831772,0.6497613,6.3475547,0.12457916,0.009747699,0.013006344,1.5945331,0.6912443,0.7266666,0.26599914,0.6933333,0.45050588,-31.828133,03
44.13607,0.102917805,43.426178,44.178337,47.707188,4.2810097,1033.3157,1401.3358,33.618565,26.16815,0.6095298,1.1206706,0.009440316,0.3387636,1.3323007,1.3228604,8.6658945,4.5824914,10.762464,6.580714,0.24996375,1.2182384,7.250968,1.6399609,-12.565965,-1.5133137,-0.30393296,-37.41599,-21.806812,-1.1301733,0.017725658,1.7435678,0.75883466,0.8646347,10.8957205,0.5146199,8.586171,1.304247,11.516046,0.9213682,737.78217,0.4334001,1211.4508,0.31809586,-130.70319,-0.68819267,1744.2264,0.18193907,887.4445,0.41606063,-103.92081,-0.8942039,2883.1724,0.11433682,700.2658,0.699097,-105.68926,-0.86102945,-5.0630555,-1.5548741,14.348976,0.6053428,0.14925331,0.234252,-0.0022660403,-5.2593546,0.47476745,0.57024604,13.425415,0.86360395,-23.768753,-0.8690892,-0.7873072,-19.282234,-40.26768,-0.53535926,-0.25175333,7.494472,0.11095068,0.010554025,0.021806693,2.0833335,0.4683841,1.105,0.53499997,0.66999996,0.43458793,-31.351587,03
44.401333,0.072772816,43.665546,44.177048,47.145935,3.4803886,85.800354,83.117714,13.162975,6.714652,0.76995486,1.1701562,0.01043114,0.28955218,1.7161375,1.7057064,14.2622595,10.190057,12.502882,5.9483833,0.34129852,1.2713549,6.067481,1.8072788,-15.237459,-1.3620216,-1.5734245,-7.4832015,-24.02997,-1.1344477,0.013623432,2.2344787,0.706626,0.9651452,11.947076,0.4222823,7.3404965,1.1026956,12.219612,0.69209355,811.6807,0.43807825,1157.0111,0.35188434,-132.23553,-0.6886327,1795.9106,0.17985381,916.97577,0.4577427,-108.50271,-0.8731522,2940.8577,0.10167028,772.64514,0.7895558,-110.28497,-0.84231204,-3.6874053,-1.9462041,13.267502,0.6134581,0.15296635,0.17939042,-0.00071139476,-16.792734,0.70147234,0.54542625,11.818054,0.98187363,-29.42027,-0.70699733,-3.4743192,-4.241312,-46.605976,-0.4903537,0.26041502,6.948713,0.11601429,0.009485623,0.017561963,1.8348624,0.6960557,0.6866666,0.25315782,0.545,0.45746586,-28.477793,03
44.55851,0.056051377,43.901836,44.29716,46.18624,2.2844048,37.462746,15.287332,9.417138,5.323372,0.6300159,1.1138302,0.011318233,0.27633494,1.386066,1.3747478,10.4355,6.1079054,8.392883,4.34257,0.22894154,1.2271458,8.847877,1.3029013,-11.803421,-2.053076,1.0170346,12.408773,-21.189087,-1.3167788,0.013110429,1.8309351,0.7095108,0.96668226,11.892883,0.48896703,7.4239364,0.99048656,12.358401,0.69942737,798.45935,0.42779094,1134.8497,0.2852177,-125.84873,-0.716089,1778.2799,0.17632689,938.10077,0.4763008,-101.30715,-0.925279,2929.7961,0.0985533,712.0186,0.65847677,-104.00483,-0.8763004,-5.3454294,-1.5274675,14.502305,0.620579,0.15576263,0.19217974,9.325251e-06,1357.0569,0.42801157,0.6033124,14.065652,0.8144954,-26.687393,-0.8623672,-1.0987109,-13.314456,-41.74435,-0.56500244,-5.1456923,13.588101,0.06723524,0.0055571944,0.012996264,2.0179372,0.9070295,0.57,0.105593555,0.5075,0.42452177,-31.488123,03
45.615623,0.06561676,43.894806,44.480064,48.446335,4.551529,80.64666,52.10762,57.78031,53.287888,0.69686323,1.1266596,0.009585538,0.29766375,1.643571,1.6339855,10.405267,5.973118,8.605326,5.6888466,0.34435016,1.4410654,5.1551533,2.1365154,-15.199172,-1.2921504,0.23570956,47.271706,-22.280392,-1.1756295,0.02494913,1.2958626,0.89222175,0.74759,9.067932,0.69065017,7.7450233,1.2308668,10.102072,1.1157364,832.6791,0.40103775,1040.0048,0.32898846,-126.710815,-0.7273756,1896.707,0.18427652,862.915,0.47475535,-103.94016,-0.90210915,2972.4812,0.09456363,819.73505,0.6312469,-105.17608,-0.879363,-2.9198046,-2.9980283,12.707349,0.7145954,0.13974942,0.26213595,-0.0011755978,-13.043314,0.6619342,0.80139726,9.748082,1.1988748,-27.810732,-0.7131188,-0.49340662,-29.941244,-42.63399,-0.52332354,1.7732962,6.4402905,0.11444913,0.012084936,0.034737114,2.1126761,1.1876484,0.41799998,0.33689165,0.33499998,0.36840874,-29.26385,03
44.50718,0.088343695,43.816406,44.257267,47.72126,3.9048538,160.86708,148.29283,17.736279,12.473598,0.73519784,1.191627,0.008775487,0.3047507,1.6209272,1.6121517,11.502157,7.2171755,13.171378,7.348833,0.3482054,1.3353685,5.847986,2.0877645,-14.188127,-1.4333146,0.6508121,15.848074,-21.502102,-1.2256205,0.021811102,2.8819947,0.8744492,0.91503954,10.869689,0.44417554,7.001263,1.4718884,11.732651,0.782592,817.50354,0.39726314,1164.2794,0.32127833,-134.71922,-0.67161614,1855.067,0.18457347,841.3162,0.42735887,-111.975266,-0.83602434,2951.3372,0.11862401,900.02026,0.81926906,-112.69367,-0.8207896,-3.659112,-2.106234,13.79983,0.5640416,0.14463946,0.2119074,0.00048342164,26.694977,0.70677966,0.64248455,12.247225,0.9341068,-28.454987,-0.7526026,-0.81215745,-16.470598,-42.93206,-0.5459576,1.2338343,5.930178,0.11790838,0.01119221,0.053370968,1.6431925,0.9501188,0.48499998,0.061032776,0.436,0.48730278,-28.699453,03
44.116184,0.09866078,43.837864,44.255753,45.814472,1.9766083,154.00504,125.37039,36.790916,26.279684,0.86758846,1.2432568,0.0095066605,0.21826014,2.0049515,1.9954448,15.106569,9.538594,14.82676,7.105459,0.45432875,1.3682395,4.1137853,2.5051196,-14.103336,-1.4830524,1.0877798,10.885056,-22.331593,-1.2041028,0.027600728,2.8705106,0.8816681,0.91913706,9.802326,0.58785033,5.5361576,1.6260849,8.544874,1.1631477,902.2103,0.39622262,900.6226,0.46080145,-125.09871,-0.7359719,1956.8005,0.19504164,920.5042,0.5157918,-104.63073,-0.91339743,3033.6318,0.096514255,744.132,0.6849453,-106.34203,-0.8821497,-3.4569468,-2.5446653,12.311433,0.74188477,0.1566954,0.18377927,0.0010768455,11.74736,0.9098187,0.67125213,8.686092,1.3353277,-27.23779,-0.79800075,0.6621104,23.269487,-43.50153,-0.5311025,1.1635054,6.1831946,0.1138423,0.011837755,0.015449148,2.1126761,0.7125891,0.6933333,0.21853045,0.515,0.44172955,-26.934393,03
43.5616,0.1266606,43.638054,44.182255,45.366684,1.7286301,511.42645,619.4244,42.06998,25.413967,0.9717035,1.2197164,0.0083880285,0.28131056,2.4001787,2.3917906,19.239082,12.428357,17.595379,9.647066,0.54942507,1.3860979,4.2168546,2.611443,-12.337831,-1.6987565,0.04331915,240.08742,-22.867533,-1.2281197,0.028275913,2.880648,0.8752743,0.82817286,9.8117695,0.5770936,8.444405,2.2213569,10.634692,0.9261345,919.83777,0.3736002,943.381,0.47240937,-119.98839,-0.7747189,2004.9713,0.19070332,748.7686,0.55577147,-104.50096,-0.89921016,3091.6519,0.10253255,728.24133,0.6702723,-105.614006,-0.8796052,-3.9077976,-2.2258842,12.964221,0.70304465,0.14926346,0.21517448,0.00042250135,32.196617,1.0848292,0.7050781,8.236944,1.4610382,-25.584862,-0.84694445,-1.3232449,-9.698252,-44.530865,-0.55469674,0.083404854,7.359128,0.10302732,0.010474268,0.016787395,1.8779343,1.1876484,0.41599998,0.19252011,0.66333336,0.38438982,-25.61411,03
44.721447,0.038918093,43.703823,44.077877,46.96232,3.2584953,13.188848,9.329325,10.102532,2.18877,0.3455719,1.0863796,0.010883818,0.23165238,0.6856654,0.6747816,3.6067407,2.0336213,5.533569,3.2243786,0.087439746,1.1582983,10.221172,1.3191198,-10.088762,-1.5285013,-6.1183457,-2.2642968,-25.769331,-0.8794146,0.009528994,1.8448626,0.67374855,1.1440258,14.07149,0.37259394,11.192356,0.68273085,19.427845,0.46906367,799.4365,0.27686173,1207.1783,0.2619452,-112.502815,-0.8322664,1791.0988,0.16116981,789.03827,0.5166505,-104.05819,-0.86604476,3034.4128,0.08690167,515.99066,0.7731094,-108.08969,-0.7967062,-10.118655,-0.7330492,21.263912,0.42213947,0.17433718,0.1577519,-0.0055263224,-2.013881,0.16132125,0.56055206,19.230236,0.59345245,-17.749329,-0.95240366,-11.150482,-1.4654548,-42.50478,-0.4195023,0.24201399,6.657646,0.13041274,0.011870969,0.009051069,1.5350877,1.1086475,0.468,0.14274453,0.51,0.4798437,-36.99394,04
44.600105,0.03430225,43.57982,43.953285,46.773098,3.1932793,14.296397,5.9225674,9.079393,3.3039393,0.3619656,1.0810255,0.016207783,0.24149816,0.708235,0.6920273,4.7430725,2.4582622,5.170529,3.0468674,0.08681473,1.1101546,10.864436,1.3200514,-12.262391,-1.2154177,-6.6110396,-2.0906942,-27.206179,-0.7795701,0.008490639,1.5843832,0.7760375,1.1968553,13.833002,0.42463914,10.25277,0.6294956,20.521906,0.45990875,768.47705,0.2968495,1228.6091,0.24870598,-110.11583,-0.8660054,1742.0781,0.14485538,829.2104,0.42046067,-98.86194,-0.92509586,3005.4536,0.08781554,510.07745,0.7532219,-104.189156,-0.831513,-9.775082,-0.8043747,22.068077,0.46511683,0.17023423,0.16902582,-0.00552044,-1.9619861,0.15560648,0.525054,20.117085,0.6094367,-19.182358,-0.82494867,-12.512757,-1.2883424,-42.720966,-0.3686292,1.0423738,5.5355515,0.13237835,0.010170173,0.0056925183,1.502146,0.6507592,0.83666664,0.59578145,0.67333335,0.45711654,-36.84303,04
44.354904,0.04328513,43.418915,43.850563,46.936283,3.5173683,67.941574,65.768585,8.6489105,3.9567869,0.33668774,1.0985059,0.00930757,0.21183221,0.71706027,0.7077527,4.9882092,2.8696043,4.593378,2.1785746,0.08380669,1.2170391,8.978522,1.6303879,-8.620986,-1.9135149,-6.2025595,-2.3094885,-24.763493,-0.87540966,0.0103353765,1.6960748,0.65825766,1.0730484,14.329693,0.3061405,8.708823,0.71148646,18.070272,0.5396855,793.1404,0.29418477,1244.2374,0.22962293,-116.58273,-0.81205827,1759.9498,0.14228007,848.63947,0.5635047,-108.32019,-0.8384724,2976.313,0.08044048,483.9151,0.60789585,-111.58713,-0.7840065,-10.290109,-0.715188,22.290955,0.40532246,0.1663083,0.18275669,-0.0059034736,-1.6497347,0.16240785,0.55812603,19.81021,0.5844986,-18.800499,-0.8634273,-10.944719,-1.5196942,-41.96744,-0.3902382,-0.22087264,6.543771,0.13457361,0.010306749,0.0064095105,1.8223236,0.46082953,1.095,0.565,0.7,0.3765634,-37.536976,04
44.823406,0.03226403,43.884823,44.16719,46.774815,2.8899918,12.492758,5.584509,8.621563,2.5099928,0.35643688,1.1441388,0.010196977,0.22438452,0.6501882,0.6399912,5.3511405,3.241649,5.4226785,3.2101538,0.08985262,1.2694577,9.638181,1.4868562,-9.772099,-1.7125126,-8.045015,-1.5906352,-26.310574,-0.8724294,0.008733989,1.8404624,0.7377225,1.1871154,13.894666,0.42408013,9.091282,0.8685587,20.159565,0.43136275,835.3389,0.2628246,1213.7478,0.23585458,-109.31869,-0.86691463,1806.791,0.17032133,765.06995,0.41744387,-103.774864,-0.8757629,3065.9795,0.08167121,519.6869,0.8677974,-108.317535,-0.7978887,-9.0790825,-0.8306761,22.044956,0.37105545,0.17412351,0.13748173,-0.0018559223,-6.105592,0.16739306,0.657543,19.13803,0.61139655,-18.517235,-0.9297281,-12.901377,-1.1623406,-43.51332,-0.40910158,-0.7198891,7.155476,0.12714523,0.0091660805,0.005643234,1.7167382,0.6507592,0.8066666,0.22528993,0.53,0.46642253,-36.46191,04
45.34352,0.056728434,43.48015,44.297344,47.312683,3.8325348,25.515614,10.458661,38.16605,30.90242,0.52200806,1.1157638,0.012102419,0.309352,1.0644797,1.0523773,8.6591835,7.0493045,7.7662964,4.1789746,0.22304581,1.4401073,5.1767735,2.2934563,-11.218972,-1.3576792,-2.7006466,-4.7373486,-19.469864,-1.1295531,0.017953403,1.5901742,0.9380079,0.8133623,10.009179,0.7129176,8.482541,1.0404485,12.269303,1.010374,745.35944,0.47006056,1107.8508,0.3452777,-136.76479,-0.644875,1788.0151,0.20926666,740.59,0.38573363,-106.340645,-0.8663498,2918.7834,0.10798701,729.2749,0.60589087,-108.37653,-0.8298999,-6.4288416,-1.3727764,16.925209,0.5730017,0.16549744,0.17488135,-0.005531082,-2.3687794,0.4305546,0.80131614,11.748854,1.0638146,-19.69064,-0.8289704,-6.3060484,-2.5820777,-36.277668,-0.5249141,3.6453264,4.4500637,0.11981763,0.012028393,0.022362014,1.8957347,0.47961628,1.025,0.475,0.402,0.41140735,-31.769627,04
45.401455,0.052168258,43.870483,44.48992,47.139183,3.2686996,19.14351,8.322686,28.410973,24.617659,0.49595287,1.1092594,0.013788869,0.26589796,0.97706604,0.96327716,6.5984354,3.8917103,7.6942225,4.820046,0.22238782,1.433963,5.645682,2.4478002,-10.100378,-1.6157751,-1.6595275,-9.063643,-19.998943,-1.1122104,0.014388899,1.3300941,0.9267247,0.86097145,10.88935,0.557927,8.565945,0.9748351,14.80959,0.69914776,742.5512,0.36979133,1154.6073,0.27921942,-136.57112,-0.6567534,1757.5177,0.19211228,830.8755,0.52081156,-110.72467,-0.83774656,2922.3237,0.109761186,642.2057,0.75086254,-113.42377,-0.7908776,-6.6089563,-1.2276382,17.9015,0.43042448,0.13745326,0.3176071,-0.0034244661,-3.9550836,0.44396818,0.77394783,14.836958,0.77620476,-20.174164,-0.82974195,-7.3733373,-2.5847166,-37.878105,-0.5359654,2.6573176,4.213528,0.09485368,0.009079493,0.023106653,2.1126761,0.9501188,0.49499997,0.61377925,0.42799997,0.3790198,-32.02858,04
44.513397,0.038633607,43.46849,44.020294,46.741497,3.2730064,36.07866,28.71825,25.946556,22.931555,0.41179943,1.0847586,0.01000426,0.22013998,0.8463359,0.8363316,6.3338776,3.7495377,4.798431,2.8712926,0.13744208,1.2186471,6.680952,2.0415897,-9.49236,-1.7164587,-5.9564424,-2.3173735,-20.776024,-1.129921,0.008783967,1.3346571,0.7103632,0.96875477,12.787074,0.37638283,7.780194,1.0136918,14.842565,0.5821162,812.1762,0.39064115,1169.3552,0.25179613,-132.83833,-0.6686216,1745.155,0.20280927,874.27167,0.43503606,-113.88936,-0.80245143,2933.778,0.090660706,550.6447,0.64471114,-116.32787,-0.7613418,-7.9957585,-0.7867176,18.53107,0.4546305,0.16333412,0.17369068,-0.0045067766,-2.3805091,0.2846447,0.4910374,15.849422,0.76344156,-18.92231,-0.9375662,-11.192649,-1.4723544,-40.81191,-0.47323272,1.4246027,6.760442,0.12088447,0.011661636,0.012524815,2.0833335,0.9367682,0.49249998,0.061390147,0.55,0.45798472,-34.94943,04
44.71911,0.043300487,43.684326,44.21967,46.872944,3.1886177,29.354374,15.078887,56.19246,56.60832,0.44619805,1.1152939,0.009244898,0.21259153,0.9323577,0.9231128,7.8479476,4.634467,6.3389616,5.0406995,0.16492146,1.2223917,5.000401,2.7440524,-8.997586,-2.0677469,-2.8833878,-4.9890876,-21.684536,-1.097637,0.015761944,1.7310183,0.79500896,0.8254615,11.401279,0.4442318,9.257158,1.0419588,13.352446,0.72745574,783.27075,0.44297972,1138.6368,0.32920486,-137.96526,-0.6301877,1743.3389,0.19615631,828.47455,0.48678115,-110.61418,-0.8391903,2914.044,0.09429389,579.6049,0.5441559,-113.03509,-0.79760367,-6.8632073,-0.9425892,17.615852,0.4605221,0.16822459,0.16868335,-0.004971835,-2.3273659,0.33385366,0.51300436,14.1641865,0.7905395,-22.141792,-0.8243006,-6.070871,-2.9462018,-41.547794,-0.4554881,0.87821305,5.9219112,0.10329877,0.0086182775,0.01061975,2.3310022,0.7075472,0.67333335,0.20677418,0.53749996,0.44024852,-34.13767,04
43.5894,0.0765422,42.84678,43.98903,46.076015,3.2292366,99.533325,80.048836,24.810263,14.0766115,0.61197954,1.2428927,0.010389193,0.20259188,1.3802384,1.3698492,12.176705,9.184061,12.435556,6.282042,0.27974442,1.4603982,4.574434,2.6932015,-9.561553,-1.947438,-0.95122755,-12.204743,-20.351204,-1.1029577,0.0432134,2.8354971,0.90765834,0.8072544,10.024634,0.6051986,9.026108,1.0474235,12.22959,0.80734724,792.2487,0.43138558,1115.4309,0.32719716,-133.29425,-0.68275535,1817.0784,0.21159434,919.25494,0.5586948,-110.18746,-0.85964656,2934.5166,0.1277922,730.0586,0.73606306,-111.52689,-0.83580816,-4.4884596,-1.9738634,13.748146,0.59488136,0.14385852,0.2518499,-0.0038243688,-3.898187,0.5811041,0.734992,10.859758,1.1975448,-21.312796,-0.9839895,-4.1189747,-3.7648416,-38.500404,-0.5245633,1.0473179,4.702975,0.1170455,0.011730556,0.01939774,1.9559904,0.4950495,0.955,0.45499998,0.6933333,0.45146674,-30.787102,05
43.069454,0.113975085,43.188103,43.768036,46.31006,3.1219559,159.10652,127.74712,40.61952,22.967564,0.60155773,1.310494,0.009428732,0.20318198,1.1971202,1.1876915,12.496892,7.031197,10.434589,5.384835,0.27122268,1.3487523,6.322592,1.8762826,-7.953851,-2.2431347,-1.2607746,-10.636596,-19.32414,-1.239713,0.032772515,2.704502,0.84674317,0.8454268,9.903243,0.5774948,5.266333,1.7745726,14.166132,0.71893877,799.84625,0.38360918,1068.4453,0.2751326,-130.8405,-0.7050732,1861.5312,0.17971453,793.99225,0.51961505,-113.39214,-0.8227158,3053.33,0.10854091,615.26166,0.627282,-114.983376,-0.79459935,-4.7719007,-1.9114331,15.549697,0.5666245,0.13272984,0.31312963,-0.0039418726,-3.7952943,0.5733086,0.60864633,12.54573,0.97915065,-19.421864,-1.0502508,-3.876621,-4.6649823,-40.050667,-0.51226985,-0.7118876,7.7099504,0.10227959,0.012829148,0.022505159,2.2004893,0.7425743,0.6166667,0.22895898,0.7033333,0.45900857,-30.267092,05
42.85003,0.10451992,42.821205,43.886997,44.7851,1.9638939,141.29396,89.04386,40.222378,17.959055,0.6480841,1.3052009,0.009957208,0.16781108,1.4852556,1.4752984,15.709937,6.570074,12.448697,6.5860662,0.30596164,1.322923,5.9760256,1.9120921,-7.294336,-2.6111555,-1.8393012,-6.518241,-19.21883,-1.285449,0.011878498,1.8503087,0.8985756,0.955753,9.867758,0.5648802,7.3997,1.0962315,14.798133,0.7234501,806.2588,0.43834177,1034.8464,0.33691505,-134.54909,-0.6662262,1823.1694,0.19693217,845.4528,0.48760638,-112.299065,-0.83479565,2950.821,0.102868885,600.11816,0.742885,-114.38691,-0.7993619,-5.7001243,-1.622492,16.045776,0.54728407,0.14650021,0.2535816,-0.0039350027,-3.3409355,0.653222,0.5551835,11.531604,0.9955523,-18.995031,-1.145767,-3.7418761,-4.1112623,-39.833675,-0.5469534,-1.7041756,8.580983,0.12070652,0.012417282,0.014154228,1.9900497,0.50377834,0.93,0.32,0.6866666,0.35140985,-29.684317,05
42.833176,0.13257723,42.887383,43.83226,44.81021,1.9228287,158.18597,166.51187,38.722546,35.446064,0.61162454,1.2852637,0.0010339657,0.1205153,1.4456183,1.4445843,13.355621,7.355786,10.402317,5.596926,0.25798422,1.37237,6.2188,1.8121041,-8.078753,-2.6688757,-2.4050539,-4.9440093,-19.248781,-1.3416274,0.016955614,3.0608256,0.88676524,0.89402616,10.2398815,0.6076926,9.709377,1.7092246,11.5651655,0.87022907,860.27124,0.38695416,1092.3475,0.29521415,-129.56068,-0.71443903,1866.6663,0.17915781,944.7192,0.574097,-110.66891,-0.8524129,2955.79,0.0875418,663.5299,0.62519246,-111.974075,-0.82995677,-5.336795,-1.7276595,15.266374,0.5944855,0.14634125,0.24221882,-0.0037448893,-3.8318357,0.5420954,0.62149453,11.128496,1.0853784,-21.647707,-1.0974555,-4.1243987,-3.7323387,-41.10703,-0.54430443,-3.8304868,10.777102,0.115884654,0.01576756,0.013447217,2.2167487,0.7481297,0.62666667,0.5018189,0.515,0.42839816,-30.595797,05
43.916145,0.07783657,43.269936,44.206577,46.443115,3.1731796,101.87805,70.388214,24.854527,13.752198,0.9003173,1.3674614,0.0074948464,0.22771582,1.7334194,1.7259246,27.15377,15.14241,14.918628,6.9653206,0.5569196,1.6436757,1.9739145,5.335749,-11.831255,-1.5318189,-2.473232,-4.742134,-21.943264,-1.098415,0.02390494,1.8928311,1.1022115,0.81131494,8.41965,0.5933177,3.790971,2.183604,9.781149,1.0207125,778.7453,0.42933065,971.7092,0.29299864,-140.04086,-0.6397257,1888.3837,0.19410424,800.44135,0.5666712,-114.25531,-0.83424,2976.381,0.111601025,600.5364,0.63212734,-114.95242,-0.8216339,-1.3441098,-6.25284,11.821037,0.6292019,0.15422674,0.16970217,0.00040332272,37.826134,1.210234,0.86968386,6.219706,1.8171617,-23.521051,-0.8539134,-5.073096,-3.2837465,-44.81673,-0.38932905,2.9771957,4.3143034,0.12075798,0.01465568,0.058181666,2.4630542,0.7481297,0.59,0.50918233,0.71999997,0.4382541,-25.558142,05
44.057953,0.11075117,43.18151,44.20668,47.12975,3.9482384,956.976,1252.5593,42.48856,27.401937,0.8964283,1.3522147,0.010453706,0.26038694,1.7235622,1.7131085,24.004784,22.073227,20.509272,9.936058,0.57417715,1.6057674,2.8166704,4.126074,-8.551502,-2.0800993,-0.07790339,-162.04527,-19.465511,-1.2626232,0.027444707,1.7101159,1.0828379,0.8064417,7.7503834,0.72056013,4.361992,3.505558,7.8646564,2.011668,869.36786,0.37906387,1003.24023,0.37581435,-134.76591,-0.6772541,1904.2292,0.19117257,740.75836,0.53895533,-113.75668,-0.82606965,3048.697,0.103170514,615.815,0.6658476,-114.214874,-0.8173818,-2.7089055,-3.297571,12.179359,0.6851888,0.1307705,0.32275814,-0.0027414085,-5.890468,1.2329425,0.8484237,5.96671,2.097855,-20.603397,-0.9436132,-2.4421496,-7.024508,-41.584515,-0.47191083,0.47411644,6.718329,0.09465561,0.013238145,0.059804592,1.9704434,1.2468829,0.354,0.17304334,0.5275,0.36880717,-25.75916,05
42.906708,0.11218467,42.665012,43.996952,44.83078,2.1657677,287.42996,211.29568,37.62214,21.580505,0.743853,1.360519,0.009400101,0.19983566,1.5830035,1.5736034,16.77909,6.778925,15.988361,9.975275,0.4030121,1.7559783,4.432124,2.6407773,-6.6751246,-2.82341,-1.6020703,-7.623477,-21.687443,-1.0887034,0.04037415,3.098253,0.9299454,0.7938509,9.536043,0.59351385,6.7525344,1.3193636,11.696298,0.9306762,863.60333,0.41559985,1011.1414,0.37856367,-128.59116,-0.70548874,1912.4911,0.19544993,742.4239,0.49166295,-111.122696,-0.8333942,3041.594,0.10180679,689.19635,0.6429698,-112.03219,-0.81766725,-6.6159987,-1.4730232,15.814947,0.5884689,0.14120114,0.24506897,-0.0045652688,-3.1843333,0.8373082,0.99733865,10.684546,1.2058878,-17.264269,-1.2737981,-2.401292,-6.900194,-40.88815,-0.5041246,-0.10458059,6.5704,0.11796283,0.01124566,0.015621989,2.255639,0.7614214,0.62333333,0.4325377,0.66333336,0.3423773,-26.774988,05
44.103912,0.051910833,43.424362,44.10649,45.648273,2.2239113,65.278946,55.976986,27.946096,16.966795,1.0046674,1.3399322,0.009283474,0.3036102,2.384679,2.3753955,22.44398,18.957937,20.133398,12.427991,0.6527035,1.5566579,4.278292,2.56885,-8.487113,-2.2092636,-1.9605707,-6.11604,-20.3502,-1.2122873,0.018846948,2.0681038,0.91230655,0.8083858,8.626263,0.6500087,7.0951037,1.3307158,10.569626,0.90338886,838.0621,0.39160123,925.7906,0.39026493,-131.99167,-0.6789791,1927.7229,0.19995953,737.9564,0.5895418,-111.09043,-0.8401408,3032.2253,0.0974866,699.3339,0.80413145,-112.1796,-0.8206889,-2.9983175,-3.148515,12.928045,0.7290491,0.14245845,0.24750252,-0.0024876925,-6.1800094,1.3641222,0.8182879,6.7377515,1.9671091,-20.22318,-1.0261463,-4.593635,-3.4538693,-40.42392,-0.5294048,-1.858476,8.624714,0.11208075,0.0109674735,0.03764418,1.9900497,1.2594458,0.36599997,0.23405981,0.404,0.42377353,-24.516844,05
44.75296,0.048770934,43.52327,44.05535,47.156136,3.632866,17.9194,10.198798,18.05408,15.47101,0.36075932,1.0546854,0.015800083,0.19088617,0.72770786,0.7119078,6.5704856,3.7794464,6.4392147,4.4404173,0.12753244,1.1650181,7.866439,1.9410815,-8.632089,-1.7782555,-3.9442375,-3.6689217,-21.785698,-0.9297555,0.011816567,1.50279,0.8595099,0.9954865,12.38928,0.44476175,7.692641,0.9705414,17.842812,0.6743521,857.61273,0.32935917,1248.653,0.31568503,-124.33428,-0.7233096,1823.6172,0.17756602,862.2027,0.42130944,-114.14516,-0.7730954,3023.9062,0.11320478,716.85095,0.70517266,-117.2582,-0.7227729,-9.259768,-0.89107287,21.370964,0.4803372,0.16318727,0.20047826,-0.0035566718,-3.336854,0.25477108,0.48142225,18.263071,0.73955077,-15.343328,-1.1460348,-9.02579,-2.0632558,-37.015575,-0.5183787,1.4744496,5.7104964,0.119310364,0.00874332,0.014704639,2.1126761,1.4251782,0.32833332,0.1745868,0.422,0.46576384,-36.024433,06
44.135334,0.10624885,43.550526,44.211613,47.151142,3.6006165,155.0404,128.00958,40.786083,17.545097,0.5379831,1.165785,0.009778011,0.27507052,1.0535446,1.0437666,14.443952,11.040585,10.152717,6.414047,0.27778125,1.423226,8.273376,1.5741509,-10.250053,-1.7260054,-1.5141071,-9.137055,-21.058971,-1.0897164,0.029232053,2.628657,0.9827123,0.80522573,10.320664,0.5482523,5.4136033,1.6307453,13.802068,0.72331595,787.9501,0.38190454,1189.4409,0.33864293,-130.50018,-0.69991267,1797.3661,0.18246552,875.5486,0.47517076,-113.064476,-0.81719327,2949.5144,0.11536248,653.4618,0.7450036,-114.87941,-0.7832895,-6.1907473,-1.403981,17.107925,0.51218307,0.14303306,0.24714519,-0.0033341297,-4.5170827,0.5641084,0.7324391,16.24633,0.75535,-21.486444,-0.9178577,-3.389893,-5.181609,-39.810444,-0.5141969,0.21462858,7.1369734,0.09837898,0.0105526075,0.03623521,2.7568922,0.50761425,0.93,0.5,0.6766666,0.43392265,-31.310379,06
44.637913,0.043226667,43.839462,44.151703,46.324677,2.4852142,120.45968,32.25904,10.595992,4.519838,0.608513,1.2716203,0.008409583,0.18606122,1.2974017,1.288992,15.626793,6.9140377,12.56238,7.72089,0.29738784,1.4617599,6.516712,1.7370996,-8.133837,-2.1554053,-2.3004909,-5.0201907,-19.748045,-1.2112277,0.01946532,2.0683806,0.987671,0.9275687,10.469987,0.63891625,5.749333,1.3211291,10.81944,0.7895201,831.6808,0.3673167,1092.1936,0.3331294,-131.04465,-0.6778481,1826.8999,0.17929146,694.17926,0.46334988,-113.17444,-0.8107259,2999.6624,0.09345074,586.7957,0.6738551,-114.83898,-0.7830209,-5.9610147,-1.0342503,16.36714,0.46245772,0.16037136,0.17126323,-0.0018206873,-6.4720273,0.63049406,0.7038751,12.4269705,0.95785457,-19.936916,-0.96331716,-3.7280395,-4.222635,-39.67856,-0.5402437,-1.8435258,9.175693,0.12001043,0.013735805,0.009871463,2.255639,0.7614214,0.6133333,0.4720405,0.67333335,0.42757714,-29.856363,06
43.097366,0.11798163,42.965298,44.12166,45.576397,2.6110992,265.24902,164.92914,77.21181,77.61238,0.6331958,1.3030455,0.008786528,0.15930417,1.316134,1.3073474,13.561877,6.6034927,15.191066,8.069655,0.3204154,1.4734532,7.9483757,1.4738482,-8.570475,-2.1329553,-2.6831362,-4.1261983,-20.123352,-1.1986891,0.037217155,2.6760473,0.9455136,0.9096548,9.8868475,0.6244929,6.0907564,1.5560328,12.9980755,0.7549119,801.6486,0.37796366,1084.4225,0.31471294,-132.13498,-0.6735811,1819.1252,0.1870825,775.05743,0.5560218,-112.16973,-0.8202795,2996.0664,0.09814327,574.84406,0.80119634,-114.18858,-0.78699106,-7.0909176,-1.2980595,17.408049,0.56205934,0.15448149,0.20567831,-0.0036672903,-3.8103225,0.6719783,0.7303796,13.685452,0.91765815,-17.792007,-1.2300767,-3.1457705,-4.676808,-39.533913,-0.56918234,-2.2664676,10.902807,0.119594485,0.012880382,0.014241615,2.0202022,1.0230179,0.45499998,0.22951034,0.4975,0.39606658,-29.072145,06
44.887615,0.043952424,43.79782,44.383644,47.153984,3.356163,28.465267,24.943943,31.862513,25.858076,0.5991165,1.1122144,0.008701447,0.34263426,1.1788483,1.1701468,13.2366495,7.0090055,10.375393,6.8757844,0.28529972,1.2908256,5.6093183,2.2555413,-10.037952,-1.6664068,-0.6629784,-17.390549,-19.348251,-1.1378384,0.01655786,1.5036678,0.85404116,0.74407095,10.6527195,0.5136819,6.057683,1.1716183,11.802315,0.6451226,781.78033,0.38619167,1133.8313,0.3109964,-134.85454,-0.6629677,1821.2678,0.19634122,803.6577,0.5548406,-115.135086,-0.7980422,2934.0867,0.10955884,772.3289,0.57720685,-116.78474,-0.7699325,-5.6199703,-1.252778,16.08819,0.43471318,0.15160674,0.23502949,-0.0013628306,-10.339464,0.56783575,0.6373911,13.651412,0.7344545,-21.356321,-0.83931047,-3.6428344,-4.2603545,-36.56136,-0.5635369,1.8944087,5.2367153,0.10478251,0.008475022,0.05341101,2.669903,0.7371008,0.6166667,0.17249797,0.53749996,0.48173514,-31.118874,06
45.18554,0.12802994,43.877,44.42481,47.37882,3.5018196,291.31442,227.46623,42.274143,28.100222,0.7854729,1.1673098,0.00972152,0.38440478,1.5154729,1.5057514,14.553482,7.5211797,15.244269,10.512461,0.53521895,1.4991424,4.5996795,2.925282,-9.1919985,-1.8613421,-2.2952845,-5.140635,-18.479057,-1.1892799,0.021660184,1.4368805,0.95525694,0.70106447,8.146483,0.82335883,10.425899,1.8585297,11.587095,1.061897,870.93945,0.40825084,1088.0801,0.39846075,-131.37201,-0.6854301,1874.9469,0.20047423,890.5429,0.515331,-110.83555,-0.8319548,2997.0513,0.10307588,789.5949,0.7134565,-112.60537,-0.8007092,-3.9271746,-2.4970014,15.881288,0.64747584,0.12779197,0.33949724,-0.0032009273,-5.009641,1.0763918,0.82349616,10.628282,1.4538462,-19.702318,-0.9789624,-4.9091883,-3.1483338,-36.046886,-0.5572378,1.6520473,6.6192245,0.09689609,0.011414711,0.06288406,2.1844661,0.9828011,0.4825,0.3129197,0.51,0.40031236,-26.373186,06
44.415462,0.07111013,43.56855,44.207565,46.695248,3.1266975,161.81111,122.16929,31.02437,20.40564,0.76186097,1.1845573,0.01027554,0.31590176,1.6735165,1.663241,19.187717,9.849802,11.4905615,6.979464,0.3960872,1.329021,5.1025114,2.28636,-8.318365,-2.0934768,-2.3602211,-5.034325,-20.353859,-1.19323,0.02046548,1.8532227,0.86522317,0.8773698,11.034148,0.40533218,8.000973,0.9592543,13.046543,0.71683246,916.03876,0.4128847,1090.9147,0.39571008,-131.53804,-0.6867615,1867.8713,0.20245102,943.70575,0.5214388,-115.152214,-0.8079203,2985.5693,0.09241055,696.80457,0.6912699,-117.36476,-0.7724992,-5.7376485,-1.1925702,15.387486,0.50699586,0.14772436,0.21447884,-0.004955614,-2.418466,0.8401203,0.5974157,10.943404,1.1038775,-20.88852,-0.907994,-6.4196672,-2.3109338,-41.653877,-0.5183926,-0.60850376,7.4147043,0.10865598,0.010395424,0.049257513,2.4875622,0.7556675,0.5933333,0.1461354,0.53,0.4330127,-27.919388,06
44.036034,0.06327933,43.37337,44.161755,46.38548,3.0121078,178.05432,179.63846,25.236609,15.361649,0.6318825,1.2214459,0.010828673,0.2661887,1.305831,1.2950023,15.67737,9.608394,11.8516245,7.5235605,0.32501286,1.3669405,4.8661604,2.328615,-7.4725127,-2.396273,-3.6488678,-3.5043304,-19.110695,-1.1374322,0.028243871,1.8729255,1.0073568,0.8199914,9.706522,0.60200304,6.5041976,1.1830891,12.979832,0.80398726,867.5824,0.4094079,1021.2742,0.35181507,-136.2155,-0.6475536,1837.8663,0.21701078,781.1341,0.3684301,-116.09528,-0.79264253,3012.8218,0.105862945,595.457,0.726855,-118.46779,-0.75387925,-5.352201,-1.211608,17.053469,0.43745843,0.15688504,0.21919926,-0.0018787477,-5.8089876,0.70113176,0.60318655,11.356587,1.0470883,-17.956726,-1.1437572,-7.1420574,-2.1991384,-37.773373,-0.5122516,0.23803835,7.0735154,0.11059119,0.010195191,0.023267267,2.2959185,0.7751938,0.57666665,0.49868712,0.5175,0.36423722,-29.33439,06
32.148613,0.054150388,31.289232,32.119625,33.534893,2.2456608,183.99805,239.22514,17.688467,8.79871,0.22411022,1.0006286,0.009276547,0.16610917,0.44344532,0.4341688,2.4039772,1.6047318,3.7076402,2.0251424,0.048649788,1.0929483,20.516422,0.8986939,4.702608,2.4127247,14.326481,0.87766457,-2.988606,-6.538555,0.008146404,0.8717875,0.6702031,0.99269414,9.1641655,0.41406047,-0.35669065,-22.831478,18.05996,0.37252334,449.36063,0.37861535,1187.902,0.19582579,-100.258865,-0.953491,1415.9703,0.21047972,860.9049,0.3333437,-103.49515,-0.87655437,2520.484,0.088752344,652.8421,0.50864315,-106.3361,-0.82605827,-13.549512,-0.5216609,21.00478,0.3680082,0.08703806,0.40821493,-0.024336806,-0.5728189,0.085304454,0.57402015,33.051117,0.40773433,1.1169671,11.084749,17.407043,0.91364187,-14.83733,-1.2966592,-13.885838,24.865902,-0.019330885,0.0072610592,0.008760823,1.7316017,1.094092,0.474,0.27507088,0.3483333,0.41614968,-42.817112,01
32.289375,0.035375822,31.405296,32.021088,33.646885,2.2415886,17.155088,6.2908196,8.723329,5.923902,0.21311234,0.99502647,0.009617662,0.16291209,0.40134338,0.39172572,2.3556807,1.7848078,3.583955,1.833569,0.045363337,1.0973539,20.616573,0.88422954,3.9736876,3.0495245,12.956703,0.89979637,-3.9243925,-5.0248175,0.010350793,1.183014,0.78947556,1.0100111,9.4211445,0.3420613,0.6501721,11.427286,20.947931,0.26641104,464.25284,0.42278332,1209.6398,0.21109001,-96.38549,-1.0002692,1431.8837,0.20835806,922.10864,0.30217203,-100.97276,-0.89675677,2551.3726,0.07893053,694.715,0.5227505,-104.671814,-0.83139884,-14.48609,-0.4108277,22.271338,0.29410157,0.08503408,0.40751493,-0.022811033,-0.55694586,0.07864416,0.5734792,33.392094,0.37030855,2.6908863,4.758076,15.510806,0.93196404,-14.703556,-1.3707753,-10.984825,21.91555,-0.007163118,0.0069779973,0.006816174,1.7429196,0.88105726,0.60749996,0.24883477,0.5025,0.44493678,-43.32506,01
32.119595,0.06210353,31.483852,32.113995,33.735054,2.2512016,857.1654,842.8722,16.898367,12.301411,0.18007691,0.97184473,0.008933813,0.14678478,0.3576131,0.34867927,2.3024628,1.7466344,2.5433946,1.3911465,0.04315046,1.0746658,18.362238,1.0645344,7.7355065,1.4874794,14.118564,0.71772575,-2.1152139,-8.909134,0.0086850105,0.9374578,0.732171,0.8955854,8.669004,0.44515032,1.8185754,4.5078197,21.946955,0.25971282,460.4682,0.4501502,1186.1302,0.22808217,-108.61062,-0.88409567,1426.2786,0.21931222,851.9266,0.3344072,-111.77062,-0.80210507,2538.0623,0.10603762,675.7511,0.54478794,-114.44448,-0.75732464,-13.976736,-0.54283607,21.767479,0.35356107,0.098271966,0.37287322,-0.022754958,-0.5861444,0.079080716,0.5130999,32.35865,0.47000724,1.9617951,5.714872,17.871141,0.6723357,-15.729236,-1.1866021,-12.660863,23.212553,-0.010775099,0.0064377612,0.010455087,1.9313306,1.5184381,0.31142855,0.16694126,0.32714286,0.4077364,-45.050816,01
32.394814,0.04147729,31.56786,32.10486,33.91295,2.345089,11.729899,4.2974815,11.115897,4.698641,0.2047999,0.915327,0.0104169855,0.18538457,0.39599097,0.38557398,1.8233882,0.95877516,2.7860107,1.8123683,0.04235421,0.99131525,21.394146,0.9029098,6.844409,1.78482,14.148541,0.82767344,1.6462202,10.254121,0.00912966,1.5708405,0.69255185,1.1541498,9.80503,0.33073345,1.346486,5.844423,21.539787,0.26845023,488.32004,0.4355142,1161.4503,0.20492613,-102.61907,-0.9319489,1472.9408,0.19978893,859.6036,0.2979536,-107.55963,-0.8286152,2543.8462,0.09709332,752.0091,0.4439948,-110.49792,-0.77960044,-14.002184,-0.4725141,22.175774,0.3381357,0.09021907,0.4166524,-0.022249963,-0.50766784,0.07231235,0.51267076,34.516747,0.40035942,1.2078565,8.159381,17.236134,0.7751579,-9.4236355,-1.6665084,-14.480945,25.206163,-0.021905245,0.006776896,0.012344516,1.754386,1.330377,0.36666667,0.13274871,0.26375,0.33992416,-43.886154,01
32.772533,0.071823694,31.425215,32.03372,35.59331,4.1680965,21.146141,18.500248,6.4756565,7.5632277,0.12135262,0.8874994,0.0092894435,0.1051659,0.22142965,0.2121402,1.5832034,1.2831576,1.5583783,0.6791714,0.022350274,0.9455195,22.137424,0.8503696,11.732305,0.8150585,14.598361,1.0643184,1.1817465,15.678151,0.00961229,1.4731474,0.66871816,1.2909702,10.5938635,0.27380356,3.4789057,1.9550588,24.880415,0.2911416,448.56866,0.2939913,1242.8771,0.16372524,-102.195854,-0.92354673,1464.9982,0.1918983,804.18866,0.33439288,-106.36918,-0.81660247,2648.1199,0.060791053,770.6942,0.6423809,-111.27659,-0.7386638,-18.26312,-0.4292053,27.881285,0.32559827,0.07755496,0.40297657,-0.022874672,-0.59092534,0.0354786,0.51689637,35.202606,0.28878328,12.060986,0.6984943,17.975971,1.0721735,-7.8855653,-2.5601983,-11.658089,22.569159,0.002465401,0.005779546,0.007875126,2.226345,1.3108615,0.39714286,0.24311748,0.30124998,0.36944002,-49.008587,02
32.231956,0.08351318,31.029186,31.846924,35.285057,4.255871,21.671711,6.4171777,18.351736,12.379251,0.27772856,0.90958893,0.008750752,0.23876905,0.49681062,0.48805988,2.37785,1.7584386,3.7132864,1.9482334,0.07090223,1.0291456,21.547056,0.83752537,3.7159789,2.7672646,12.5351715,1.2372003,-11.257748,-2.0719848,0.018240675,2.1414344,0.74703693,0.9806594,8.677386,0.42218655,1.1957226,8.2393055,17.440844,0.40743342,476.2629,0.43173,1196.4332,0.20096649,-87.33257,-1.0927755,1518.5807,0.24580152,763.3601,0.44553766,-85.09364,-1.0305257,2632.5374,0.11117619,657.91113,0.56518,-87.18344,-0.9845749,-14.417846,-0.4185868,20.63162,0.30935887,0.096568994,0.45033613,-0.028702071,-0.53294754,0.10983742,0.6055665,32.751907,0.33102545,2.0329132,5.535902,17.288275,1.003572,-20.881319,-1.1643609,-9.507003,19.590399,0.036319572,0.010502643,0.008638845,1.3745705,0.8665511,0.71,0.9285903,0.29714283,0.40885603,-40.44471,02
32.555187,0.065340765,31.379349,31.921799,35.38458,4.00523,8.784769,3.4729261,17.34315,10.612008,0.10995777,0.8498214,0.0099837715,0.10439205,0.19672541,0.18674164,1.2006865,0.8680736,1.1055958,0.6045683,0.019957336,1.0205431,21.179522,0.9783929,14.042963,0.7002182,10.433556,1.052878,0.33138484,53.73161,0.007107888,1.1270233,0.5468242,1.0297514,10.330769,0.3190867,2.9556105,2.3818564,27.760788,0.203509,486.0696,0.42226997,1220.2213,0.22567102,-106.52886,-0.87591326,1447.708,0.21054018,851.544,0.26077995,-110.582466,-0.7822047,2703.875,0.07999269,673.33014,0.5576793,-116.84158,-0.68686795,-18.0561,-0.4225388,29.44057,0.3083922,0.071409345,0.48399642,-0.021158803,-0.5458459,0.031756762,0.62501335,36.089706,0.36176416,14.505062,0.55821544,11.760396,1.0785098,-11.7997,-1.4050226,-12.397518,23.601086,-0.005887678,0.0076830625,0.008160606,1.9762846,1.5968064,0.31,0.18540497,0.2622222,0.340352,-50.326733,02
32.234776,0.08713995,31.193127,31.84995,35.367504,4.1743774,30.817486,22.282253,10.714844,10.206169,0.1594756,0.89468426,0.0157842,0.1535759,0.25903392,0.24324971,1.5990292,1.2175746,2.013446,1.3219925,0.03230027,1.0567312,23.59235,0.8099031,8.749395,1.365141,10.341517,1.1969506,-2.0878897,-9.554475,0.010260033,1.2642713,0.61866236,0.99717647,9.201068,0.45547765,1.8630396,3.86053,21.420616,0.36811396,492.1676,0.48946196,1156.4382,0.27054334,-94.67272,-0.9894299,1464.8873,0.23642589,865.86005,0.27704346,-99.84486,-0.8782586,2633.8315,0.10166579,613.2689,0.6229608,-103.69068,-0.8100072,-15.2967415,-0.47418943,23.778889,0.32422292,0.0820477,0.44774872,-0.022534806,-0.5652173,0.0500022,0.6835811,33.527317,0.4334185,7.79114,1.3527943,12.610785,1.0640173,-11.189443,-1.9661239,-10.562688,21.493656,0.015213162,0.0014567403,0.010932416,1.5625,1.775148,0.30444443,0.23697685,0.21399999,0.29428557,-47.086025,02
32.01212,0.083978795,31.187317,31.745102,34.592274,3.4049568,25.622534,13.371455,24.51773,12.859514,0.19059156,0.9665468,0.007716533,0.15042074,0.33543983,0.3277233,2.0990896,1.5989548,1.807555,1.2932878,0.04172872,1.0963889,23.101124,0.8566377,5.615074,2.1099386,15.99251,1.0095578,-5.8060503,-3.4503298,0.016686166,2.2497,0.72458607,1.1301293,9.107648,0.3747231,1.5432655,5.217051,20.697277,0.44194776,421.23642,0.34270644,1210.9617,0.19952574,-88.10313,-1.0771029,1391.1945,0.18527126,845.2128,0.34413052,-93.17727,-0.9386206,2536.199,0.08059966,679.5552,0.55179286,-95.88399,-0.8900009,-15.405523,-0.53431356,22.872751,0.4370306,0.08229208,0.42700323,-0.028016683,-0.4637944,0.0649519,0.6944594,36.202133,0.29206535,3.9047375,3.3632724,21.231813,0.8385799,-13.655884,-1.5626924,-11.125376,21.25325,0.034347977,0.011450682,0.010955616,1.3136289,0.9933775,0.59166664,0.42013553,0.33714285,0.40622702,-44.708225,02
32.201534,0.08372524,31.17107,31.81781,35.06443,3.8933601,20.616404,7.9838467,28.005009,15.431358,0.2544555,0.9338167,0.0135436645,0.20764987,0.48419502,0.47065136,1.9640077,1.4005017,2.6034791,1.7472559,0.06518965,1.1700941,23.069263,0.76071435,0.76867783,16.12996,16.747149,1.0805684,-5.065546,-3.5314705,0.01099042,1.1333358,0.67708004,0.83859485,8.716468,0.3971536,2.648446,3.5919101,18.623266,0.4036716,414.24576,0.38987422,1171.4283,0.18705587,-89.569756,-1.067899,1405.8346,0.18544179,803.77747,0.391489,-91.09268,-0.95757276,2486.5908,0.08026786,698.9287,0.4651031,-91.59797,-0.94903105,-13.533709,-0.5775937,19.887472,0.45610112,0.09936305,0.4140955,-0.027621608,-0.4240378,0.10176549,0.7693374,33.723545,0.31133735,-1.0937846,-11.7783575,24.246597,0.7694187,-11.614892,-1.6702671,-8.453647,19.590263,0.032657046,0.008787607,0.013138832,1.461039,0.9819968,0.6016667,0.26346514,0.3866667,0.42503592,-42.023937,02
32.129997,0.0762287,31.023129,31.907372,34.874542,3.8514137,41.238323,53.947884,19.627298,15.9164505,0.19123289,0.9622621,0.0091662705,0.17035416,0.29742318,0.2882569,1.7369173,1.3706493,1.7475935,1.1667056,0.047920614,1.4225148,24.316456,0.84072596,8.387155,1.3707798,11.541527,1.054721,-8.210397,-3.057643,0.014860574,2.4132464,0.7206222,0.9482124,8.8719635,0.43507203,1.9881674,3.7335672,22.432146,0.36138818,440.1517,0.38063323,1229.8829,0.20593184,-83.351654,-1.1133323,1380.8678,0.21155457,889.4037,0.2925162,-86.54182,-1.0128738,2610.438,0.07651818,616.1335,0.6172491,-92.69185,-0.89078295,-15.814172,-0.51044464,24.934261,0.34548268,0.08564195,0.3951173,-0.027088787,-0.5374469,0.07190185,1.0617874,36.18422,0.33695057,5.7799797,1.9964916,13.573152,1.0158887,-19.060947,-1.3569245,-12.209478,22.352936,0.02071021,0.010152492,0.01097442,1.5463918,1.2131716,0.5042857,0.34254748,0.29714283,0.37487957,-43.81637,02
31.699884,0.12086387,30.872654,31.886856,35.32012,4.447468,54.54827,34.767357,34.30745,12.341339,0.26841447,0.99807024,0.01283041,0.20640302,0.5037396,0.4909092,2.1745877,1.5649848,2.2873013,1.1020539,0.071363494,1.4247838,24.552696,0.76039,3.1264837,4.883158,10.887798,1.2813239,-6.4823594,-3.503077,0.021336507,2.5568128,0.7844321,1.0086236,8.388747,0.47445217,3.1187677,2.9581373,20.105644,0.4981359,450.2151,0.47646052,1207.412,0.21566701,-83.177986,-1.1344069,1410.8575,0.21063901,868.4037,0.32323515,-84.60766,-1.0443988,2564.384,0.099193715,662.8488,0.5304713,-88.07409,-0.9700561,-14.92625,-0.5691895,23.008644,0.41843507,0.08986162,0.5461772,-0.025827305,-0.50725734,0.10892695,1.0287923,34.94669,0.35723254,0.7331639,22.313828,15.840968,0.90287805,-14.891068,-1.6603925,-8.227538,19.751257,0.01206511,0.004769296,0.008778443,1.5025042,0.84175086,0.74,0.49827704,0.424,0.41950443,-39.827835,02
32.17083,0.096265815,30.873722,31.819517,35.27609,4.4023666,207.98848,147.76231,17.55278,13.714918,0.17960027,1.0183105,0.00728824,0.13514072,0.3477366,0.34044835,3.831372,3.2850554,3.4141202,2.0199847,0.060139608,1.1745429,15.434629,1.268998,7.830241,1.2970502,10.948863,1.163518,2.653724,5.9789705,0.018970566,1.4198195,1.0399648,0.7546014,8.024025,0.466087,5.412443,1.3880386,23.674463,0.24380316,518.2089,0.4650689,1192.1908,0.24933484,-118.67105,-0.7860247,1548.852,0.22968467,827.75775,0.41669768,-120.44613,-0.7180288,2613.224,0.12373383,799.18756,0.43254763,-122.80212,-0.6805677,-15.590404,-0.5050659,24.263807,0.35342756,0.055507455,0.83592075,-0.017465375,-0.81273556,0.115063325,0.546983,31.889091,0.4640176,8.964902,1.2836303,14.524947,1.1672381,-4.8656044,-4.01988,-7.7098517,18.523996,0.0014054873,0.0103785945,0.016167132,2.5252526,1.534527,0.285,0.10904892,0.41,0.43252745,-43.98621,03
31.780775,0.120692916,31.004257,31.936022,33.185986,2.1817284,145.55649,196.89401,50.668533,51.303608,0.24603252,1.083039,0.00830716,0.16172582,0.4878865,0.47957933,6.4656296,4.1647706,4.3506975,2.1897519,0.10937909,1.2357017,17.010366,0.9792319,8.6898155,1.1344697,9.82234,1.4043223,2.4428813,6.815772,0.043431684,2.4167395,1.0864499,0.7537965,7.2634254,0.56272924,4.3951683,1.8365837,22.917252,0.31103644,491.63052,0.3734497,1215.5828,0.19971052,-115.83149,-0.81689316,1539.616,0.2069742,842.9794,0.5109987,-117.53147,-0.75246227,2595.4841,0.11304721,792.34656,0.4537332,-120.40399,-0.7072929,-14.757589,-0.4948442,24.03208,0.31999916,0.024219573,1.9049518,-0.018003792,-0.8507507,0.20648926,0.6473964,29.338324,0.45598125,7.54126,1.5140873,11.895338,1.4885463,-5.5165253,-3.6918116,-11.91973,22.839369,-0.010392684,0.005443387,0.028492808,2.6894867,1.2376238,0.36599997,0.25096613,0.35,0.42426407,-40.390427,03
31.926064,0.09599542,30.813936,31.703484,34.834908,4.0209713,195.72836,242.99013,19.872948,8.783508,0.23698506,0.89516425,0.012751227,0.2345446,0.43187627,0.41912505,2.9732234,1.7229179,3.3704379,1.4544284,0.078979306,1.1454992,20.705914,0.9966549,9.082335,1.3497752,10.251922,1.194174,1.5627737,12.838879,0.02360066,2.6983213,0.92512465,0.9579824,8.156968,0.49256662,2.628953,2.8394012,24.235662,0.2307068,529.3045,0.46570063,1244.6329,0.22676313,-98.39971,-0.9562702,1483.6287,0.22028941,910.04694,0.3048999,-102.21582,-0.85805184,2635.6917,0.10539207,716.1415,0.5333436,-106.42981,-0.7867035,-17.029423,-0.46981186,26.362104,0.34450227,0.065393865,0.6557152,-0.023325982,-0.6970357,0.1311181,0.66227573,34.54735,0.44472563,10.709386,0.9055105,12.373776,1.2299613,-7.390559,-3.0340288,-6.4583616,18.930008,-0.0041300254,0.009889263,0.016510239,2.9411764,0.91533184,0.59499997,0.6877681,0.38,0.38641945,-40.800434,03
32.78148,0.084424935,31.06604,31.880545,35.27414,4.2080994,20.745481,6.7032695,6.734895,5.8932967,0.13961665,1.0605739,0.008761223,0.0849222,0.26627496,0.25751373,3.938712,2.395573,2.9186468,1.7615526,0.04944818,1.4139501,17.337582,1.1344349,12.209416,0.7146754,13.593744,0.6690666,3.061763,5.3075047,0.013972124,1.15946,1.0827987,0.9380017,8.346846,0.4956232,5.565388,1.5952733,24.074633,0.3192867,555.7757,0.47245058,1155.0862,0.2611763,-124.38854,-0.7247497,1567.6938,0.2671328,815.0358,0.34335515,-124.135056,-0.67974776,2657.9639,0.104493834,687.49615,0.46422654,-126.50379,-0.64461344,-17.663357,-0.4927605,26.057743,0.34146747,0.052310735,0.9380852,-0.020489296,-0.76864636,0.09791825,0.8436452,32.445877,0.48724753,11.032819,0.79742765,16.70105,0.684038,-8.233476,-2.1968787,-14.681734,25.847017,-0.032876894,0.0074420073,0.013482035,2.1479714,1.9323672,0.21249999,0.17907749,0.2775,0.36502567,-45.857315,03
32.864212,0.14677571,30.887054,32.07587,35.673683,4.7866287,88.10753,77.34119,59.913635,54.914528,0.4829392,0.9593689,0.01005144,0.40367863,0.8980876,0.8880362,5.861644,3.749617,6.640906,5.0118775,0.17662229,1.0871361,17.52298,0.9537356,0.6077603,21.857203,12.852764,1.2891762,1.1205549,17.771389,0.022256652,2.1824923,0.8913943,0.77884465,6.173251,0.80317277,-0.85728216,-13.712458,11.820685,0.9581419,625.3149,0.5260548,1102.0768,0.31872723,-90.90044,-1.0295033,1638.183,0.2518086,793.2012,0.4361522,-83.12923,-1.0778667,2682.162,0.1276538,734.6352,0.5297837,-84.433044,-1.0476421,-9.054432,-0.9788504,15.245869,0.60225105,0.07455549,0.6086033,-0.022165552,-0.7911614,0.27120763,0.67682207,25.562475,0.54725045,-3.1634924,-4.5328617,15.533532,1.279091,-4.834342,-4.534918,-9.274874,19.008764,0.0009623271,0.007854425,0.018970596,1.9267823,0.77821016,0.805,0.932376,0.36599997,0.32542896,-35.068783,03
32.311035,0.091579,31.212317,32.144882,35.246574,4.034258,30.982346,25.565365,27.87748,11.5973625,0.46982583,0.98050576,0.05750073,0.42113054,0.78583676,0.72833604,7.6590915,4.8760376,6.4224644,3.4019177,0.19144186,1.2341397,16.56061,0.93761396,1.0233376,12.483597,12.826812,1.4517903,0.32390386,61.40036,0.019406416,3.058775,0.9143277,0.8006251,6.6482644,0.6315045,1.7482967,5.3838363,14.544259,0.52251524,629.6584,0.46709588,1136.6606,0.29998037,-108.79131,-0.8644997,1686.5774,0.24321012,774.0389,0.48235112,-99.703766,-0.9164288,2713.0334,0.12258669,787.61316,0.4865123,-100.60491,-0.89885116,-10.237756,-0.89029187,16.598612,0.58336174,0.06309756,0.739223,-0.023852669,-0.7875338,0.32487422,0.74765927,26.21354,0.5007579,-0.03547884,-383.0776,18.600204,1.1848457,-7.1258364,-3.2567647,-7.873683,18.394676,-0.00083657965,0.007253239,0.030756265,2.2633746,1.2474012,0.4333333,0.21320309,0.29714283,0.4137533,-34.69808,03
31.578068,0.12324429,30.663345,31.67571,34.056217,3.3928719,32.4025,30.413908,38.98165,24.452482,0.4823713,0.98204297,0.010477731,0.44774857,0.8504319,0.8399542,6.513189,5.3224936,6.1571994,3.6560066,0.21482296,1.1058879,17.574524,0.969172,2.1893897,6.638671,10.9089365,1.246413,-3.8796008,-5.2632513,0.037962556,2.3381948,0.9941223,0.81493914,5.647199,0.6278406,0.47297868,21.17711,14.802468,0.51910454,754.97766,0.41625187,1092.3011,0.2834004,-101.316216,-0.9382596,1885.436,0.21473001,781.6746,0.47007418,-96.60663,-0.9499732,2861.7239,0.11684761,908.9939,0.5717544,-97.80569,-0.92661476,-10.932588,-0.7365664,16.490957,0.49850664,0.085446306,0.5513744,-0.025259322,-0.6893094,0.36392447,0.58644795,27.988462,0.45379198,-3.0118334,-5.0039983,14.858841,1.094963,-12.913519,-1.7817934,-9.3818245,19.311049,0.003738893,0.005216133,0.031745512,2.3809524,1.094092,0.5,0.37432605,0.32666668,0.36795226,-34.40072,03
32.357426,0.15470776,30.670424,31.74858,35.320465,4.6500416,55.00428,17.108202,29.574167,13.770727,0.43528143,0.7704404,0.02233152,0.51115066,0.7496073,0.7272758,3.928423,2.252879,4.3445096,2.6687627,0.15242782,0.88562524,17.26904,1.0974807,4.899994,2.433136,8.734434,1.5912462,-2.1087816,-8.353532,0.021252437,3.042753,0.83983463,0.84609413,7.2069683,0.55162126,0.3021407,32.248596,16.087894,0.38876864,562.7646,0.46398273,1182.0054,0.21304113,-103.631546,-0.9206191,1598.5598,0.24497576,813.1379,0.34324282,-95.42494,-0.9387437,2656.2258,0.1156678,778.54114,0.6075017,-97.275215,-0.90093964,-12.118676,-0.59579766,18.312883,0.44133416,0.07587172,0.6251729,-0.026790336,-0.7065711,0.24050106,0.42982936,27.999847,0.5341413,3.2795744,3.5105236,10.200924,1.6655867,-9.092667,-2.1651342,-6.378675,15.942446,-0.0024412624,0.004774824,0.035138544,3.206413,1.2145749,0.4683333,0.27485853,0.33166668,0.37378317,-36.004833,03
31.483852,0.08685196,30.62844,31.698734,34.013145,3.3847046,25.949097,11.65751,15.21176,7.8192177,0.23678145,0.9341382,0.008952229,0.21287619,0.40345705,0.39450482,2.5901608,2.53612,3.7718425,2.3273678,0.055036113,0.9554404,23.029036,0.8355584,9.256135,1.0464094,14.35623,0.94758946,-1.2016969,-15.016307,0.027909689,2.6559014,0.67166156,0.9283631,8.962637,0.42910317,1.3964546,5.474123,20.838533,0.34421292,474.57648,0.50350523,1262.777,0.21390371,-83.729294,-1.1199367,1417.5217,0.2542037,948.2154,0.45736444,-87.05006,-0.99566,2532.6611,0.1066266,680.3675,0.5266827,-90.2962,-0.93005437,-16.608543,-0.43615684,23.45381,0.3181613,0.084881455,0.49014664,-0.026947606,-0.55321074,0.08195211,0.5626535,34.62458,0.36003545,8.363799,1.3098875,16.536034,0.97673106,-7.996112,-2.3535824,-13.541582,23.848837,-0.009011871,0.0086136935,0.011072628,1.6393443,0.7352941,0.84,0.36359316,0.32666668,0.41092035,-41.406666,04
31.54586,0.070939966,30.692759,31.627066,32.72294,2.03018,45.24358,51.56823,16.81785,7.7431836,0.22849232,0.9069286,0.011875642,0.21271579,0.3835593,0.37168366,2.7306962,2.1555564,3.325162,2.103724,0.057507686,0.974552,23.012188,0.8043182,5.5212607,1.8159344,11.186809,1.1310657,-5.461991,-3.3987296,0.022616869,1.948417,0.79503524,0.9321297,8.512982,0.4095718,0.22609924,34.020634,20.941828,0.35421458,501.71152,0.46666604,1290.2229,0.19829218,-93.07655,-1.0255053,1493.7523,0.25059327,930.66046,0.4679531,-93.08814,-0.946987,2607.2676,0.12104718,703.1334,0.50442046,-95.8901,-0.8921041,-16.210804,-0.45977792,22.655327,0.3260488,0.09356696,0.40475145,-0.030065263,-0.54815066,0.09052366,0.5411293,35.12811,0.34648147,5.675634,1.858414,14.370672,1.0168049,-12.740674,-1.6097898,-8.661952,19.913284,0.026997656,0.009067182,0.013065949,1.6393443,1.1029412,0.52166665,0.27546424,0.36166668,0.40242663,-42.208668,04
31.36816,0.11592563,31.079895,31.698523,33.206966,2.1270714,52.016098,34.2803,24.451687,15.7050295,0.1983211,0.91400737,0.009692257,0.18937251,0.35017455,0.3404823,1.5254084,0.8863985,2.7204623,1.6823369,0.041193765,0.9826951,23.997719,0.8087688,11.039359,0.95445687,12.952009,0.76513976,0.63021797,23.256971,0.014494219,2.0281963,0.6284646,0.9864336,9.049468,0.48225164,2.2021046,3.1615796,23.481369,0.36168247,526.2824,0.53143746,1236.3264,0.2339059,-84.552345,-1.1106582,1462.5338,0.25569794,962.1892,0.30577177,-90.77323,-0.9603345,2618.7734,0.13728788,740.27045,0.46198434,-94.9743,-0.8813679,-17.28891,-0.4524952,24.480936,0.34144872,0.08246043,0.54302484,-0.025965154,-0.54144526,0.063021205,0.593731,35.049004,0.4027842,9.781502,1.1728338,14.990915,0.7092588,-5.543348,-2.7482486,-13.788425,24.736994,-0.011011015,0.0053703794,0.008524695,1.5810276,0.998004,0.59999996,0.37952602,0.31666666,0.3740618,-43.59294,04
31.35505,0.08986473,30.58543,31.622465,32.59278,2.007351,31.592218,16.938177,10.032314,4.0406623,0.26657555,0.8963621,0.011992013,0.25473577,0.46949488,0.45750287,2.1943548,1.1954348,3.6229563,2.5751386,0.06764959,0.9002963,23.524351,0.79272443,7.6409216,1.6704057,12.747852,0.7614877,-2.4902346,-6.9663844,0.01802996,2.0300913,0.77652246,0.8384568,8.329663,0.5015495,1.1303762,7.4496503,22.278164,0.42205223,469.3138,0.49958533,1266.7046,0.20011346,-87.553085,-1.0841838,1393.7607,0.22660014,961.60675,0.27283877,-90.75,-0.9805781,2551.1895,0.113706015,694.4355,0.50182116,-94.938,-0.8991574,-15.846739,-0.51785564,23.328905,0.34831148,0.08761672,0.48932397,-0.027020968,-0.5973913,0.1039451,0.4716097,34.50276,0.3745343,5.2773237,2.388296,13.043963,0.88921344,-9.667411,-1.8916079,-12.490765,23.223063,-0.008462454,0.0035136868,0.015072725,1.5936255,1.2072436,0.48666668,0.17792007,0.2742857,0.354798,-40.318253,04
32.500366,0.05046456,31.278997,31.923098,34.611713,3.332716,65.59019,64.31514,15.36241,14.190312,0.1127703,0.89951223,0.015944835,0.07876004,0.19923584,0.183291,2.209015,1.2577755,1.8505236,1.2594708,0.028894082,1.078014,19.911177,0.87444836,9.476866,1.1640462,11.40803,0.8968627,3.699068,4.07709,0.01728107,1.3770031,0.78784335,0.6692024,9.546106,0.3038543,3.8910627,2.209077,25.609743,0.25875103,523.67316,0.48893276,1249.3413,0.253056,-129.04623,-0.69295925,1537.5446,0.2674655,872.397,0.3040052,-127.09429,-0.6661459,2648.5615,0.1274066,715.3855,0.47134236,-130.65216,-0.61531746,-19.285471,-0.45572284,27.2009,0.3290261,0.07191443,0.40567285,-0.021131847,-0.6772686,0.05354957,0.592962,34.488262,0.34906837,12.818928,0.92163855,12.771735,1.0091255,-1.9047829,-10.097052,-10.88427,21.446129,0.011266431,0.0050242157,0.011820903,3.8834953,1.7199018,0.23142856,0.107361674,0.2875,0.35350916,-49.44782,04
32.50168,0.046842877,31.411814,31.848753,34.194042,2.7822285,29.35152,22.862213,20.282917,8.455334,0.14264327,0.9968685,0.009138238,0.09725745,0.2683901,0.25925186,2.9619415,1.9595877,2.2485025,1.3257678,0.04214607,1.2412668,18.47929,1.0062269,11.386494,0.8375468,13.164559,0.7856363,4.3812037,3.6715388,0.017067917,1.1810281,1.0334737,0.9687861,8.761529,0.38954902,2.5037987,3.9813495,23.146175,0.2743668,526.97296,0.48139727,1232.7886,0.26564667,-119.5514,-0.7711054,1487.0952,0.24565932,870.7067,0.28898105,-119.07034,-0.72618204,2574.9927,0.11584367,643.02045,0.4119226,-122.00748,-0.68193203,-18.283075,-0.40931317,25.554655,0.31469664,0.078632906,0.5810413,-0.023540588,-0.63419414,0.079839185,0.6728556,33.69411,0.35122687,9.838794,1.019931,13.802686,1.016071,-3.339489,-5.76141,-13.336875,22.983297,-0.0089307,0.004649799,0.010959685,3.0516434,1.6627078,0.2642857,0.20961577,0.27625,0.3840227,-46.078667,04
32.471394,0.048682664,31.419651,31.909912,33.9717,2.5520477,27.308458,12.945136,30.008823,47.606228,0.10762561,0.8962974,0.008740907,0.09730455,0.18749486,0.17875396,1.1750871,0.64686483,1.3436545,0.78268,0.024046637,1.0916235,21.811493,0.93204105,12.641875,0.8063988,12.968085,0.66333115,4.210357,3.4534764,0.011895569,1.3612424,0.7761263,0.9290025,9.874741,0.33225828,5.3659186,1.5729185,27.052341,0.2827438,532.62213,0.48930344,1257.7582,0.19418612,-106.701645,-0.8757297,1500.5844,0.25022158,932.60187,0.29358912,-109.66648,-0.78848857,2580.8147,0.1289064,770.46735,0.48947775,-114.17844,-0.7177638,-20.225096,-0.43280697,28.928816,0.2898703,0.06966876,0.5023137,-0.021551732,-0.70586294,0.040472306,0.6448167,37.287544,0.33964851,14.34893,0.7547438,14.816718,0.6094781,0.14900213,121.56924,-11.5562725,21.754198,0.0012073825,0.006936415,0.006935254,2.8225806,1.221996,0.415,0.22566567,0.32714286,0.4082616,-49.367104,04
32.539272,0.04539951,31.367382,32.000137,34.113804,2.7464218,25.469227,25.538465,20.290007,6.733778,0.11938657,0.9275744,0.010194597,0.09153448,0.22228327,0.21208867,2.2704742,1.8396046,1.3286003,0.6991886,0.031781297,1.2099061,20.193224,0.8745998,14.261281,0.7118475,15.043266,0.6173477,5.1367207,2.5503654,0.015323335,1.3004488,1.0099546,0.8979987,9.0891485,0.41406816,5.307546,2.0539262,24.312246,0.3020563,561.50714,0.5299951,1157.4038,0.28733635,-121.12281,-0.76220506,1550.2891,0.26719552,854.7271,0.33862427,-123.74557,-0.68913436,2583.134,0.13155222,746.8253,0.44552788,-126.15804,-0.65455425,-18.124569,-0.43121362,26.153105,0.3249782,0.07750522,0.5341996,-0.020313371,-0.75275123,0.05901061,0.72526854,32.599808,0.43149304,12.291611,0.82608086,15.298739,0.7663396,-0.9623492,-16.781364,-17.133705,26.688358,-0.0011322589,0.002219963,0.011391499,2.777778,1.6393442,0.25714284,0.07264675,0.32999998,0.34521213,-47.864834,04
31.93494,0.05846127,30.628317,31.695147,33.76141,3.1330929,27.637222,13.786436,22.817863,7.5637875,0.45152867,0.99575233,0.01317352,0.32220837,0.8437554,0.8305819,6.7895856,4.963359,5.8012943,2.9658127,0.18349232,1.1174777,17.326256,1.0433645,-0.85799944,-17.109453,15.280346,0.8800507,-6.5041604,-3.3635178,0.020969352,1.271646,1.1488143,0.73584366,6.066581,0.5222567,0.22050895,41.230457,12.822379,0.55343395,784.64386,0.3481045,1042.2526,0.2996253,-98.48182,-0.9754959,1944.2262,0.1655752,749.1416,0.4458049,-99.43159,-0.91383183,2893.1738,0.1023211,933.56177,0.4203694,-98.84758,-0.9238771,-9.425464,-0.7562525,14.994411,0.50898266,0.09176054,0.43852153,-0.024877558,-0.6377578,0.31705457,0.60011274,28.31217,0.46424627,-7.400346,-2.028108,18.260153,0.89630276,-16.741287,-1.4452906,-10.218198,19.666542,-0.006646108,0.005053931,0.02688269,2.5193799,1.1741683,0.45666668,0.2026217,0.32,0.40178177,-35.018726,05
31.84856,0.08248476,30.865496,31.77587,33.998592,3.1330967,35.19007,33.42809,44.299694,40.583073,0.5375439,1.0054616,0.013699597,0.41118455,1.0542223,1.0405227,9.01831,5.6391654,7.7456393,4.6079164,0.24315532,1.1734784,17.865364,0.95862323,-4.4604445,-3.5298486,16.82714,0.9998305,-3.579978,-5.3042665,0.020780632,1.4419446,1.0635535,0.7244349,5.264083,0.75682545,2.8934546,5.070103,12.977784,0.58229196,813.7071,0.34503204,1025.7434,0.32988897,-98.470085,-0.9740375,1924.1613,0.16698197,846.9242,0.43088877,-97.25401,-0.95499,2848.0676,0.099964105,964.90173,0.4184583,-97.59154,-0.948082,-7.5934954,-0.95374095,13.354576,0.6162879,0.08443445,0.508418,-0.022194443,-0.6537153,0.4289359,0.62844557,28.809786,0.4096627,-12.678695,-1.2125481,22.093353,0.90335995,-11.561982,-1.8545382,-9.801204,20.025045,-0.0066274214,0.005321493,0.02479233,2.282158,0.8385744,0.6475,0.67861533,0.41799998,0.4391537,-33.1977,05
31.554674,0.12716515,30.169003,31.391823,32.60537,2.436367,74.99082,34.826527,196.01762,301.87082,0.3016531,1.0858109,0.009976006,0.159022,0.6366634,0.62668735,6.2403197,4.677682,4.7472644,3.1854715,0.13507327,1.2505177,19.930084,0.97267246,7.2847834,2.107603,14.096377,0.7719449,-2.565391,-8.890304,0.023809336,1.0517732,1.1726042,0.73119515,5.6740513,0.66530854,2.1064355,5.8963847,19.391163,0.48639306,689.6548,0.40108827,1135.3649,0.22587517,-107.41867,-0.88049966,1787.248,0.2093466,791.47675,0.51410824,-107.52865,-0.82695335,2796.5923,0.11444317,831.1416,0.48984742,-109.133385,-0.8001719,-13.7815075,-0.6321282,21.062937,0.47760195,0.07924883,0.52884984,-0.023893367,-0.67750317,0.24584857,0.7081016,31.866734,0.48646826,0.06974673,246.92984,16.030045,0.840863,-15.009365,-1.6987468,-15.934601,25.845861,-0.023637589,0.003366431,0.023389421,2.3109245,1.910828,0.25666666,0.23800094,0.24444444,0.3533997,-37.871937,05
31.17159,0.109183125,29.823038,31.597588,33.267727,3.4446888,49.33,41.25686,30.975657,18.166191,0.4594513,0.97421455,0.010461692,0.3569711,0.9073503,0.8968886,6.2697306,3.6585073,5.676406,3.9689972,0.21070419,1.0950674,18.474892,1.0200547,0.6812225,23.2158,13.21499,0.8921137,-9.325091,-2.6337836,0.039281275,2.0894759,1.1655163,0.6534882,5.05443,0.6927706,0.35944617,25.29622,13.882978,0.5763723,749.9542,0.35391462,1093.8313,0.21936478,-99.453865,-0.9723275,1901.5183,0.19310303,735.5454,0.52763563,-98.47359,-0.92548513,2854.3264,0.10858687,910.803,0.48470214,-98.6026,-0.92181957,-10.78639,-0.69745696,17.115143,0.43815795,0.0883301,0.4842966,-0.02574589,-0.60030556,0.3609918,0.5817365,29.775913,0.4370862,-6.8279324,-2.3557992,16.845154,0.81041014,-22.065937,-1.1924921,-9.984738,19.357601,-0.0061354884,0.0031960926,0.032507107,1.8404908,1.2396696,0.435,0.21156165,0.29999998,0.35984123,-34.59493,05
31.707743,0.10117688,30.764822,31.893993,33.70914,2.9443188,45.355663,38.427,74.80868,63.037228,0.50994766,1.0490952,0.009904144,0.35393813,0.9680796,0.9581755,7.392042,4.923673,9.892252,5.2210164,0.25990525,1.2203784,16.782097,1.05453,-3.2621179,-4.264799,12.538945,1.1784389,-7.3822227,-3.2279325,0.0360018,1.7465647,1.1708313,0.8966079,4.653159,0.80722183,-0.87188697,-12.128835,10.790962,0.8496306,799.54675,0.32682136,1023.89526,0.3014882,-104.95576,-0.92675936,1929.8734,0.17272392,740.1282,0.48434877,-105.963844,-0.8773201,2855.1694,0.09579002,1041.127,0.49344862,-105.56963,-0.8844396,-9.028327,-0.78165686,14.663665,0.51781523,0.08364624,0.5238696,-0.024908118,-0.7417913,0.49085104,0.61489016,28.235437,0.46940434,-10.905334,-1.2699931,17.251642,1.0568427,-21.06633,-1.2479305,-7.604183,18.394129,0.0013510503,0.0061299335,0.032674905,2.1786494,1.3215859,0.37,0.20493902,0.31285715,0.40976351,-33.063293,05
32.53302,0.11462781,31.211596,31.96126,34.920845,3.7092495,85.23376,74.619354,36.830864,26.665615,0.6508057,0.95366794,0.030973684,0.5151259,1.3596245,1.3286508,10.580255,6.915961,9.093789,5.23285,0.3239061,1.1225227,17.7464,0.81749314,-8.200292,-1.7359197,15.550953,1.2355483,-7.507492,-2.6440895,0.044702772,2.4222643,1.2791717,0.7833756,3.5893424,1.2726524,0.32037318,28.797447,8.599171,0.9182238,805.52814,0.38205037,983.02673,0.3483094,-101.554474,-0.93742615,1897.3538,0.2006921,839.59814,0.45555097,-97.203606,-0.96363956,2813.5994,0.1098918,945.86505,0.39006087,-97.540794,-0.9558064,-6.150161,-1.0940578,12.416809,0.56103414,0.066935174,0.71561956,-0.022774296,-0.69379884,0.57022834,0.575074,26.171173,0.42410922,-13.655593,-1.101932,22.286407,1.0268148,-14.7887125,-1.5844055,-7.641144,18.08221,0.0044734315,0.002075712,0.037235897,2.2357724,1.2320329,0.43166667,0.3544675,0.30714285,0.41944566,-31.51075,05
32.552906,0.12653178,31.015957,32.00262,34.18968,3.1737213,52.7694,4.501396,19.948826,16.432497,0.66259605,1.0363975,0.01067571,0.49069202,1.2993283,1.2886527,8.957007,6.786333,10.253921,5.7333655,0.3523956,1.1914873,14.962071,1.1704841,-1.4785606,-10.730836,12.605699,1.024553,-5.3726664,-3.9125478,0.027309727,1.7726839,1.1423218,0.6760712,4.8436146,0.8314351,-0.10258336,-118.602936,9.201342,0.85773385,823.0835,0.33579707,1030.5133,0.30966115,-99.54634,-0.96346736,1942.6984,0.1631134,714.152,0.42977646,-99.23838,-0.92959374,2927.5696,0.10093319,808.24786,0.2955648,-98.55774,-0.9343162,-8.570109,-0.9552686,13.835248,0.6991396,0.06780301,0.7158521,-0.02404346,-0.7499064,0.6232283,0.65500057,25.824207,0.52758723,-8.352331,-2.0734982,16.108795,0.9535906,-15.126406,-1.5640963,-6.3618274,15.359372,0.0025633245,0.0057487423,0.046429876,2.2271717,1.8018018,0.29,0.19209373,0.382,0.37102023,-30.122536,05
32.209747,0.08839528,30.842457,31.916119,34.46172,3.6192627,57.421814,37.603786,29.533102,24.72779,0.69048095,1.0498741,0.011634427,0.44459027,1.380057,1.3684225,11.038919,6.0507054,10.383511,8.154672,0.3557855,1.1935889,15.448903,1.0499802,-1.7957056,-8.787087,13.326112,0.8109016,-4.817516,-4.4412165,0.026907109,1.3078859,1.2629046,0.71736795,4.988735,0.6815999,-0.11384899,-87.61135,8.939202,1.0124719,868.5783,0.27357933,1031.4434,0.30326927,-99.13661,-0.9737584,2001.1923,0.13612823,692.9547,0.48652902,-101.16956,-0.90676254,2927.11,0.09422294,982.6736,0.45707625,-99.3763,-0.9411845,-7.9294996,-0.8696441,12.4961605,0.5937897,0.07577932,0.60468155,-0.024996325,-0.68138844,0.63519186,0.6357628,25.256237,0.508447,-8.661612,-1.9215046,16.681875,0.7386654,-15.344307,-1.5585039,-8.406742,17.013596,-0.0015494889,0.0047591953,0.049001217,2.0179372,1.5873016,0.3242857,0.24464886,0.32833332,0.3708736,-29.598938,05
32.570652,0.04970181,31.303265,32.021004,34.65316,3.3498955,39.459587,43.08907,33.470814,29.257206,0.17440775,1.0498011,0.009411161,0.12963986,0.30646926,0.2970581,3.5034158,2.7109356,2.7965035,1.7632751,0.052045316,1.1786141,16.327402,1.076663,10.354713,1.011483,10.470906,1.210789,1.7136729,9.79714,0.017058969,1.5211852,0.88899535,0.8861968,8.407243,0.37078285,3.9574773,1.7676903,23.32681,0.37661123,539.95306,0.40820724,1211.3865,0.22911526,-124.71756,-0.7256475,1606.2847,0.21879512,810.5665,0.38069877,-124.3699,-0.68855673,2678.337,0.11190125,765.4036,0.5216382,-126.53504,-0.65611404,-16.745766,-0.5091392,24.581747,0.39404947,0.069911905,0.57159704,-0.022920333,-0.67280746,0.09726272,0.6337706,30.305748,0.4382297,10.233963,1.1647279,14.196964,1.0535283,-5.888939,-3.452931,-10.95301,21.697165,-0.008797601,0.0048353677,0.018725034,2.8138528,1.5317287,0.26999998,0.16124515,0.31625,0.38252246,-44.61574,06
32.595867,0.052257326,31.368847,31.92773,34.693382,3.3245354,42.82684,68.75102,26.43187,29.518785,0.24924941,1.0820628,0.009298929,0.19988088,0.40356356,0.39426464,4.1467013,3.7884352,4.057752,2.61335,0.08534786,1.3577468,15.624157,1.2085325,8.127348,1.4606645,12.171542,1.0334173,2.6206818,6.886534,0.017403802,1.4587127,0.9898866,0.92126304,8.085957,0.4354007,3.114679,2.4479597,19.619204,0.41246498,556.7335,0.46891984,1198.2015,0.23599651,-117.17157,-0.789425,1593.6287,0.22923695,838.8961,0.42039043,-118.58322,-0.7335688,2659.5413,0.13209714,832.84485,0.5262116,-120.02134,-0.7115413,-14.384042,-0.62247026,21.733578,0.48871946,0.05636255,0.8624454,-0.023768235,-0.7175495,0.1596321,0.8270934,29.694788,0.44476867,6.0108767,2.3291106,14.899153,1.0891253,-4.2128725,-5.3514137,-10.552251,20.70706,-0.013915061,0.00590431,0.024688061,2.3965144,1.5418502,0.28714284,0.19804144,0.29749998,0.37342167,-40.495903,06
32.300182,0.0421847,31.297056,31.814209,32.963543,1.6664867,41.193386,59.523968,18.478273,9.096516,0.25300813,0.9588647,0.013684407,0.22537476,0.4784077,0.4647233,3.1743317,2.1730225,4.3545136,2.3170214,0.0832921,1.0691036,17.69771,1.0077562,7.6475782,1.4225262,7.479996,1.3272594,-0.6229994,-23.91195,0.010569107,0.663741,0.9457266,0.8909004,8.305342,0.34549165,-0.4705511,-16.123701,19.650784,0.36372408,558.1288,0.45049807,1219.3738,0.2298261,-117.26882,-0.79449266,1584.4285,0.24075477,839.58466,0.324665,-115.34019,-0.7713982,2638.2615,0.12941808,721.46277,0.35691738,-117.627205,-0.7350187,-14.368509,-0.60778856,20.743313,0.4422206,0.07862848,0.5605946,-0.028272735,-0.6098971,0.15131883,0.49860924,30.618654,0.4951697,6.6217537,1.6261319,9.719412,1.1020653,-8.121835,-2.1656451,-10.317405,20.984497,-0.00395753,0.004945763,0.025072936,2.4271846,1.4742016,0.30833334,0.17198999,0.34666666,0.38925853,-40.80764,06
32.205112,0.044206254,31.06639,31.849491,33.144867,2.0784779,87.78461,153.186,18.96676,11.050356,0.16687988,1.1752301,0.0073782867,0.052435398,0.35818362,0.35080534,4.089443,2.6880739,3.1315002,1.6708521,0.057781555,1.3971899,15.4249115,1.2263612,8.654525,1.1090926,9.356485,0.8604136,2.2888358,7.0970445,0.0124716,0.971335,0.84095806,0.8002289,8.124795,0.3481474,2.2117,3.5623155,24.873589,0.20282726,530.68646,0.4386132,1206.4706,0.2318725,-133.19647,-0.6801255,1532.9438,0.23390749,800.8251,0.36616683,-131.50427,-0.6537491,2600.165,0.12606148,682.2646,0.40585947,-133.81204,-0.6204783,-16.463041,-0.5476301,23.264261,0.40218297,0.08871071,0.4642303,-0.025864372,-0.6585806,0.13455994,0.5954725,32.102726,0.50425076,9.055682,1.0929322,11.277161,0.8672803,-9.248075,-2.0067184,-10.867432,21.284481,-0.002744589,0.009169415,0.011897553,2.5787966,1.1627908,0.3225,0.21935984,0.412,0.43618345,-43.770218,06
33.01268,0.05195814,31.56044,32.487656,34.951508,3.3910675,124.49199,195.3225,19.690195,9.054603,0.17610517,0.92441654,0.010089222,0.14349285,0.3368434,0.32675418,3.443392,3.227376,2.4407494,1.3132646,0.050880715,1.0721989,19.592949,0.8898087,8.918248,0.9164175,9.420612,1.4488952,2.1897786,7.809626,0.009306526,0.8130181,0.95662045,0.9971284,8.894415,0.33373275,1.9781365,4.259993,20.670296,0.3890677,529.5959,0.4238751,1247.8015,0.23910439,-114.04049,-0.8135518,1525.2949,0.24277765,854.35504,0.4207621,-114.99972,-0.74968237,2588.0654,0.14204904,726.5766,0.47682828,-116.98565,-0.7185838,-16.278658,-0.49840868,24.144772,0.3659935,0.0648206,0.5787765,-0.024859946,-0.66149396,0.08892098,0.542817,31.789467,0.43703568,9.602181,0.8112098,11.6746855,1.4485619,-7.866797,-2.3592932,-12.22601,23.923166,-0.0032729807,0.0072660316,0.016896127,3.4334764,1.3015184,0.35833332,0.2967275,0.2875,0.3874516,-44.86831,06
32.782265,0.05858361,31.665585,32.418285,34.547333,2.8817482,25.802677,19.894533,55.527122,74.70516,0.33048573,0.9861133,0.01439574,0.25891668,0.5962212,0.5818255,5.5218415,3.6896584,5.195215,2.6112676,0.1177537,1.0972416,17.671003,0.94578785,2.1270132,4.403581,6.6768947,2.0193856,1.1146997,15.187241,0.015415775,1.1722218,0.9644647,0.66685814,7.45879,0.45233178,0.60356164,13.473943,17.425938,0.4450793,643.5166,0.40655524,1171.0394,0.25118348,-117.125626,-0.8053036,1700.8855,0.21342264,803.45844,0.34866944,-111.398285,-0.81488645,2707.3232,0.12308256,720.073,0.35782894,-113.26616,-0.7838097,-11.040748,-0.6411013,19.063131,0.42745215,0.07601196,0.58901876,-0.021667177,-0.8587935,0.21738406,0.5182996,29.214417,0.45204574,0.200287,53.567535,8.626433,1.9664316,-4.4308295,-4.8813214,-8.6695595,19.781122,0.0058919624,0.0044728997,0.02658293,3.0805688,1.1990408,0.394,0.34546202,0.3483333,0.41646993,-38.004,06
31.747858,0.12558006,31.353981,32.38603,34.522934,3.168953,231.50417,248.29927,34.493034,22.862944,0.29619238,1.0947536,0.009425063,0.17188834,0.60040146,0.5909764,4.708964,2.588195,6.261359,4.374191,0.12980479,1.2106189,14.159202,1.160735,7.009153,1.5243772,10.121863,1.1214094,1.8555766,7.8320346,0.048368204,1.7189555,1.1366754,0.6363574,5.5277796,0.70860493,3.5204666,2.4338274,19.867771,0.33664924,682.83905,0.39168453,1171.0881,0.25470003,-125.10912,-0.72647464,1796.3765,0.19615737,747.36285,0.455702,-119.507126,-0.7351254,2820.021,0.11307633,792.41846,0.40444365,-120.377594,-0.72108835,-12.483059,-0.6757015,19.73478,0.4529473,0.075283095,0.6900031,-0.019512067,-0.87667966,0.2517457,0.60285294,25.408918,0.5956152,5.9730134,2.1600752,14.604201,0.87866265,-6.5834675,-2.548499,-10.419107,21.127161,-0.0041665435,0.006536061,0.033807654,2.7855153,1.6949153,0.255,0.2075853,0.31166667,0.3555004,-38.95195,06
32.670662,0.046916004,31.419655,32.330055,34.675823,3.2561684,27.39253,22.771494,15.0079775,10.870773,0.3143988,1.1020058,0.008423456,0.15387619,0.60778946,0.599366,4.2163796,2.9294746,6.46387,3.238423,0.12077494,1.2674237,12.978221,1.3582212,6.5758767,1.5880923,7.6520805,1.072539,3.9024167,3.509359,0.017591788,1.2085563,0.992206,0.66999626,7.0772786,0.5234825,1.0576779,8.6466465,18.061754,0.39728197,685.71075,0.39697015,1189.6346,0.25978795,-121.66882,-0.7684633,1751.6562,0.20204139,807.7183,0.45004126,-120.59952,-0.7394077,2738.3547,0.12773296,819.13806,0.43060893,-121.82171,-0.7208025,-11.935471,-0.61453176,18.291616,0.45343575,0.06910408,0.5231736,-0.020668762,-0.7978599,0.24724568,0.5975189,25.524302,0.6081771,5.222019,2.26846,9.524936,1.1564164,-3.1448112,-5.4836483,-8.197674,18.388388,-0.0054990374,0.0074329413,0.024810784,2.094241,1.061008,0.405,0.2613905,0.5125,0.40922946,-37.94373,06
44.232986,0.02249647,43.817753,44.023315,44.541607,0.72385406,19.783524,9.19581,9.559882,7.790429,0.21778733,1.0392932,0.009659229,0.13017635,0.48158893,0.4719297,2.9345212,1.6635956,2.4286213,1.4423798,0.037301503,1.2253015,12.856676,1.2530774,-8.431729,-1.6769662,-6.5262895,-2.439241,-24.085419,-1.0567807,0.010798587,1.9502276,0.58807933,1.3647426,15.020049,0.3003814,13.854191,0.56693965,23.89894,0.3493315,719.6069,0.29483205,1261.5991,0.23561677,-121.012375,-0.7808875,1683.2289,0.16286606,817.7391,0.38208115,-107.092224,-0.84849066,2944.6921,0.066382065,529.25903,0.82396257,-111.8366,-0.7700318,-11.94,-0.63015014,24.08278,0.39546078,0.17220064,0.20751789,-0.0066368836,-1.5464764,0.06640626,0.66182834,23.876503,0.48782587,-16.003803,-0.95952755,-15.934876,-1.0090933,-44.650703,-0.43586355,-1.4447169,9.321125,0.078469105,0.0069889165,0.007787669,1.502146,1.0845987,0.45999998,0.31112698,0.36666667,0.42034376,-41.827545,01
44.273308,0.022233533,43.76808,44.096054,44.605934,0.8378525,17.605238,17.95995,30.760284,58.69775,0.26604268,0.96613693,0.016390096,0.1669916,0.54611915,0.52972907,3.4918578,1.4290153,2.2853618,1.0765086,0.058163367,1.1167811,12.070843,1.2758119,-11.170882,-1.4234031,-1.7578701,-9.111351,-26.4618,-0.9722075,0.009570585,2.6141222,0.5725697,1.1066908,14.822363,0.27409008,15.986913,0.4826316,22.381403,0.3533941,680.3615,0.33036852,1258.5168,0.18492763,-127.02531,-0.7371808,1650.63,0.1753156,885.372,0.42087188,-104.65642,-0.8762472,2875.584,0.08883559,575.9021,0.7738351,-108.27097,-0.8121592,-11.389205,-0.6053365,21.07837,0.40167332,0.16034953,0.20224695,-0.0076521845,-1.4499105,0.104406334,0.5568246,22.579762,0.4538255,-20.444613,-0.7647572,-10.6665125,-1.4281595,-46.24776,-0.42798764,-3.470533,11.651746,0.069172874,0.0049382476,0.010523917,2.0876827,1.0548524,0.478,0.3370697,0.3733333,0.4229526,-40.138184,01
44.21279,0.024149917,43.77032,44.02409,44.687576,0.9172554,17.914389,14.262514,12.8703985,8.278385,0.2854876,0.97458357,0.01364829,0.18664682,0.565049,0.5514007,3.1059158,1.5539918,2.853096,1.9083605,0.061669968,1.1314253,9.879275,1.5952958,-11.412525,-1.6145067,-1.467619,-10.084057,-24.935434,-1.0572716,0.0077863215,1.7021073,0.6729406,1.1359999,13.621207,0.43167445,15.621052,0.47367573,19.185942,0.50031143,716.55206,0.39132813,1293.5193,0.24325953,-126.783905,-0.722272,1662.1093,0.18747507,1017.9978,0.4593871,-102.195564,-0.89624393,2813.105,0.0901846,742.17993,0.7041574,-105.00425,-0.8464733,-10.447968,-0.61931956,20.067472,0.39853162,0.16566412,0.21124059,-0.0073339753,-1.5453086,0.11246189,0.55071235,20.055307,0.6444501,-19.995415,-1.0121443,-7.701659,-1.9954717,-43.174473,-0.5417625,-0.1844794,8.065609,0.084140725,0.004940746,0.0059560253,2.3809524,0.8752736,0.59749997,0.25133392,0.41799998,0.45079485,-40.06415,01
44.210648,0.02774598,43.74114,44.04682,44.926907,1.1857681,35.121063,25.29608,8.225394,5.979943,0.31408167,1.0209469,0.018099282,0.19686528,0.6513494,0.6332501,3.4903703,1.9285076,3.7306325,1.9689527,0.07112849,1.1806589,11.162066,1.316217,-11.909999,-1.6188155,0.42544985,34.982628,-22.903532,-1.2919364,0.009039022,2.044324,0.5994137,1.0364721,13.1738615,0.45239443,12.367291,0.6427488,18.252935,0.505608,636.3481,0.43202055,1340.5431,0.26208887,-141.47156,-0.60716236,1602.1843,0.17039873,966.4662,0.43935126,-103.012955,-0.89318514,2781.1084,0.087534234,861.1626,0.69422644,-106.09919,-0.83643377,-8.912664,-0.74938756,18.716982,0.38260096,0.15511908,0.24745907,-0.005082581,-2.211149,0.13274445,0.5721626,20.437977,0.5910083,-22.802258,-0.8769257,-5.366972,-2.9075954,-45.531017,-0.5210524,-3.156306,12.209316,0.07019983,0.003964514,0.0053411517,1.5486726,1.1185683,0.45999998,0.25147566,0.41,0.44140685,-39.01955,01
44.796307,0.03976047,43.754513,44.314552,47.36377,3.6092567,9.23342,6.904668,20.081818,15.169333,0.15214175,0.9850045,0.006179657,0.113343164,0.27573058,0.26955092,2.475663,1.7849594,1.3423538,0.6337532,0.02154981,1.2381198,13.106574,1.1416534,-4.961314,-2.5121183,-7.5571938,-1.9638387,-22.824553,-1.0757986,0.0052590915,1.3606775,0.43133885,1.2644616,15.96969,0.20611712,13.521568,0.57433254,26.186804,0.32598594,786.9378,0.23355287,1251.7944,0.24526268,-116.6023,-0.8070395,1712.9,0.15779303,829.0474,0.52113044,-114.66994,-0.76678663,3019.9531,0.058598645,458.54312,0.6442988,-119.25586,-0.6958727,-13.575503,-0.48000488,26.43748,0.3065218,0.15690963,0.21470508,-0.0053624883,-2.1510286,0.037567507,0.7364969,23.794226,0.38230675,-11.406865,-1.1581672,-16.09458,-0.9843849,-44.606777,-0.32769656,-3.0963871,10.681343,0.090273246,0.0074369456,0.0072608762,1.5503876,1.3698632,0.33714285,0.21103245,0.325,0.40115458,-46.442936,02
44.592957,0.040373255,43.636505,43.94444,45.653767,2.0172615,10.701677,6.5036817,7.644356,1.591349,0.17580986,0.9386866,0.013304389,0.1271752,0.33845478,0.3251504,2.1906471,1.1794498,1.7564306,0.95265794,0.027211906,1.1574349,14.020425,1.1336911,-9.459652,-1.4280838,-5.755109,-3.3267293,-26.28323,-0.9300282,0.006130489,2.0291154,0.44653258,1.365215,15.691414,0.24963848,12.700102,0.620137,25.416101,0.3679831,766.4117,0.20829546,1226.9884,0.1937614,-108.33756,-0.9004336,1703.774,0.13765234,835.1664,0.45109245,-107.08025,-0.8361577,2955.918,0.04802557,521.2626,0.9292238,-111.65364,-0.76124793,-12.288198,-0.5425277,25.670988,0.31254694,0.16701227,0.20211644,-0.0075364513,-1.4987106,0.04500883,0.6135054,25.212103,0.37802342,-16.30728,-0.8789665,-16.487427,-1.1093138,-45.998386,-0.3562388,-2.0734212,9.569059,0.0755437,0.00402083,0.008697878,1.48423,1.3108615,0.3757143,0.30227032,0.2811111,0.40793365,-45.686913,02
44.70265,0.040958278,43.760178,44.14434,47.033524,3.273346,6.856093,6.2277336,9.646336,4.103026,0.18776034,0.9372059,0.012655419,0.16404265,0.33857417,0.32591876,1.912014,1.1315322,1.3836838,0.78189766,0.026890129,1.1992377,14.1395645,1.12701,-9.493329,-1.6861175,-9.492386,-1.7510183,-26.73672,-0.95075077,0.005064746,2.0217357,0.44022587,1.3911451,15.9726095,0.21881709,13.822967,0.6102768,24.72201,0.38799828,807.75354,0.14838196,1188.5632,0.17343806,-98.83223,-0.99235135,1716.9982,0.102246426,792.1839,0.25810212,-103.17663,-0.8734291,2994.4944,0.03533515,373.15137,0.50883496,-107.73238,-0.7973498,-11.959962,-0.5633439,24.531826,0.37759933,0.17189236,0.17244591,-0.006331394,-1.5911341,0.04423139,0.72001743,23.960848,0.47103766,-18.37202,-0.8419961,-17.303959,-0.9503269,-46.838493,-0.33359602,-5.205355,14.698044,0.077142246,0.005209311,0.0077152844,1.4925374,1.1299435,0.45666668,0.3427179,0.34285712,0.43833172,-45.574062,02
44.52413,0.043502115,43.59912,44.069534,46.8162,3.2170792,40.370525,15.320577,10.153097,4.7815404,0.22063121,0.89353096,0.016086314,0.18613851,0.4187862,0.4026999,2.4766207,1.5356833,1.3912513,0.70468485,0.032321654,1.1871161,13.482583,1.2631837,-11.643182,-1.4485397,-8.296593,-2.17509,-27.20449,-0.97992194,0.008768751,3.6002486,0.40596297,1.3665338,15.710852,0.27020937,13.021328,0.5012678,24.286303,0.40643004,786.909,0.22073875,1231.5541,0.18642965,-95.921715,-1.027556,1704.6874,0.12382343,843.22015,0.33594966,-96.51461,-0.9359474,2981.783,0.049487054,473.9393,0.81718844,-101.263626,-0.8512033,-11.675267,-0.5127898,24.351933,0.37484822,0.16827592,0.19209434,-0.006080511,-1.2859787,0.053461708,0.71493256,24.320507,0.46656346,-18.903704,-0.8579161,-17.098175,-0.96151894,-46.534992,-0.39501354,-0.7032432,9.403901,0.08148723,0.0049922676,0.0055107484,1.5037595,0.9487666,0.58599997,0.31257638,0.37166667,0.4245553,-43.577484,02
44.370094,0.040348798,43.62355,44.013298,44.44529,0.8217392,27.123734,15.164672,8.319408,3.6459918,0.2530682,0.83734167,0.032267224,0.21474922,0.44731987,0.41505265,2.1742337,1.1452502,1.9703585,1.0497769,0.043682367,1.362218,16.275799,0.9647409,-10.603006,-1.3106306,-7.5817933,-2.380881,-30.009058,-0.8663951,0.007877715,2.1915886,0.5120468,1.3330266,15.219927,0.30905378,13.087307,0.67984444,24.368576,0.39615014,723.1132,0.24375084,1209.9083,0.21866289,-94.608185,-1.0214561,1696.423,0.15124941,804.1782,0.35778353,-88.37234,-0.9899505,2942.94,0.07385281,487.41257,0.6890369,-93.129715,-0.8978988,-12.198941,-0.6525592,24.673937,0.37010035,0.14781882,0.2522531,-0.008273276,-1.4477012,0.064372994,1.0186279,24.711163,0.42600524,-15.541537,-0.8884316,-14.681997,-1.2316388,-45.59891,-0.43560994,-1.350347,9.296408,0.076820076,0.0014047708,0.0114887245,1.2522362,1.2635379,0.4742857,0.40997759,0.2942857,0.3584832,-41.893898,02
44.540836,0.038814202,43.792847,44.1563,44.65737,0.86452484,22.289427,13.826475,18.30565,14.125858,0.23609634,0.8896807,0.02240856,0.20165208,0.46168515,0.43927658,2.0560231,0.920249,2.1191468,1.1265888,0.037889365,1.2876445,15.044624,1.114365,-10.833225,-1.3364903,-7.9056787,-2.3204412,-32.03546,-0.7928847,0.0067354054,2.2153366,0.46674156,1.197601,15.216684,0.3014447,12.730242,0.5398681,24.132967,0.37561402,771.49603,0.22240466,1270.182,0.19753432,-89.51777,-1.0871198,1674.5162,0.1433381,853.03375,0.37324795,-90.804924,-0.98226863,2954.1912,0.04851702,435.67682,0.821812,-95.827354,-0.8869376,-11.543069,-0.5647902,23.99507,0.35506406,0.16217531,0.19394086,-0.004027318,-2.8534644,0.05939292,0.8715047,24.667213,0.4405277,-18.084705,-0.7465407,-16.763762,-1.0221001,-48.9946,-0.3510262,-2.9069486,9.832931,0.10126762,0.008776576,0.009854748,1.107595,1.1164274,0.52,0.477942,0.305,0.44243643,-42.824295,02
44.185318,0.052852664,43.422363,43.821793,44.3757,0.9533386,45.294044,33.78474,13.232597,7.200139,0.26511237,0.87852776,0.020159753,0.22019415,0.52705127,0.5068915,2.2657967,1.1584363,2.4097533,1.2092321,0.042113706,1.0806766,12.616483,1.2967389,-13.393547,-1.3559413,-6.5926523,-2.8400548,-29.546478,-0.86010396,0.010971524,3.156285,0.45854428,1.356566,14.934753,0.3187445,11.630972,0.6947131,22.497118,0.4352065,723.8761,0.29148415,1273.7994,0.17033324,-100.71831,-0.97847533,1671.5734,0.13657472,858.192,0.3948386,-91.6247,-0.9939026,2928.7712,0.05891206,468.5632,0.6840163,-96.42716,-0.90157014,-9.7695055,-0.6633968,22.14765,0.36591026,0.15465246,0.19165096,-0.0066362857,-1.4875085,0.06752452,0.6247043,22.904593,0.44403234,-21.778091,-0.8259979,-14.435861,-1.2820013,-46.237186,-0.42125875,0.51664805,7.265388,0.097230315,0.0026887385,0.007277697,1.2987013,0.93632966,0.612,0.32424682,0.432,0.42451853,-42.40713,02
44.24361,0.056006286,43.522163,43.964127,44.57766,1.0554962,89.079636,120.60626,18.275848,15.7002125,0.22992899,0.8791199,0.024916006,0.19307297,0.4064823,0.38156632,1.9286305,1.2771481,2.5339375,1.6969365,0.03256094,1.1311548,13.76752,1.213561,-12.418726,-1.4546919,-6.538945,-3.2046678,-27.092089,-0.9572516,0.008773854,4.1575055,0.40285712,1.4888852,15.465932,0.28133827,12.315948,0.6881425,23.40404,0.43110928,780.52264,0.23481737,1241.4125,0.2503508,-93.71975,-1.0474846,1701.0459,0.110505074,837.1906,0.34886566,-91.86165,-0.9877279,2957.5789,0.053033706,455.25708,0.7067441,-97.49289,-0.88231355,-10.220136,-0.6677607,23.017857,0.41230705,0.16730429,0.16829516,-0.0049481816,-1.9409899,0.052773967,0.6907604,23.70952,0.50217617,-21.393803,-0.8073336,-16.730148,-1.0156504,-45.311077,-0.37947598,-2.7339885,11.937897,0.049502783,0.0049129454,0.0048189634,1.2589928,0.9074411,0.636,0.4922032,0.442,0.44503483,-43.945446,02
44.493458,0.091164984,43.54608,44.258385,47.636982,4.0909004,102.91712,40.810753,519.58203,788.33356,0.366812,1.0207385,0.011766851,0.24138737,0.6823819,0.6706151,3.3467426,2.0536973,4.74244,2.4690475,0.08497309,1.1400516,9.1810255,1.6303446,-19.876217,-1.123711,1.1861523,11.841542,-27.80942,-0.9825057,0.020082258,2.3697195,0.6146927,1.0004487,12.207822,0.5295844,6.983794,1.4066522,11.842778,0.727828,673.3154,0.45970753,1288.0065,0.33568782,-125.60097,-0.7500619,1683.3237,0.18604766,957.63605,0.5463698,-93.86173,-1.0059271,2808.3313,0.08955049,865.4488,0.800723,-94.64026,-0.9802408,-3.4639685,-1.9757904,13.229571,0.5507349,0.13937145,0.25591192,0.0019403439,6.88383,0.14512783,0.6359795,17.468075,0.64487547,-32.32488,-0.66753775,-2.0994432,-7.9010954,-46.010075,-0.5059983,1.6493524,5.965333,0.09569282,0.0075525283,0.013327017,1.4522822,1.4675052,0.37,0.30687365,0.33499998,0.44379988,-38.840508,03
44.54022,0.048770607,43.596893,44.139675,46.92179,3.3248978,78.55074,73.41661,17.500612,7.274188,0.39404592,1.0294309,0.020476272,0.24088703,0.7959554,0.77547914,4.580684,2.839897,5.0525346,2.7351296,0.10186207,1.165752,7.384695,1.6683853,-20.04548,-1.1042439,2.2051232,6.809642,-27.082863,-0.9680318,0.0085945185,1.6581216,0.5949382,0.80674773,12.14554,0.40215075,6.9019647,1.2554097,12.431713,0.62506783,738.71533,0.47119334,1127.4587,0.2623799,-128.50569,-0.7210345,1793.1031,0.21239616,859.3115,0.4806705,-98.016594,-0.96540374,2892.871,0.09012495,777.63605,0.7372,-99.47566,-0.9359031,-3.109815,-2.2799032,12.812418,0.5135503,0.14878176,0.20960999,0.003508937,4.2771015,0.18461855,0.5855428,15.374704,0.60977244,-32.697803,-0.6613992,-2.7504656,-5.6579647,-46.194622,-0.46155447,3.517052,3.5374303,0.079963185,0.0027031389,0.009058313,1.5250546,0.88105726,0.60249996,0.3731203,0.408,0.46481827,-38.30006,03
44.528587,0.05574266,43.86167,44.26648,45.501488,1.6398163,142.81769,151.79646,30.939953,21.224997,0.42149416,1.0156271,0.025275407,0.23912047,0.8582842,0.83300877,4.793801,2.4987695,4.097978,2.4723608,0.107716024,1.1863104,6.222559,2.0330617,-21.83876,-1.0423495,2.7158256,5.722033,-26.73818,-1.0455103,0.018404081,2.708179,0.5630866,0.89732754,12.35232,0.3971915,7.544829,0.9635442,12.054125,0.9120263,743.1037,0.5135867,1083.4364,0.35988185,-131.73683,-0.6955541,1790.1233,0.22242352,873.4869,0.46498388,-97.48469,-0.9842358,2865.5217,0.10171757,784.9599,0.51765585,-99.89461,-0.9366924,-3.2430427,-1.9774281,12.628419,0.5789997,0.15885007,0.21959063,0.003785238,3.4657528,0.19771327,0.5915064,14.427801,0.6607385,-35.159626,-0.625417,-0.654826,-26.060184,-46.63047,-0.5107533,3.8518968,4.0682735,0.07855231,0.0049430085,0.0074830186,1.5695068,0.9070295,0.5775,0.34931183,0.402,0.4248953,-37.91077,03
44.319965,0.05000618,43.576466,44.08141,44.560276,0.9838104,47.109222,30.097435,33.160507,28.799103,0.4576404,1.0229081,0.009483526,0.23035952,0.9567636,0.9472801,5.7782555,2.962609,4.9534826,2.7065768,0.11238831,1.2148738,5.390605,2.2380054,-20.745281,-1.1085697,-0.10925425,-137.46616,-26.529394,-1.0652304,0.013704971,2.4210145,0.5625259,0.95518875,12.201914,0.4528645,5.8460484,1.1954739,9.556616,1.0641788,766.90857,0.48536032,1084.3815,0.45906758,-127.878006,-0.7263513,1804.4702,0.2222405,899.24286,0.35860103,-95.876816,-1.0132561,2873.6558,0.072666116,826.8864,0.62636584,-98.05718,-0.9686794,-1.5756271,-3.5673227,10.135275,0.6365795,0.15488587,0.22685298,0.0040040044,3.327332,0.20490368,0.6294371,12.775022,0.72636086,-35.677296,-0.5854363,-2.250338,-8.019477,-47.199436,-0.48080483,2.4203928,5.0024385,0.090717986,0.008018491,0.00937357,1.5486726,0.8948546,0.5875,0.16990806,0.66999996,0.41880783,-37.084427,03
44.944794,0.06541966,43.798203,44.266037,47.844013,4.0458107,54.04707,19.022964,51.971844,57.76976,0.7786601,1.0441457,0.015849318,0.4436005,1.4809663,1.465117,12.465396,9.94234,8.914713,4.6502724,0.32259557,1.2712808,3.3744385,3.2196898,-21.401754,-1.1399629,4.6132984,2.7185864,-24.714895,-1.172818,0.013603123,1.6690115,0.84501696,0.73361427,9.063139,0.6330681,6.1598873,1.7778777,8.140579,1.2632372,895.5944,0.42148814,840.2217,0.30961946,-105.19928,-0.9612536,2044.673,0.21317813,642.1375,0.67010117,-87.67448,-1.0835965,3022.5715,0.12736367,832.05536,0.43474397,-85.873276,-1.1169517,0.22185424,33.709927,8.956267,0.7233727,0.11283774,0.3114792,0.0018641294,8.500618,0.5474844,0.7594644,7.5289593,1.3310412,-35.747288,-0.62084633,2.9545655,4.933342,-44.29193,-0.5116129,1.0598755,6.6678896,0.040414497,0.002344125,0.019647302,1.7817373,1.3513514,0.42,0.2650786,0.354,0.297765,-29.948421,03
44.983425,0.05529177,44.052876,44.3856,47.40132,3.348446,58.95741,30.356981,81.19271,104.80472,0.70088416,1.0017477,0.025821064,0.42822337,1.3268052,1.3009841,7.375567,5.046445,8.325259,4.782283,0.25789693,1.240271,3.352702,3.5399506,-21.690882,-1.0814766,2.0304654,6.6091866,-25.221607,-1.1020461,0.008792858,1.855337,0.6977366,0.74737275,10.342758,0.54367304,6.484521,1.4225808,8.957264,0.9495459,903.52606,0.38170797,947.0909,0.31082192,-105.01767,-0.9607199,2063.5818,0.19910948,640.47815,0.63298756,-91.18098,-1.0382322,2987.3833,0.12417346,966.5084,0.44962287,-89.39048,-1.0712466,-0.48915818,-13.762756,10.1243305,0.59382135,0.11905698,0.31910622,0.004659289,3.4715176,0.44414914,0.72005975,8.86583,1.0766568,-35.80419,-0.6095419,-1.1997266,-12.645212,-44.343517,-0.50865215,2.4771464,5.0504174,0.061165616,0.0010145026,0.021132687,1.5151515,1.3129103,0.42166668,0.28427783,0.27285716,0.3178371,-31.602797,03
44.447132,0.07375876,43.650173,44.27353,46.85107,3.2008972,384.2464,471.04037,30.756626,23.139896,0.668908,1.0507194,0.02522388,0.32824734,1.4227855,1.3975617,8.877863,5.3326044,7.8176374,3.248764,0.2526161,1.2295266,2.8453193,3.863749,-23.455093,-0.9712299,2.4137244,5.08957,-24.394201,-1.0484066,0.02059131,2.9469547,0.78600335,0.77508163,9.517198,0.65178245,5.618241,1.5602313,8.184183,1.0413474,863.9451,0.42687178,892.2368,0.32873583,-119.12281,-0.82550406,1974.1626,0.20195758,728.78577,0.6095321,-96.89502,-0.99898535,2953.5146,0.110704236,841.2717,0.46385896,-96.52275,-1.0059017,-0.7573115,-9.026943,9.543642,0.7744272,0.13127233,0.34565526,0.0018432088,7.325684,0.4688363,0.6231092,9.200684,0.99986297,-38.376297,-0.5466821,-0.11670321,-108.51559,-42.92343,-0.5055338,5.240028,3.1346197,0.104237005,0.0037466716,0.016248291,1.6990292,0.7371008,0.71333337,0.6774625,0.6166667,0.3812552,-32.084682,03
44.82304,0.057820354,43.927494,44.405956,47.818707,3.8912125,189.01128,248.87372,20.18565,15.355164,0.73337823,1.0286381,0.03717098,0.3264651,1.6069206,1.5697496,12.12651,7.5188537,8.417677,3.9564223,0.304076,1.186234,3.2025135,3.2720475,-22.877054,-0.98886275,2.5258367,5.490922,-23.952877,-1.1213657,0.0405162,3.6939356,0.70722336,0.7423023,9.633207,0.589867,7.674197,1.2482361,9.272344,1.0236058,845.4177,0.43721306,849.4121,0.29519412,-119.32331,-0.82960916,1970.5303,0.20734712,652.189,0.6057577,-95.86518,-1.0111551,2970.7302,0.12254602,786.3304,0.43173385,-95.68716,-1.0137033,-0.9216424,-8.037463,10.482285,0.64700425,0.13356054,0.3360947,0.002577086,5.7054806,0.56128526,0.5765686,8.088144,1.1264158,-37.391018,-0.5623333,0.20902461,79.06464,-44.196045,-0.48230526,3.355018,4.686959,0.06327937,-0.0018990128,0.015085522,1.9704434,0.7481297,0.70666665,0.6532143,0.45499998,0.41704315,-30.616095,03
44.55142,0.031637825,43.84156,44.12829,44.942,1.100441,7.0891976,5.637706,18.192434,21.664154,0.16822648,0.97938925,0.007834311,0.12759349,0.30333728,0.29550296,2.1785674,1.4986495,1.4688793,1.0486406,0.025127154,1.2296758,15.25679,1.084807,-5.2794976,-2.5089242,-8.42616,-1.9894956,-23.182009,-1.1895621,0.0076776086,2.0800538,0.40435293,1.2012649,16.00359,0.25288275,13.674373,0.41186032,27.691038,0.31910092,814.7236,0.17842978,1234.7374,0.21647452,-105.142105,-0.9150092,1687.8376,0.14246292,848.94104,0.3433117,-109.40314,-0.8038174,2983.0298,0.04376681,450.34778,0.4265115,-114.612885,-0.7216916,-14.266886,-0.40304875,28.997164,0.27881116,0.17418702,0.1690597,-0.0058110673,-1.5790385,0.040844526,0.7100978,27.860968,0.34509176,-12.809349,-0.99616283,-18.693026,-0.8606345,-45.532906,-0.4100963,-5.447361,14.337725,0.07920585,0.008799419,0.009815468,1.953125,1.183432,0.41666666,0.3031318,0.405,0.4103555,-44.875816,04
44.43619,0.03467885,43.92569,44.16786,44.69806,0.7723694,17.297462,11.42403,2.0485969,1.8608379,0.20561121,0.87368125,0.020061959,0.16571322,0.36370385,0.34364188,1.7984668,1.132386,2.0373921,1.5553102,0.03205865,1.0951438,14.972098,1.2468411,-9.762301,-1.4323851,-7.358692,-2.416715,-26.724121,-0.808287,0.005592292,1.9464246,0.49499798,1.278604,15.910389,0.25189808,13.384643,0.5160978,26.290249,0.33597827,805.97284,0.19843297,1208.6367,0.25217587,-96.52888,-0.99251264,1706.7013,0.14074945,818.5634,0.37373072,-98.753365,-0.89324695,2933.71,0.07776751,511.04977,0.5732754,-104.783875,-0.79039073,-12.7836685,-0.4762907,27.394827,0.3018687,0.17225844,0.1765547,-0.0032671427,-2.4750714,0.050590742,0.6843321,27.947731,0.3654324,-16.555956,-0.8373037,-17.596828,-0.86129606,-40.91198,-0.43426305,1.4813331,5.800281,0.100470066,0.0057761916,0.009031808,2.3904383,1.0060363,0.542,0.41624033,0.26125,0.379323,-43.77503,04
44.264614,0.038442496,43.623108,44.181168,44.664467,1.041359,34.747826,15.384078,10.534486,4.642158,0.22730047,0.95182896,0.006558133,0.19292699,0.4337741,0.427216,2.1904058,1.0148257,2.469955,1.1428363,0.039063387,1.1672852,13.524788,1.1320567,-9.722762,-1.7357292,-9.132203,-1.5496085,-23.773474,-1.0420986,0.012647093,2.7151058,0.5459466,1.2315661,14.870929,0.336064,13.662934,0.45086962,24.914255,0.42488998,796.1854,0.21188109,1301.104,0.2217598,-101.930534,-0.9494879,1743.6343,0.13871643,836.4844,0.3430795,-100.82455,-0.894733,3030.3545,0.06728965,616.2901,0.6163084,-105.97966,-0.8050203,-11.156894,-0.48754787,23.87935,0.40557662,0.16880092,0.16663815,-0.0057834922,-1.5495056,0.06684163,0.63486505,23.92418,0.48640352,-17.949356,-1.0071336,-14.902375,-0.98084563,-41.7746,-0.4722033,-2.349547,9.265605,0.119010955,0.012882099,0.008404561,1.5810276,0.7984032,0.6775,0.32889017,0.442,0.42761666,-42.93654,04
44.39665,0.0336902,43.702744,44.0208,45.368168,1.6654243,13.708375,8.82941,9.712304,6.29692,0.18665484,0.9165015,0.014750552,0.16969219,0.29895768,0.28420714,1.6829027,0.788212,1.9192339,1.2866727,0.029273327,1.1802535,13.404522,1.3358134,-7.966415,-1.7951308,-9.142715,-1.9812679,-26.19837,-0.8908074,0.0053401724,1.8357509,0.52870643,1.5317515,15.796658,0.23788916,13.661739,0.41860813,27.673735,0.31870437,791.0159,0.13166197,1164.0765,0.17280154,-100.792786,-0.9610889,1719.9579,0.10545567,722.37665,0.26957786,-104.450005,-0.84903514,3017.084,0.042069886,418.20956,0.77363086,-110.47813,-0.7511085,-13.494573,-0.421382,27.303543,0.32350922,0.17220195,0.16960885,-0.0052200304,-1.6927328,0.04838009,0.71329063,26.47497,0.42375287,-13.165113,-1.0859762,-19.36372,-0.771434,-44.13259,-0.37984064,0.6673706,7.895787,0.097335644,0.0061610444,0.007921167,1.7578125,1.183432,0.4383333,0.2991887,0.38333333,0.4013588,-44.772602,04
44.74794,0.050016437,43.57023,44.404804,46.57093,3.000702,44.11259,18.83331,38.34082,22.963833,0.43295202,1.0304211,0.02519328,0.26964912,0.8012552,0.77606195,6.185239,4.7981787,5.5877805,3.0568314,0.14652473,1.503232,6.0080233,1.9528666,-16.612349,-1.0525091,2.796827,5.036821,-21.0237,-1.2680185,0.018017732,1.8502442,0.77060103,0.79734236,9.8709955,0.636563,11.073527,0.7507694,12.555418,0.68830895,569.35254,0.52374566,1079.0963,0.20153363,-151.73027,-0.54380536,1606.7562,0.22103214,787.5822,0.35152933,-97.422646,-0.95608866,2666.036,0.114074074,730.7955,0.65487534,-99.37458,-0.9172029,-5.7365637,-1.1490633,14.003752,0.43975687,0.14429377,0.2887568,-0.0018652198,-7.525289,0.26177052,0.9403145,12.884987,0.7253568,-25.050774,-0.7195113,-3.503384,-4.4214945,-39.580048,-0.56191504,3.2948558,7.9992127,0.045520157,0.002482323,0.011802178,1.9911505,0.67114097,0.80333334,0.2623399,0.4975,0.46164787,-36.371113,04
44.463997,0.06695491,43.49984,44.334618,46.57122,3.0713806,43.48251,23.471571,26.269922,11.385471,0.40812114,1.1271085,0.015472102,0.24879193,0.7605759,0.7451038,8.00602,6.646034,4.8576055,3.0189219,0.15844618,1.5637739,6.690755,1.6921848,-14.735092,-1.3174644,0.38646927,41.8383,-20.224806,-1.0723429,0.020243386,1.6126459,0.86249876,0.76414067,9.57256,0.56091857,10.681484,0.93630695,13.913335,0.7658872,673.99976,0.53638834,1044.7275,0.34475684,-139.68669,-0.62816954,1701.7494,0.23073094,853.5725,0.41728872,-99.35041,-0.94852215,2734.0923,0.12457411,849.53625,0.5705635,-101.38113,-0.90897936,-5.6856575,-1.3153691,15.389058,0.46907073,0.14671054,0.23396558,-0.0018104727,-7.758057,0.29379818,0.946551,12.36669,0.73662806,-25.87084,-0.74693435,-5.4228415,-3.2875874,-36.57599,-0.42782795,-0.015000575,8.684426,0.054544624,0.0043531978,0.00658266,2.0833335,0.7025761,0.75,0.23551363,0.48749998,0.44918677,-35.855236,04
44.456356,0.0407408,43.617645,44.26838,46.33324,2.7155952,29.537996,26.729212,22.415012,17.812717,0.39479098,1.0948454,0.013441047,0.2087162,0.77425593,0.7608149,6.005061,5.883921,4.0038834,1.9684875,0.1176264,1.3029615,6.485108,1.7934495,-17.150318,-1.12563,-1.0298928,-13.90068,-23.655144,-1.0519298,0.01081712,1.4481794,0.6439487,0.710788,11.669194,0.40429586,10.664708,0.77071524,13.748925,0.6847913,641.0369,0.6168271,1035.4491,0.3370671,-149.21568,-0.5559336,1648.2694,0.24566902,800.03143,0.3168382,-99.38729,-0.9537173,2725.5278,0.1402905,715.50555,0.40849534,-102.2206,-0.900023,-5.549181,-1.2176206,14.770096,0.51717675,0.16679646,0.19066373,-0.0014723287,-7.696082,0.21775632,0.6968322,13.947067,0.6611412,-28.50334,-0.6705799,-3.7561567,-4.2190895,-42.555397,-0.4637604,0.13089034,8.804406,0.07089736,0.003159848,0.0061149877,2.097902,0.47169814,1.12,0.59999996,0.65,0.38323185,-37.39965,04
44.653202,0.04016599,43.566437,44.42131,46.402,2.8355637,43.159992,34.52475,22.022614,12.453187,0.454306,1.1342143,0.0215324,0.22579603,0.97289467,0.95136225,7.6564894,6.8217454,6.178898,4.095314,0.1680017,1.4415966,5.6607656,1.9140004,-18.290289,-1.003069,-1.0091473,-13.574119,-21.902704,-1.0572549,0.01364496,1.8118843,0.6905068,0.7406054,10.55385,0.47498673,10.188083,0.72378105,11.921194,0.83439445,651.04944,0.509466,950.782,0.29307976,-146.32857,-0.5795804,1681.0049,0.21595015,768.60706,0.4070057,-101.25388,-0.92844564,2731.0254,0.13923565,614.96216,0.5296056,-102.758125,-0.90009165,-4.7906275,-1.4773611,12.514559,0.7057423,0.16341007,0.20922877,-0.0010461389,-10.885333,0.31925908,0.80655265,11.096709,0.90185714,-28.346708,-0.6659059,-5.2982454,-2.6804233,-39.769947,-0.45332795,2.9989173,6.8273854,0.0846503,0.0046670474,0.007417738,1.5837104,0.91533184,0.565,0.32988635,0.5025,0.43274558,-35.53988,04
43.23784,0.08968388,42.70813,43.931564,44.934544,2.2264137,179.18097,151.41226,56.34058,36.772,0.3276301,1.1659744,0.010169122,0.16920157,0.643096,0.6329269,4.575896,2.2048512,4.835615,2.999779,0.109385945,1.5597076,6.205119,2.2280765,-12.691728,-1.5951747,2.4449894,5.5577254,-20.547638,-1.2505025,0.039963666,2.9205487,0.76636565,0.8885415,10.188758,0.5851993,10.080689,1.0474925,13.957233,0.6487304,654.18665,0.4420362,1124.0511,0.24658224,-145.78656,-0.57998455,1671.5342,0.1868375,873.38525,0.44100365,-109.88584,-0.85451347,2752.419,0.10572609,826.999,0.5832888,-112.203476,-0.8138004,-4.8045053,-1.7514977,15.414146,0.456621,0.13702014,0.27397615,-0.0005540564,-28.461794,0.22300147,0.86795986,15.858576,0.69709367,-23.987394,-0.9443156,-1.1643295,-13.802597,-39.566338,-0.6342309,2.4239893,5.2673936,0.077199444,0.008652401,0.010870117,1.9417477,1.2285013,0.374,0.22535306,0.41599998,0.45543826,-38.400276,05
43.174187,0.093704164,42.746094,43.89134,45.094456,2.348362,167.47188,153.65543,72.00742,45.333145,0.40811726,1.1084741,0.024451457,0.1916165,0.8420458,0.81759435,5.6725545,3.311031,6.774643,3.0563786,0.12932532,1.3712159,6.404391,2.1891153,-17.195147,-1.1845796,4.9665933,3.1451142,-21.235634,-1.2161372,0.029992655,2.1705985,0.7853243,0.9169148,10.126382,0.6425444,9.350341,1.080509,13.598458,0.6979674,707.35406,0.49079466,1036.2091,0.29837716,-139.9869,-0.6390426,1739.6907,0.2175874,903.0811,0.37488815,-105.20401,-0.90648276,2789.2515,0.12437607,774.793,0.4193208,-106.76732,-0.8769265,-4.415946,-1.9020461,14.227094,0.52353835,0.14262857,0.25641364,-0.0019899802,-6.8020654,0.25440386,0.71909744,15.864859,0.6848507,-29.009798,-0.7516694,0.77644676,22.855627,-40.885548,-0.562769,4.391144,4.325777,0.06747271,0.005792882,0.01043529,1.6826924,0.97323596,0.5,0.4739726,0.404,0.4561403,-36.30528,05
43.56678,0.052364048,42.456703,43.807884,44.61966,2.1629562,35.22679,27.211578,32.723118,23.59351,0.43285707,1.0825845,0.01938739,0.20217796,0.9863655,0.96697813,5.594607,3.1015391,4.692872,2.3325918,0.12217376,1.2395234,6.9270425,1.9366921,-18.813816,-1.2693156,2.4284537,5.893747,-21.081207,-1.2494864,0.017514182,2.149528,0.66114223,0.89597803,11.896489,0.41817984,7.896637,1.2118906,11.717212,0.8252141,720.0439,0.5135932,947.0635,0.31013158,-140.59752,-0.6301476,1765.0001,0.22653842,828.50183,0.35641474,-103.00736,-0.92827517,2764.8647,0.1336391,790.65826,0.40157792,-104.27238,-0.905251,-4.1114726,-1.8688692,12.689118,0.6365417,0.14205876,0.30594406,-0.002985677,-4.3339014,0.23511127,0.5978081,15.533627,0.6951667,-33.231422,-0.718072,0.18526468,87.74533,-41.927994,-0.516659,3.356454,5.6576843,0.07901426,0.007938074,0.009356484,1.8223236,0.92165905,0.53999996,0.34899855,0.41799998,0.4213977,-36.44749,05
43.63904,0.063948676,43.24928,43.885372,45.78804,2.5387611,139.18732,171.34807,27.630968,16.098513,0.46321192,1.073077,0.010625216,0.22085205,0.9934743,0.98284906,6.7676997,4.2232547,4.69194,2.853209,0.1350596,1.2335554,6.504215,1.8609987,-17.97892,-1.3515035,0.4951007,29.856617,-22.409946,-1.2235183,0.039199468,3.5813613,0.60065687,0.8055572,11.632481,0.45832846,7.2660246,1.1388959,11.627605,0.79051524,777.63477,0.47698805,969.15265,0.34987321,-131.09024,-0.7097275,1856.2773,0.20389017,806.2836,0.38713723,-101.82721,-0.9443023,2857.0417,0.120381296,854.3462,0.6880699,-102.74839,-0.9262439,-3.525463,-1.9190592,12.207325,0.63020426,0.14728056,0.25878236,-0.0037554041,-3.208648,0.2601741,0.58131236,14.490108,0.69161505,-33.92932,-0.67405987,-1.566808,-10.734507,-44.576645,-0.47844705,1.3686577,6.716261,0.07281702,0.008936337,0.008492542,1.7937219,0.9070295,0.5525,0.33840618,0.422,0.43462166,-35.766064,05
44.26862,0.08593991,43.68978,44.346863,46.54142,2.8516388,304.2059,299.56525,121.60367,171.3102,1.0051662,1.1132724,0.020982407,0.48633516,2.264581,2.2435985,13.6721115,9.257252,13.082937,7.2512293,0.5672274,1.3662878,3.616147,2.7585773,-17.607185,-1.279609,1.2703387,11.459471,-21.661892,-1.2373049,0.025875283,2.0870817,0.90825456,0.74697924,7.9198847,0.795713,7.23738,1.2660532,9.07754,0.85818255,858.48517,0.40127444,888.6221,0.30384845,-108.421585,-0.92644024,1958.4446,0.18061134,602.8994,0.49826992,-91.61263,-1.037644,2981.4868,0.120393276,689.58795,0.631187,-90.515015,-1.0596348,-0.35679847,-21.629225,10.273172,0.6293676,0.11164485,0.3492249,0.0015046108,10.465079,1.0037259,0.80199766,6.838763,1.303355,-31.474264,-0.66088325,-1.1644708,-15.250026,-39.28194,-0.58457816,-3.3076036,10.546687,0.033169795,0.0011992784,0.01969764,2.0044544,1.1261262,0.48999998,0.40610343,0.374,0.38364565,-25.441599,05
44.538937,0.0571144,43.878906,44.38562,46.261505,2.3825989,148.91765,98.69345,21.913954,15.240669,1.055809,1.0573593,0.07810063,0.5693395,2.3305082,2.2524076,14.28018,7.242748,11.509043,7.003802,0.5972721,1.2875946,3.3061757,3.16723,-17.556808,-1.293684,2.1524014,6.460576,-22.25569,-1.1993285,0.030401396,3.4396045,0.83477974,0.66465914,9.128449,0.5540806,8.907426,1.0698068,10.832134,0.73564565,938.20135,0.33700937,854.0141,0.40537527,-106.347404,-0.9547749,2053.588,0.16178662,595.7076,0.43727985,-94.70655,-1.0183522,3064.7,0.112596124,659.7156,0.655152,-93.792305,-1.0370222,-1.2056509,-6.0722957,10.509695,0.6027357,0.114006326,0.28295732,0.000384258,42.308437,1.0889121,0.69807047,6.6754527,1.3110572,-32.77004,-0.6167143,-3.9798193,-3.6987011,-41.824116,-0.5028716,-4.708036,14.188797,0.0048033805,-6.2524e-05,0.029227968,1.7817373,0.9009009,0.5925,0.38661188,0.39599997,0.44355834,-25.341145,05
44.401814,0.10923917,44.05746,44.54222,47.10814,3.0506783,146.06982,122.331375,43.884827,22.836618,1.094569,1.0075747,0.032464195,0.565112,2.3490322,2.316568,13.636401,9.765091,12.575425,5.517617,0.5931369,1.1984749,4.7380605,2.4170945,-15.226127,-1.5418203,2.1292202,7.06361,-21.199755,-1.4686607,0.026971325,2.4381294,0.9011376,0.82335085,8.94849,0.70561606,6.8990173,1.3579124,9.468139,1.1131119,916.25854,0.37063414,801.20807,0.44031435,-104.83499,-0.94208485,2006.8495,0.19370846,686.2407,0.47928572,-87.1826,-1.0853454,3059.8088,0.12479408,660.5371,0.61475784,-87.164825,-1.079425,-1.7246059,-4.799596,11.556255,0.6680336,0.11849956,0.3970576,-0.00053248473,-29.18483,1.0056694,0.68122065,6.4886003,1.5734323,-28.730335,-0.7352527,-2.8979385,-5.6769924,-41.898514,-0.5871388,-13.7777195,25.601542,-0.023520498,0.0016236645,0.027767437,2.4663677,1.1337869,0.504,0.3961111,0.29666665,0.28975084,-24.740515,05
44.91441,0.033470828,44.08245,44.465744,46.286617,2.2041664,194.77715,333.22687,16.314983,11.897722,1.020353,0.9797136,0.051910706,0.58253413,2.1615639,2.1096532,11.78565,8.143303,12.458638,7.6787586,0.54462487,1.162493,3.8664834,3.0763636,-17.12957,-1.2850273,-0.44066378,-36.017387,-21.126207,-1.2493654,0.013422554,1.5348065,0.9012794,0.7628942,9.767243,0.5274834,6.765392,1.4602761,9.683418,1.1573417,918.45703,0.35456517,834.869,0.38521507,-108.840256,-0.9206415,1997.0424,0.17320082,735.7535,0.43481448,-93.98206,-1.0294724,2994.8008,0.11070191,674.47437,0.39836183,-94.243576,-1.0248866,-0.6148582,-12.635542,11.001691,0.6931606,0.11305663,0.36925864,0.0013702855,11.622926,0.9850191,0.575999,7.325765,1.2602289,-31.827877,-0.6095561,-5.5375676,-3.1466415,-39.604668,-0.53626037,-4.5273747,14.953714,0.028316997,0.0025885198,0.03134922,2.0044544,0.9009009,0.59499997,0.4643544,0.394,0.40182582,-26.32006,05
44.602047,0.034848943,43.726723,44.11864,46.415405,2.6886826,25.390806,17.082401,13.999521,6.497629,0.18539798,1.01377,0.0095179975,0.11866402,0.33426255,0.32474455,2.8792863,2.2901788,2.4644415,1.4267074,0.04071137,1.1614069,10.277274,1.5837228,-8.515441,-1.6380576,-4.2716312,-4.4379888,-19.173147,-1.162091,0.009741573,1.8027495,0.63290256,1.1858009,14.224123,0.3293659,11.542966,0.48779202,22.673512,0.49333322,751.2875,0.30030409,1301.392,0.22922246,-126.88615,-0.7290906,1692.2872,0.17641509,957.6922,0.58190167,-118.28705,-0.74055195,2854.1926,0.10391091,676.19147,0.67947274,-121.82267,-0.6870623,-11.168001,-0.5751822,23.711744,0.3589963,0.16383085,0.21011539,-0.005058957,-2.4262986,0.07802302,0.5360072,23.108074,0.5121055,-14.630973,-1.057888,-15.574846,-1.1274711,-37.464397,-0.523006,-0.12732154,7.980468,0.07486181,0.006485824,0.0099549405,2.1645021,1.3129103,0.3333333,0.18309075,0.34285712,0.42727423,-44.23872,06
44.569035,0.029315107,43.657063,44.078667,45.94006,2.2829971,13.11975,3.6979647,10.934593,3.5171833,0.1621409,1.0092967,0.008782048,0.11360069,0.2825303,0.27374825,3.7958515,2.3037407,2.3424385,1.161524,0.034966864,1.2258573,10.020571,1.7396649,-6.586007,-1.7810166,-7.3226337,-2.4851213,-18.526335,-1.0138345,0.008486162,1.7650148,0.5076938,0.99012506,15.229403,0.22087522,11.313753,0.51278615,27.38023,0.44551435,827.32007,0.18683511,1267.9028,0.24119242,-123.70927,-0.7444118,1717.5223,0.13569535,886.6016,0.3426656,-124.0922,-0.6902266,2956.4639,0.06179368,628.559,0.616466,-128.46931,-0.62861174,-12.63869,-0.53301144,27.894897,0.41354933,0.16137573,0.20543396,-0.0054679136,-2.0860753,0.06645195,0.6327775,24.868464,0.4700447,-9.775007,-1.3665553,-19.665253,-0.92821234,-34.37733,-0.48897257,1.6626195,6.3081875,0.09116061,0.0065909317,0.011282051,1.9313306,1.3015184,0.32166666,0.2481543,0.36428568,0.42057297,-45.187103,06
44.477158,0.04481337,43.615215,44.215252,46.325,2.7097855,124.66989,114.39283,10.253304,7.9323487,0.18971431,0.9801715,0.011839751,0.13990685,0.35594496,0.3441052,2.8898125,1.9549533,2.3399303,1.4415233,0.041034494,1.1549029,11.14603,1.4148651,-7.2382007,-1.7994012,-6.7184095,-2.4592493,-18.191544,-1.2403435,0.0080501735,1.784872,0.4813745,0.95766205,14.486661,0.2557565,11.836748,0.5817692,24.280928,0.45823044,769.4025,0.24051847,1275.339,0.21492645,-123.73607,-0.74534357,1687.9893,0.14620802,859.453,0.4338173,-117.96457,-0.74195635,2935.2378,0.07454929,641.9734,0.4999068,-122.46831,-0.67516935,-11.712607,-0.5395975,25.247433,0.39428303,0.1563791,0.24295957,-0.005341755,-1.9862686,0.07817387,0.52789956,23.036957,0.51269555,-13.031762,-1.01091,-14.405637,-1.1932926,-37.561325,-0.51041657,-0.6562673,8.20685,0.077637434,0.005526566,0.010054106,2.4886878,1.3729978,0.32833332,0.29796067,0.32714286,0.37908593,-43.720642,06
44.27312,0.043022163,43.43759,44.058598,46.161133,2.7235413,34.296955,30.013447,28.530153,26.849594,0.2613528,0.9813729,0.016622351,0.18137737,0.47216475,0.4555424,4.5406995,3.5870116,2.480242,1.656502,0.06623887,1.1974726,10.562676,1.4261706,-10.379761,-1.6560873,-0.7340972,-19.941002,-21.31025,-1.184722,0.010853854,1.9346185,0.6231182,0.98877317,13.349413,0.3633023,11.85241,0.6431171,17.532583,0.6409297,774.62445,0.34464836,1229.1019,0.23929708,-119.7001,-0.77952147,1764.5682,0.17943892,833.0384,0.3576811,-105.45101,-0.8517029,2901.9597,0.09544723,662.30945,0.548429,-108.37174,-0.8031265,-10.668757,-0.5642669,20.123005,0.36574703,0.16091919,0.2625078,-0.006005186,-1.8003178,0.11990136,0.63030195,20.837088,0.489488,-19.255589,-0.8637659,-6.6829624,-2.2798681,-38.903126,-0.57732445,-1.6309431,11.18924,0.06952249,0.004246133,0.009044429,2.0044544,1.1261262,0.454,0.1865047,0.41,0.42298934,-41.196507,06
46.898987,0.105413154,44.220135,46.230972,50.45323,6.233097,238.32806,256.30814,66.34477,59.075924,0.8727685,1.0759342,0.021432152,0.5169314,1.8339915,1.8125594,10.624676,6.6036963,12.924609,10.043894,0.4294279,1.361688,2.6051183,3.8647819,-17.978424,-1.0128338,-3.1952858,-5.172047,-18.692942,-1.2987487,0.033964682,1.593087,0.91758364,0.688969,7.436133,0.9622989,6.3978696,1.658282,9.268095,1.1293526,798.9352,0.4424638,863.78815,0.3739196,-109.88055,-0.8891738,1884.5475,0.22436444,669.34753,0.5782215,-84.18705,-1.1083086,2918.6194,0.13541803,798.7306,0.44297096,-82.25911,-1.1276693,-0.60236293,-11.737944,10.707718,0.6611997,0.123622194,0.29719546,-0.0021674074,-6.235246,0.7055404,0.8695269,4.749843,2.2918777,-27.600346,-0.6044559,-9.394277,-1.9462923,-32.307316,-0.6614373,0.7070191,7.0912066,0.04403213,0.0020239758,0.01274055,1.8957347,1.4388489,0.4133333,0.46657142,0.22285715,0.29421636,-27.476519,06
47.63374,0.109948374,44.2209,46.33665,49.67033,5.4494286,116.54511,119.54309,40.75751,31.079435,0.891215,1.0236859,0.058579452,0.520422,1.8886231,1.8300437,11.321338,7.1087613,12.395229,8.841776,0.49271268,1.3551172,3.7039099,2.5423644,-16.826303,-1.1018804,-4.051557,-4.412071,-18.516474,-1.3115076,0.03395332,1.6190715,0.9510354,0.5669768,6.421985,1.0078623,5.2745137,1.7874373,10.238731,1.0483199,881.894,0.34869307,878.15485,0.38059065,-100.58863,-0.9969388,1926.2472,0.19244449,718.8374,0.5253228,-85.46449,-1.0965306,2945.6694,0.1126791,689.85504,0.46171272,-81.80304,-1.1361548,-1.2184362,-5.513164,11.556866,0.5889867,0.12012389,0.41265696,-0.0013170076,-9.83735,0.7950422,0.8879636,4.2129283,2.57631,-26.928654,-0.61173636,-11.746639,-1.5522846,-32.346283,-0.6588304,-6.8694406,15.423347,0.0056188502,0.00056871923,0.023961436,2.1479714,0.9661836,0.6275,0.4377428,0.308,0.3146681,-27.549227,06
46.998833,0.09057235,44.274323,46.08487,48.21192,3.9375992,51.776604,44.4738,19.936895,13.872852,0.79203254,1.0163479,0.016549166,0.49490398,1.634151,1.6176019,11.957475,7.274633,11.428882,6.8373666,0.4209146,1.2625953,2.1763313,4.57117,-15.7282,-1.1647962,-6.145428,-2.486531,-19.106945,-1.2904319,0.023391427,1.2524215,0.96581715,0.65748453,7.359358,0.8932517,7.70528,1.2472451,11.861917,0.93466616,776.5193,0.4823691,843.10614,0.3998729,-116.57382,-0.81625754,1819.8508,0.22684805,703.9333,0.4529332,-90.102005,-1.0409861,2874.2854,0.12880106,609.127,0.47346187,-88.951454,-1.0354369,-2.4363108,-3.338255,12.230314,0.60767096,0.13186373,0.3820811,-0.0029392617,-4.267424,0.70256054,0.7656464,5.3814626,2.058428,-25.744816,-0.6036633,-9.980676,-1.6908234,-33.95659,-0.6377104,-2.254707,11.898531,0.045202073,0.0060262834,0.029473552,2.4271846,0.9828011,0.59,0.630119,0.324,0.3162657,-28.459532,06
46.9341,0.11591919,43.89669,46.023407,48.39241,4.49572,100.14117,83.34909,44.37649,28.934507,0.7663345,1.0418812,0.020232087,0.3732842,1.7174203,1.6971883,12.007987,7.4761815,7.8658576,4.359472,0.45019683,1.3536335,4.313786,2.6355722,-16.253592,-1.2530087,-5.662873,-2.5029497,-17.066656,-1.3897268,0.03497195,1.3352698,0.99054074,0.57432514,7.3336725,0.7603406,7.492547,1.2159846,10.901722,1.2331773,805.83563,0.39974162,990.6457,0.32587734,-121.25501,-0.78356314,1846.131,0.20866483,832.2203,0.4848356,-97.66728,-0.9585969,2839.4321,0.12675522,808.3915,0.5660632,-95.67031,-0.9633301,-3.0345278,-2.5484128,13.240195,0.543553,0.13756458,0.35452196,-0.0049364553,-2.5691848,0.79685646,0.7975325,7.855053,1.4771658,-27.346926,-0.72121245,-10.676423,-1.3226458,-33.02665,-0.61365885,-2.4887846,11.539379,0.035960212,0.004717103,0.028934753,2.3866348,1.4492754,0.3733333,0.2694851,0.29333332,0.32309267,-28.446138,06
32.32605,0.036215916,31.391754,32.09002,33.79153,2.3997765,45.114365,51.1363,13.255281,13.945898,0.24760683,1.0659822,0.010315254,0.1520124,0.50890875,0.4985935,3.8349805,1.7731676,3.6211975,2.2370741,0.05726304,1.1532925,14.6788845,1.1227673,-1.0616444,-10.326452,13.25681,1.1415914,-4.033008,-4.302633,0.0114357695,1.3067839,1.0151818,1.0255048,8.111788,0.43443868,-3.0277133,-2.5386488,11.803222,0.57986486,509.4554,0.4345077,1153.5183,0.2621439,-109.665504,-0.86648494,1543.7169,0.20652214,797.7369,0.44358164,-111.89714,-0.8092897,2497.761,0.11816596,774.3225,0.44720763,-111.96282,-0.8074294,-9.9224825,-0.56784993,16.989882,0.40681568,0.08904935,0.3482829,-0.018655963,-0.6330919,0.11243112,0.5002221,27.681864,0.39079294,-5.3382435,-2.1542351,21.104992,0.77965844,-13.986273,-1.3418024,-5.73648,15.181467,0.028714085,0.0062817987,0.0076277605,1.8648019,1.1792454,0.39999998,0.2384114,0.355,0.43987685,-42.35476,01
32.276978,0.037721947,31.194214,32.111496,33.82954,2.6353264,18.54995,9.385016,16.053381,16.090336,0.236018,1.1129729,0.008152126,0.11886933,0.508976,0.50082386,3.0766664,1.9301534,3.602183,1.7761225,0.05564276,1.1524013,14.444221,1.275167,-2.3679774,-4.963843,12.862053,1.2050524,-4.6473966,-3.5404677,0.014232269,1.330725,1.0977927,1.0671805,7.9141173,0.40112543,-4.15081,-1.7413262,11.701601,0.6293095,532.8876,0.4449725,1142.1858,0.27058432,-112.02233,-0.84902686,1537.0428,0.18838815,810.06647,0.42486936,-111.80398,-0.81631875,2513.5005,0.117165744,698.9407,0.6112861,-112.65243,-0.8026021,-9.830294,-0.6042228,17.595284,0.42242447,0.09061902,0.34641668,-0.017933669,-0.67562485,0.11187768,0.45369536,29.75115,0.36975336,-7.9228044,-1.6883376,21.047283,0.80851084,-14.332055,-1.2748619,-1.5317724,10.213649,0.061261583,0.008314136,0.005285463,1.6431925,0.9501188,0.4975,0.20571521,0.42599997,0.45018217,-42.950054,01
32.28203,0.038298603,31.246555,32.112885,33.776474,2.5299187,21.190907,10.935359,11.60663,12.968697,0.26042417,1.0393759,0.007590643,0.1908095,0.5664229,0.5588322,3.3797908,2.0471303,2.7731826,1.7540857,0.053044584,1.1303625,16.483358,1.0667412,-0.7391999,-17.944086,13.478477,1.1521825,-3.1463587,-5.097118,0.0129311895,1.6026222,0.72583383,1.1040756,8.634772,0.45615572,-2.2198167,-3.6574101,11.743254,0.6950667,451.9892,0.38018137,1122.6616,0.21812303,-105.9494,-0.91177636,1456.2494,0.17026839,777.9984,0.4193577,-106.9992,-0.8553891,2418.818,0.105975196,678.8721,0.33743855,-106.57861,-0.8635569,-9.686772,-0.5839055,16.465816,0.4468604,0.11410148,0.27670273,-0.01997969,-0.5160661,0.10178978,0.47381017,30.53198,0.37373894,-7.250411,-1.8357875,21.490417,0.7987049,-11.818887,-1.4664627,-4.562806,12.599701,0.0797625,0.011932537,0.005806695,1.5945331,0.92165905,0.53999996,0.3891015,0.41799998,0.44336894,-42.12217,01
32.351395,0.038458347,31.275122,32.111763,33.92752,2.652399,38.30163,48.694866,14.207676,7.9438686,0.3074395,1.0206398,0.008288369,0.22675435,0.68167835,0.67339,3.0251265,1.6552633,3.7953038,2.378749,0.06524736,1.131702,15.515549,1.091643,-0.3740447,-35.777885,15.375871,0.8778213,-4.2245245,-4.802554,0.010886464,1.7913282,0.7288107,1.0508194,8.585572,0.4051497,-2.2077339,-3.5217447,11.918087,0.589101,494.71906,0.48169935,1135.2592,0.2369046,-108.70295,-0.8841031,1526.9175,0.21106656,730.8482,0.4143208,-104.60822,-0.87790316,2502.072,0.119428776,671.98724,0.3396205,-104.29515,-0.8845943,-9.026482,-0.61636704,15.757787,0.37929907,0.11757107,0.26591903,-0.020353938,-0.5471541,0.12075326,0.5233834,28.44703,0.39221796,-8.992901,-1.2884219,23.179771,0.58519965,-17.448765,-1.1239955,-6.6044526,15.122209,0.03872663,0.009970719,0.008379727,1.5945331,0.92165905,0.5525,0.40319815,0.408,0.41834912,-40.787563,01
32.661213,0.057983343,31.460835,31.893028,35.27667,3.815834,14.457661,2.045555,8.187274,3.691771,0.13161638,1.0532266,0.0048859417,0.08968237,0.25458637,0.24970043,1.8931931,1.2533002,1.8537852,0.95114547,0.023380462,1.2158173,18.048632,1.1176417,6.70939,1.407968,9.183821,1.3707098,-3.8332105,-4.4868164,0.008995944,1.9260106,0.6629549,1.203003,10.690808,0.23995624,-0.24263515,-27.854153,22.845997,0.3147344,465.14246,0.3815494,1274.8461,0.24275489,-118.71501,-0.7894119,1407.4164,0.20962358,1045.7983,0.4087776,-118.58892,-0.74211836,2486.621,0.12961349,883.2393,0.5430866,-122.28801,-0.686453,-17.193142,-0.32912353,25.335972,0.24404274,0.07796107,0.47474843,-0.024097143,-0.53849924,0.04457187,0.631421,35.91493,0.27640587,8.03226,1.3187164,13.012516,1.1604451,-11.2661705,-1.8454654,-4.1279373,11.47407,0.10440772,0.010859062,0.008507,1.7316017,1.094092,0.406,0.24968778,0.405,0.42687818,-47.00309,02
32.766403,0.05885588,31.363354,31.838638,35.463657,4.1003036,68.52585,88.428604,12.587417,10.275601,0.13562228,0.9366892,0.008492441,0.103349105,0.25451782,0.24602538,1.5686575,1.0469563,1.2018647,0.47552797,0.024805807,1.1554626,20.566023,0.87076515,6.746365,1.4048122,11.1716,1.1040446,-2.1766868,-7.6205306,0.0073213866,1.3169516,0.6502878,1.1287744,10.7645855,0.22554573,2.3388658,3.143567,24.881222,0.22985381,518.5109,0.36646733,1264.1202,0.19253276,-114.88623,-0.8132531,1527.5278,0.20890018,925.81805,0.31310138,-118.248116,-0.72974586,2604.9277,0.11506706,790.04266,0.46560705,-121.744835,-0.677879,-18.593918,-0.28973347,26.006598,0.23311678,0.090950966,0.29740667,-0.025787503,-0.50970346,0.044037074,0.65161496,34.832413,0.31148112,9.143209,1.0580575,17.57003,0.72521806,-9.368648,-2.1231842,-8.881678,17.407156,0.08664479,0.0058490043,0.011740573,1.8145161,1.4256619,0.31857142,0.23246679,0.31625,0.3891959,-46.773827,02
32.777927,0.053437684,31.543936,31.852516,35.490997,3.9470615,28.891356,22.73783,6.4092503,7.7954803,0.1684849,0.9568871,0.006269294,0.15064937,0.3134443,0.30717498,1.6900853,0.9049922,1.4686862,1.1327219,0.02626533,1.2030443,20.887018,0.97437125,5.2946806,2.0764253,9.730846,1.0739807,-6.8009653,-2.759709,0.007892576,1.5718644,0.6403738,1.2410038,10.409446,0.34032118,-0.07987548,-95.89755,22.320145,0.27080503,484.87787,0.40098003,1235.0271,0.23150432,-99.59836,-0.964748,1440.2611,0.18072668,1023.1049,0.30113915,-104.44679,-0.85110074,2509.87,0.14086054,841.63403,0.53203183,-107.99454,-0.79151773,-16.839104,-0.29304007,25.791327,0.20887889,0.106170915,0.29455233,-0.023446415,-0.43769217,0.046348147,0.6576308,36.909473,0.3085468,4.197402,2.7629476,14.261714,0.796368,-17.297493,-1.0906502,-6.8237915,16.07584,0.070211045,0.0123632075,0.0052009537,1.483051,0.856531,0.615,0.40363967,0.424,0.43056244,-45.28857,02
32.73539,0.0583629,31.446453,31.83209,35.545444,4.0989914,22.188276,29.59434,15.919697,16.376785,0.16156708,0.93052703,0.00701812,0.15033297,0.30307364,0.29605553,1.4499642,0.5557604,1.3611718,0.6877791,0.02600816,1.2190756,18.79374,1.0706793,8.992513,1.1042752,12.461269,0.84760594,-3.7658541,-4.884359,0.009556013,1.7988331,0.69431704,1.5150744,10.668826,0.30121088,2.275844,2.9150689,20.858978,0.29081988,478.09354,0.39241588,1272.0197,0.2462701,-108.34731,-0.87986034,1449.2684,0.22315688,957.9521,0.3613402,-109.091896,-0.8070611,2508.1108,0.1215244,673.8264,0.56179,-111.10667,-0.77449936,-18.622793,-0.28776294,23.801044,0.27080253,0.094034836,0.37106428,-0.029543735,-0.44012612,0.04514748,0.72003555,34.322895,0.32064646,9.617973,0.9329296,18.580038,0.4730739,-14.423168,-1.3174802,-6.4204392,14.533277,0.07324647,0.009555046,0.007494461,1.7057569,0.862069,0.5875,0.45135212,0.44,0.38470766,-45.195034,02
32.773163,0.05396287,31.536354,31.871801,35.470257,3.9339027,17.684849,15.199859,4.3806224,5.2697563,0.15082477,0.9007578,0.013863285,0.116859384,0.28381592,0.26995263,1.543551,0.97050846,1.6795927,0.7389003,0.024560524,1.054507,20.100351,0.97943753,4.452962,2.576309,10.546616,1.0512217,-5.8221126,-3.1708255,0.008991072,1.969738,0.621007,1.2169226,11.057743,0.1892738,0.04511869,134.33575,23.731922,0.2570168,470.3143,0.29928792,1330.6274,0.16439247,-113.39908,-0.83624,1437.3337,0.21642551,1050.7192,0.4358409,-113.824715,-0.7753038,2504.8745,0.11653018,855.37537,0.5067106,-117.82156,-0.71288043,-18.460987,-0.31331357,26.304869,0.23984182,0.0952792,0.30395746,-0.029814046,-0.45516223,0.042142626,0.5505821,36.85505,0.25119358,8.562326,1.223381,15.34087,0.8055926,-15.695469,-1.2592076,-4.6011972,12.603541,0.05166071,0.0045538233,0.009040736,1.6359918,1.0330579,0.46199998,0.2986235,0.4033333,0.43025833,-46.24528,02
32.66545,0.057728145,31.45139,31.794226,35.616413,4.165024,32.6782,35.115543,8.570212,6.218502,0.14151926,0.9727688,0.005360653,0.10044347,0.2723063,0.26694563,1.7117732,1.0152946,1.8152604,0.87822294,0.02209852,1.1951014,20.446846,0.9917497,8.070388,1.3590606,9.1710005,1.3127674,-5.0704913,-3.5865972,0.005534834,1.5338455,0.5824742,1.436203,11.010628,0.2177805,-0.6533125,-10.436927,24.409708,0.31008953,470.86075,0.32854396,1284.4382,0.1658949,-112.0458,-0.84362465,1407.73,0.17867161,983.5801,0.2715844,-115.31405,-0.7663559,2561.6948,0.12204638,896.82336,0.6155704,-120.06214,-0.6942132,-17.467962,-0.3242049,26.607315,0.25206625,0.09721738,0.3137277,-0.024230845,-0.58754957,0.03829386,0.7150075,37.102684,0.2685472,8.885342,1.3066992,10.324496,1.3696134,-15.663375,-1.2140527,-9.4281435,18.448212,0.080442846,0.010468796,0.010866339,1.8292682,1.4373717,0.32,0.15955295,0.3528571,0.4093798,-46.734924,02
32.78157,0.05284505,31.49982,32.007545,35.583595,4.0837746,45.804596,68.31698,5.661676,4.212286,0.14519128,0.95770156,0.0069264695,0.13284239,0.271284,0.26435754,1.1295874,0.49899083,1.2667382,0.6011601,0.023129728,1.2575489,18.721848,1.142073,6.9744897,1.673919,9.241578,1.2028438,-1.8853141,-7.3640394,0.008175913,2.0345237,0.66428703,1.4444122,10.608564,0.34574482,2.1766882,3.2892723,23.093061,0.3078391,513.8674,0.428284,1296.7991,0.25088304,-109.705345,-0.86253774,1482.9863,0.20997733,1036.5547,0.33082145,-110.64841,-0.79060376,2542.8728,0.13137889,851.128,0.4951387,-114.21133,-0.7349783,-18.187777,-0.3307657,27.654356,0.25996113,0.10164617,0.29597008,-0.022927063,-0.5046015,0.039042264,0.7343437,36.221466,0.3191075,8.306862,1.2747506,13.721539,0.8326258,-9.0736265,-1.5955439,-1.9444689,10.146988,0.08447757,0.0095636,0.008017021,1.7057569,1.0775863,0.46199998,0.15011995,0.37,0.42418548,-46.145008,02
32.91367,0.05694627,31.521748,32.002625,35.721478,4.19973,55.2993,64.30792,5.150085,2.5530195,0.1727901,0.9086373,0.008521611,0.17228545,0.33411068,0.32558906,1.3044794,0.5178207,1.1977576,0.6470578,0.024803096,1.1410773,18.801516,1.1061624,8.946206,1.1235967,9.9991455,1.0135874,-3.4781687,-4.9420733,0.006669922,1.7426088,0.58586574,1.4247544,10.850822,0.30652428,2.26374,3.466991,22.195284,0.30583772,487.1173,0.40345183,1288.8099,0.21559918,-100.85878,-0.9477071,1424.0323,0.23090774,1110.4904,0.31335217,-104.85212,-0.8351231,2449.311,0.12780866,753.9685,0.41534105,-107.702934,-0.7880976,-17.824059,-0.31692865,25.42805,0.2660145,0.0972788,0.31778154,-0.026986971,-0.41266736,0.0419202,0.669148,34.82499,0.3297621,9.262964,0.96299666,13.163725,0.8400988,-12.751557,-1.3334024,-5.842538,13.768754,0.060323853,0.010566247,0.006208899,1.5717093,0.9920635,0.534,0.19885673,0.37666667,0.41306442,-44.996967,02
33.11706,0.061127365,31.61927,32.321533,36.153534,4.5342636,14.342034,7.297573,12.168272,11.014411,0.23940931,1.0999633,0.008388785,0.13810678,0.5159581,0.5075693,3.4116182,1.6302271,3.753772,1.994126,0.05646967,1.1786301,15.450101,1.1462332,-2.5102239,-4.583169,11.861106,1.407368,-4.094536,-4.2848983,0.012388042,1.660559,0.8774985,0.9403732,8.8289795,0.43114293,-2.0844305,-3.9601576,12.213427,0.6390369,500.5825,0.41571411,1170.9513,0.21715692,-113.595375,-0.8321988,1531.55,0.18971778,764.5153,0.46602315,-113.156075,-0.7958019,2500.2527,0.120536484,757.07495,0.39960974,-113.13974,-0.7948928,-10.6863165,-0.5655871,17.217289,0.43383858,0.08119856,0.43849033,-0.022253964,-0.62740433,0.11169594,0.51534045,29.287495,0.38485825,-6.6136317,-2.063497,19.37464,1.0139441,-13.642705,-1.4518751,-2.9726365,12.007504,0.047066323,0.0052347337,0.008060252,1.6431925,1.4251782,0.32,0.10535654,0.5225,0.44656324,-41.931664,03
32.864357,0.06977023,31.619148,32.231018,35.814594,4.195446,139.29492,178.78412,20.086954,17.34602,0.2230504,1.1105306,0.007914485,0.13675238,0.46251407,0.4545996,2.7556255,1.373412,3.1626277,1.5207934,0.054345798,1.2099053,15.139356,1.2753057,-1.2209394,-9.822816,11.671667,1.2824383,-4.261206,-4.0074306,0.024424084,3.3961637,0.831706,1.0153502,8.694918,0.4423023,-1.460693,-6.0590334,13.067871,0.5417803,482.82816,0.39426497,1189.2961,0.2444763,-112.14276,-0.853506,1504.3245,0.17019865,805.23364,0.38424134,-111.6963,-0.81633574,2503.7783,0.12124686,772.75085,0.41666394,-112.17124,-0.80785865,-11.606293,-0.4967562,18.510145,0.37915984,0.09192773,0.34195656,-0.021852767,-0.57409894,0.107061945,0.55455214,31.353634,0.33626413,-6.1506286,-2.333591,18.858376,0.92976177,-12.404094,-1.6136425,-2.5198863,11.454725,0.057157792,0.009527888,0.007187335,1.6317016,0.9433963,0.49499997,0.21511625,0.35666668,0.44357136,-42.562542,03
32.610302,0.077630386,31.372425,31.861141,35.577095,4.20467,142.20064,173.00589,19.377434,13.778008,0.22942045,1.0580783,0.008430418,0.15240417,0.47261974,0.46418932,2.492981,1.3997798,1.8590546,0.7259212,0.080685325,1.4475336,18.449034,0.9393061,2.1236687,7.19094,14.922708,0.8058708,0.65021396,27.990406,0.019084482,4.6391034,0.6880597,0.9853697,8.978822,0.38112867,-1.6975731,-4.30805,10.883627,0.75387913,455.42377,0.30696815,1137.189,0.17182775,-106.23124,-0.911308,1473.2064,0.16499658,903.2931,0.5647152,-110.18495,-0.8289872,2432.7966,0.09687712,717.6554,0.45814082,-109.61645,-0.8381129,-12.055871,-0.4789063,18.033466,0.42519972,0.0056210533,7.881845,-0.024145368,-0.43954346,0.13680926,0.93663543,32.755814,0.2804255,-6.5042863,-2.2455318,21.178143,0.5858753,-9.434699,-2.0730948,-17.842537,28.37577,-0.0037568128,0.007963279,0.03383341,1.6203705,0.9367682,0.515,0.29141894,0.424,0.42339578,-42.275337,03
32.818226,0.057735916,31.464493,31.984732,35.48674,4.0222473,36.110714,23.278088,13.190326,10.315102,0.23699136,1.0738491,0.007952887,0.15243414,0.48406613,0.47611323,2.9310827,1.6826165,2.8992689,1.8733382,0.053824726,1.2385043,15.807333,1.1604797,0.5145343,27.195698,14.045887,0.9552154,-1.5886312,-11.886341,0.014369581,1.7625955,0.83425415,0.9734715,8.609533,0.46914792,-0.8483992,-10.537253,10.846734,0.6965496,496.0958,0.41811854,1133.5812,0.23326136,-108.25376,-0.88618726,1536.9559,0.18114191,835.5669,0.5003298,-106.46031,-0.85477287,2494.9277,0.11785295,700.25354,0.3384639,-105.5803,-0.86960804,-10.787936,-0.508992,16.57412,0.40002313,0.11384038,0.23154238,-0.022258302,-0.49981424,0.10319413,0.5953265,30.470654,0.373207,-7.111389,-1.9439185,21.94963,0.5907464,-11.443795,-1.7326155,-5.3180118,13.589571,0.04366161,0.009823302,0.0033220628,1.6055045,0.92807424,0.54249996,0.3247595,0.51,0.43640578,-42.619854,03
33.050865,0.09445718,31.252228,32.60595,35.762203,4.5099754,73.96059,87.484856,54.665077,53.186882,0.380493,1.1323196,0.014534351,0.19585845,0.8206642,0.8061299,6.5990252,3.0870273,5.1976314,2.4817626,0.17280185,1.3623768,13.947847,1.1831055,-4.9890847,-2.4931192,13.193548,1.2140301,-4.334662,-4.5496874,0.02924811,1.2053196,1.2415304,0.7135998,4.691712,0.86347884,0.15909089,56.447014,10.628057,0.56469953,591.35004,0.5033536,1115.7203,0.23274677,-110.79102,-0.87241465,1662.2814,0.20295134,715.99207,0.5405515,-105.79713,-0.8646034,2629.8008,0.15399228,769.3229,0.3669478,-104.44797,-0.88720953,-9.164447,-0.6900577,15.71894,0.4765027,0.09317058,0.34222564,-0.019177796,-0.72023684,0.3338911,0.7121371,26.119246,0.41354376,-8.031693,-1.829297,20.249956,0.92467713,-11.720514,-2.0304198,-1.2925328,9.965425,0.052182198,0.0060568457,0.008239566,1.6431925,0.9501188,0.53,0.47592014,0.4975,0.47588733,-36.25914,03
33.72233,0.16999541,30.833061,32.489655,35.920925,5.087864,164.19992,137.63922,46.397778,53.002335,0.3507093,1.1595266,0.0012961213,0.20169583,0.7116828,0.7103867,6.748311,4.739965,4.7191634,2.1541595,0.16114385,1.3498669,16.02489,1.0129328,-2.781447,-4.0758634,8.551081,1.7859964,-3.2500439,-5.5580792,0.043680318,2.184696,1.1178944,0.61881065,5.142831,0.8163021,1.7887926,7.674973,13.116273,0.7421467,533.2922,0.48291406,1138.9731,0.23193228,-119.27923,-0.79906493,1579.8231,0.19202676,809.90247,0.47179964,-107.505714,-0.84338224,2568.4128,0.14179529,744.76227,0.4167615,-106.96041,-0.8472628,-9.816716,-0.7345118,17.208181,0.490646,0.099392846,0.3551504,-0.016624471,-0.83657956,0.3106898,0.7094347,26.542412,0.53756166,-7.08727,-1.8542967,15.172322,1.1829833,-8.624976,-2.590649,-7.2601995,16.87149,0.08866302,0.012512194,0.017959032,2.1126761,1.1904763,0.41799998,0.42059,0.3333333,0.4131451,-36.75128,03
32.54959,0.08576659,31.027227,32.09843,35.177105,4.1498775,94.60112,158.59776,40.21522,46.296383,0.35159603,1.0827134,0.010971225,0.22735299,0.75144047,0.7404692,7.145302,4.4255195,3.5892005,1.5379347,0.12915555,1.1798494,14.184652,1.3253789,-1.555158,-10.437557,14.612633,0.9902588,-5.011417,-4.1299367,0.030811135,3.0195026,1.0440701,0.7048854,5.9206448,0.5649332,1.4898052,6.463675,11.42641,0.69895643,608.363,0.4853452,1200.1108,0.20884325,-115.20707,-0.83299184,1686.2183,0.17879912,770.5634,0.443122,-105.47815,-0.8692326,2649.6377,0.13713636,837.0034,0.40089294,-103.22491,-0.9087205,-9.619942,-0.6597915,15.092611,0.49466702,0.08072377,0.48207426,-0.022196317,-0.5404209,0.24386217,0.548885,28.226534,0.40292355,-10.408131,-1.6021447,23.376059,0.59986776,-16.26796,-1.3534592,-7.0414124,16.747614,0.0083022555,0.0062352475,0.010194512,1.9417477,0.7371008,0.69,0.29631063,0.64,0.37094474,-38.201073,03
32.825462,0.062106807,31.142138,32.186153,35.14505,4.0029125,84.40823,144.91151,24.19612,12.031805,0.4094882,1.0434386,0.016027642,0.28692892,0.84522504,0.8291974,6.8447113,4.9602923,5.1182566,2.8242908,0.16811648,1.1966689,14.183038,1.1783081,-5.604161,-2.6214592,12.10481,1.2145387,-5.255285,-3.8346348,0.02155229,1.0928112,1.1978121,0.7797556,5.844607,0.5182102,0.5497654,16.773897,11.351556,0.7176529,662.3098,0.45410913,1158.6128,0.23761079,-113.356,-0.84562236,1721.1058,0.17651267,748.14636,0.44018623,-103.56441,-0.89177495,2712.4924,0.13332283,736.3318,0.32196993,-102.70409,-0.90664977,-8.476344,-0.71768576,14.607681,0.5375453,0.110736035,0.32400095,-0.020773688,-0.612149,0.31571954,0.5636892,26.745577,0.4046871,-9.879081,-1.5234145,21.157114,0.7039203,-12.917602,-1.7694416,-1.2801807,10.169709,0.0600365,0.0032835847,0.009573465,2.0642202,0.46403712,1.12,0.5,0.67333335,0.37115437,-36.584515,03
32.91891,0.047725506,31.67614,31.946146,34.999462,3.3233223,62.60792,64.82002,7.9969,3.404384,0.097238146,1.0712881,0.0051289303,0.0612713,0.18970323,0.18457429,1.769843,1.2357365,1.3676696,0.9152011,0.016489314,1.2808967,17.34806,1.1491809,8.361896,1.1082942,8.815607,1.293491,-2.1957505,-7.5251236,0.008683742,1.7283651,0.68962485,1.2361226,10.869395,0.2116929,-0.14121929,-46.85611,25.574867,0.33398288,512.5566,0.37491107,1234.0414,0.19000906,-131.11061,-0.6888754,1449.4103,0.20238698,983.4737,0.45701006,-131.96907,-0.64396244,2613.6658,0.12569022,737.09644,0.39350894,-135.39014,-0.59669036,-18.054752,-0.29099995,26.887817,0.29795602,0.112460226,0.20365267,-0.024298914,-0.5084122,0.033318155,0.6858294,36.01648,0.28935772,10.043868,0.7972482,11.905914,1.1172194,-11.569758,-1.7041353,-7.4694843,16.258339,0.08513384,0.006913266,0.0072393036,2.2271717,1.5765766,0.23428571,0.103903405,0.33124998,0.40048212,-50.256958,04
32.674675,0.044642888,31.61515,32.117817,34.73191,3.1167603,49.43493,33.041824,7.8672,2.5148566,0.10023423,1.1103776,0.0019520178,0.059016466,0.19903477,0.19708274,1.5270076,0.9746954,1.1898375,0.5787952,0.01736659,1.2859507,17.751713,1.1016335,8.532805,1.1741947,9.169366,1.2867371,-4.4374237,-3.8740213,0.006998132,1.249368,0.756838,1.2044051,10.837309,0.19851,0.33275855,20.542551,27.651503,0.21551672,501.3954,0.38375944,1269.1693,0.21458267,-125.83944,-0.73636806,1436.2535,0.18883246,998.339,0.3689726,-129.32193,-0.66795987,2599.5686,0.1223025,839.0872,0.50455284,-133.47894,-0.60799307,-17.966572,-0.34012836,28.42695,0.23561247,0.106237054,0.22537988,-0.024307499,-0.51490045,0.03516023,0.6615467,36.900497,0.24702685,10.446926,0.87694865,12.229719,1.1311774,-14.436716,-1.3801228,-7.339305,15.85468,0.10482907,0.009556743,0.008434427,2.1645021,1.3129103,0.29333332,0.14290634,0.3828571,0.4197181,-49.87384,04
32.754242,0.048404794,31.402355,31.959848,34.76069,3.3583336,24.338982,19.769726,8.954376,8.691308,0.150951,0.9567866,0.0068917857,0.1279639,0.28407952,0.27718773,1.2757554,0.7830715,1.2779003,0.9255579,0.025044965,1.1130356,20.721493,0.9790517,7.4868655,1.648097,8.995655,1.1815591,-3.2039652,-5.539297,0.0076028523,1.7917815,0.62881315,1.2435459,10.653051,0.25979123,0.8963547,9.110419,22.874166,0.41787732,506.703,0.4335614,1191.4587,0.22600207,-102.644905,-0.9266379,1487.83,0.23457737,960.3439,0.41302282,-107.97298,-0.8183293,2565.484,0.12869057,815.77826,0.5330227,-111.53456,-0.76295155,-16.884794,-0.3991223,24.509388,0.33153725,0.11836056,0.30122507,-0.023676626,-0.59498805,0.042986464,0.63039285,36.16463,0.30166358,6.164561,2.1030715,12.949725,0.88776314,-11.284347,-1.7825618,-5.9027295,14.254748,0.092046596,0.009028435,0.008245822,1.7110267,1.34357,0.3742857,0.26901177,0.305,0.37894592,-46.736214,04
32.745907,0.044805378,31.54382,32.028587,34.593384,3.0495644,28.773045,38.466537,9.872909,5.1901464,0.08793665,0.9705734,0.0040082363,0.06942709,0.17444201,0.17043377,1.0862947,0.7039708,0.734384,0.41903892,0.014807818,1.2309108,20.516615,0.9848101,11.8615,0.9839542,10.861381,1.0798472,-1.1391354,-12.594579,0.0070268027,1.410827,0.66915447,1.2289367,11.494799,0.11047177,4.572309,2.117148,28.993446,0.28235477,510.815,0.35427824,1286.9259,0.17113075,-115.44192,-0.8134878,1522.2859,0.21070877,992.8916,0.33526635,-120.900215,-0.7057329,2602.4734,0.15427577,814.4208,0.63511163,-124.011406,-0.6615338,-22.92818,-0.26100534,31.908228,0.20770264,0.11254385,0.39299038,-0.02574452,-0.5143671,0.027515255,0.68288773,39.08861,0.21701652,14.999498,0.6876331,15.124537,0.78514075,-8.967615,-1.6719419,-8.490929,16.597727,0.0855042,0.009963917,0.005556116,1.6260163,1.2320329,0.3633333,0.2321398,0.36571428,0.39913684,-50.700096,04
33.52475,0.07920564,31.51527,32.23091,35.53182,4.016548,150.72519,175.87724,155.68817,333.35593,0.09128681,1.2569159,0.0050942893,0.04770863,0.1647825,0.1596882,1.9441383,1.512377,1.2695094,0.6250007,0.032914832,1.5728853,16.748295,1.1062157,9.841192,1.1016597,9.614308,1.3384032,2.2173896,7.122036,0.025946055,1.1087693,1.305635,0.7820196,7.506216,0.5377412,5.906952,1.8896172,25.928572,0.33472198,469.5174,0.44581366,1195.9702,0.18364833,-138.53694,-0.6299432,1481.1776,0.23514834,873.81555,0.34480107,-139.79634,-0.5775076,2541.1448,0.12628971,824.8463,0.4885284,-141.50363,-0.5534759,-20.296223,-0.3308735,28.65482,0.26299816,0.12180947,0.24337104,-0.022702271,-0.57336247,0.080761924,0.7758631,34.70454,0.30888888,10.901165,1.0195458,13.293485,1.2360512,-1.4114783,-16.207968,-9.74913,18.590954,0.10099411,0.008910521,0.010331106,2.1186442,1.9271948,0.17222221,0.110229835,0.29299998,0.32090652,-48.455574,04
33.4638,0.07813958,31.5081,32.480103,35.11056,3.6024609,41.29662,18.510748,34.200718,16.523436,0.09279759,1.144755,0.0066781975,0.054654956,0.17617919,0.16950099,2.0873542,1.7158817,1.2787989,0.7485084,0.030440472,1.4967555,17.061779,1.1751488,9.530935,1.1662717,9.776962,1.275108,2.8619444,5.533128,0.016072575,0.9959587,1.0660645,0.68742007,8.465659,0.4530773,5.4489017,1.8199701,27.565325,0.35139573,475.4446,0.40345252,1207.8438,0.18566248,-135.74707,-0.658812,1473.8706,0.19380932,938.47015,0.3777576,-139.24757,-0.5859076,2504.0447,0.11696767,820.1623,0.35621077,-141.3813,-0.55534506,-20.323385,-0.37904492,29.285418,0.3013305,0.12598394,0.2502706,-0.025633179,-0.5723386,0.07323845,0.74595004,36.232224,0.33109367,9.510358,1.2301036,13.225567,1.1675935,-4.4533267,-4.762305,-9.215741,17.86294,0.08921156,0.006683637,0.009342518,2.2494888,1.6528927,0.20125,0.1098223,0.34,0.35826743,-49.167725,04
32.998577,0.059429135,31.506342,32.44078,34.91402,3.4076786,95.68639,119.30276,67.484146,136.13068,0.16301693,1.0858898,0.0073487647,0.08516318,0.32712713,0.31977835,1.8797787,0.8864859,1.3662044,0.6901336,0.052068483,1.2960837,18.931047,1.066089,3.6546648,3.5582743,11.819365,1.0464332,3.2889602,5.198417,0.015314343,2.6048474,0.9868256,0.9332451,8.441593,0.35818654,3.5811937,4.1557755,18.569447,0.70353156,451.51755,0.4596422,1252.285,0.23002565,-115.88054,-0.8356496,1421.796,0.18112859,901.24634,0.35235864,-115.44396,-0.76866686,2435.5479,0.1184364,797.02594,0.5468102,-115.7819,-0.7640164,-16.006042,-0.41079384,22.203848,0.34087467,0.128646,0.20054552,-0.02281569,-0.6158418,0.104768194,0.632627,36.446667,0.28264195,-1.8295659,-7.3556337,16.756042,0.8838735,-1.0661393,-21.571926,-5.9098115,13.909296,0.056118473,0.0065413313,0.006343057,1.6129032,1.221996,0.3783333,0.21357408,0.35857144,0.39415112,-44.26124,04
32.709297,0.060573515,31.015636,32.39231,34.655796,3.6401596,46.47771,57.552914,38.612427,23.099548,0.17661048,1.0430307,0.009715617,0.11629709,0.37012494,0.36040932,2.872505,1.881386,2.3229825,1.3620203,0.05414071,1.1491423,17.481318,1.0049878,7.3779325,1.5777098,14.183273,0.8448641,9.463988,1.7261071,0.022899233,1.6644907,1.0138738,0.71525073,7.8112655,0.4425768,5.8146462,2.1422205,19.190035,0.40942124,478.09763,0.4194384,1215.8878,0.22525759,-115.800415,-0.8299056,1493.4434,0.19065508,930.623,0.45611903,-115.94431,-0.76668346,2473.8362,0.1296093,771.6649,0.29869813,-116.78679,-0.7539691,-14.183728,-0.418244,21.217432,0.3063456,0.11371131,0.30062035,-0.017434172,-0.73370886,0.10514464,0.52210474,31.695814,0.32301095,1.4287639,8.129606,17.384106,0.7844234,5.786441,3.6212232,-13.569266,22.870646,0.026235275,0.008912786,0.0113054905,2.3454158,1.0775863,0.42599997,0.21777052,0.39999998,0.39479953,-44.401073,04
32.456127,0.098398745,31.173538,32.33444,34.862495,3.6889572,333.35724,684.98267,34.320156,11.314758,0.3551956,1.2437936,0.010657735,0.15142068,0.6745913,0.6639336,12.408135,9.78406,5.7483435,3.8070364,0.16235137,1.5399194,13.842973,1.1560705,3.9449506,3.2878284,12.526239,1.1439366,-3.4915304,-6.0477457,0.021566132,1.5776992,1.1442957,0.738554,6.0303473,0.5518943,1.7513663,4.991732,17.346258,0.48872128,597.46857,0.4664422,1081.2897,0.27119103,-108.86199,-0.8747882,1651.5956,0.20508686,765.5923,0.63908887,-110.47864,-0.80971366,2667.122,0.12620802,687.82355,0.46712843,-111.06622,-0.799754,-11.196568,-0.6836214,19.397171,0.4228176,0.04712261,0.85614216,-0.016471101,-0.9641605,0.31588313,0.88993526,24.562613,0.4724035,2.0806952,7.629433,18.606731,0.8852474,-13.582668,-1.829357,-6.6097136,17.125824,0.03957938,0.008764083,0.016296202,1.7937219,1.3605443,0.355,0.12906717,0.30714285,0.40034676,-36.081,05
31.95603,0.100272454,30.49256,32.042915,34.278034,3.7854748,144.56775,229.95761,61.812767,79.60737,0.33838633,1.0873177,0.014529025,0.20122172,0.6592314,0.6447024,6.8464437,3.65749,4.639094,2.4602964,0.15027794,1.2336446,15.070671,1.1213217,1.9689353,6.8754992,13.072476,1.2702504,-3.2878408,-5.713382,0.027417418,2.0461476,1.1370919,0.67318046,5.604402,0.64408535,0.6314048,14.347156,15.771232,0.53686863,578.8891,0.44814467,1171.0793,0.27518335,-109.506134,-0.8591025,1608.3528,0.20728606,791.32355,0.5538734,-109.607,-0.8085552,2637.1917,0.13206305,703.34546,0.37885806,-109.805695,-0.8042268,-11.443702,-0.64489985,19.013273,0.46786183,0.05584204,0.7026282,-0.020239338,-0.74009055,0.2865308,0.6147378,26.86127,0.4529493,0.5435841,28.22178,19.873852,0.9578622,-9.116854,-2.5347831,-7.0948277,16.192528,0.04302046,0.0018914738,0.014505907,1.7699115,1.3422819,0.36499998,0.14115594,0.30714285,0.3866602,-37.321487,05
31.936108,0.105381966,30.384874,32.19439,34.47914,4.094267,177.364,189.90419,18.273767,15.42392,0.4902267,1.1679893,0.013602062,0.26523787,1.040329,1.026727,8.351313,7.141963,5.321244,2.329097,0.20428461,1.4087486,12.99733,1.2844996,0.21656808,70.21549,13.730047,1.187742,-7.3185477,-2.7968137,0.02395732,2.2221873,1.0455006,0.85627115,5.351058,0.70598555,0.8151702,11.975655,11.538446,0.8114817,725.13104,0.4361578,1040.4867,0.32261676,-115.2369,-0.82438016,1848.119,0.19296515,644.9444,0.6646137,-107.98498,-0.8496122,2814.5315,0.14314876,768.25525,0.30005792,-106.08402,-0.8834987,-7.736759,-1.0451359,14.161464,0.6385208,0.10590538,0.4116027,-0.01903988,-0.7742598,0.39685923,0.76570326,22.750364,0.562129,-6.6843476,-2.38257,23.615013,0.7050737,-18.94954,-1.1633987,-6.149909,14.822256,0.036370024,0.001941093,0.0155576905,1.754386,1.1086475,0.442,0.17010586,0.436,0.42002857,-34.268913,05
32.10518,0.087956116,30.898975,32.064804,34.01863,3.1196556,81.290016,136.69589,35.95973,20.787186,0.40006882,1.0473089,0.0154471975,0.2948806,0.8188323,0.8033851,5.302527,3.188977,4.2567506,2.557878,0.1570489,1.1446025,15.286263,1.0499687,0.9297345,16.361967,15.245085,0.98561424,-4.539613,-4.52271,0.018616388,1.6295925,0.97752184,0.75818974,5.700631,0.6201532,0.07543199,131.8041,12.557722,0.73396325,645.2488,0.44835514,1121.7944,0.28974682,-112.26956,-0.843137,1766.3727,0.19686079,718.7476,0.59443325,-107.433075,-0.84714955,2721.7908,0.14458758,770.1622,0.31253362,-106.28074,-0.86673504,-9.104017,-0.8054102,15.747379,0.54275316,0.10139392,0.408369,-0.020709388,-0.7003382,0.29891437,0.51366246,25.514462,0.4291293,-6.1297555,-2.7005768,23.021605,0.6555714,-15.288772,-1.5350196,-13.071894,22.424105,0.05212298,0.010742721,0.02174279,2.3965144,1.1013216,0.45,0.16382918,0.3633333,0.38947257,-36.981125,05
32.449726,0.18691643,30.514471,32.23106,35.1683,4.6538296,542.0826,820.60657,210.66516,312.80276,0.71137714,1.1348712,0.018182859,0.38937128,1.4550576,1.4368747,15.047908,10.396498,9.468465,4.5141,0.48909247,1.3374951,12.400548,1.1358981,-3.0173254,-5.164265,15.099826,1.1494843,-3.3303149,-5.743171,0.0642636,1.6192045,1.3985605,0.69012886,1.8033053,2.0485237,-0.3343461,-27.964073,6.4707465,1.4950984,783.9531,0.3694337,982.20764,0.29588693,-112.31741,-0.85231674,1867.9664,0.15861528,653.83386,0.54807097,-106.72715,-0.87254757,2880.27,0.10749561,729.9356,0.3490532,-105.450096,-0.89073455,-5.27147,-1.4325182,10.985581,0.74374604,0.042006824,0.93772733,-0.018917568,-0.92782915,0.93632907,0.7268616,19.83574,0.5825062,-9.048198,-1.8023285,21.834316,0.9466753,-11.147784,-1.9191529,-11.378929,21.371017,0.013932687,0.001836482,0.059732012,2.714932,1.3729978,0.35333332,0.26379704,0.30285713,0.41320056,-28.711014,05
31.985388,0.09588398,30.134863,31.821442,34.635956,4.501093,83.44226,54.14188,56.586166,29.210089,0.688983,1.1138073,0.02367628,0.375971,1.370512,1.3468357,14.184805,9.476668,8.873544,3.2861068,0.42987853,1.2696468,15.4441805,0.8449149,-1.605914,-8.962247,17.902365,0.97826284,-3.205421,-7.166677,0.040606633,1.1864529,1.1881925,0.66281545,3.2391212,1.200458,-0.06972672,-141.50755,8.49074,1.0558515,753.1716,0.39293277,1034.0205,0.33243677,-108.83792,-0.8779274,1842.8812,0.1723207,623.9195,0.62030745,-104.52127,-0.87945485,2832.9802,0.11195724,739.5502,0.35186452,-103.061935,-0.90496325,-6.886387,-0.9431462,13.016535,0.57318026,0.042078618,0.99701875,-0.020054892,-0.91814035,0.7800583,0.6678985,22.70763,0.46694618,-7.8878207,-1.9394426,22.898638,0.9448916,-13.397766,-1.9716244,-16.310762,25.332659,-0.024907654,-0.00024193333,0.06532342,2.2271717,1.3513514,0.3733333,0.2833529,0.34666666,0.42710912,-29.101513,05
32.232273,0.124145545,31.336147,32.379158,34.95439,3.6182442,177.17625,128.27075,32.39307,13.450965,0.76054704,1.1228797,0.02057761,0.4568731,1.5803632,1.5597856,10.454037,7.036601,8.938505,4.7603106,0.44952744,1.3371426,12.583258,1.2606682,-1.5593755,-10.830995,14.96468,1.2671052,-3.9119806,-4.511644,0.03681538,2.0745986,1.2417204,0.64386564,3.7492146,1.1232013,0.69084257,15.170494,9.479573,1.090073,917.5535,0.324075,912.871,0.44470015,-107.23725,-0.87528175,2009.1283,0.15519446,711.1866,0.45519558,-103.74382,-0.90039593,3016.634,0.10456435,832.67737,0.5066587,-104.09546,-0.89467937,-5.161511,-1.5528814,11.623847,0.83185875,0.07766925,0.5701954,-0.017723156,-0.91183347,0.8545944,0.7188904,21.052496,0.5432091,-9.067545,-2.0096085,22.50816,0.99217904,-11.785505,-1.7177795,-8.082055,16.505945,0.034015298,0.0069567035,0.0416806,2.3965144,1.3215859,0.3783333,0.16905785,0.30857143,0.3841662,-28.873999,05
32.72807,0.17594059,30.988668,31.932114,34.458996,3.4703274,190.12448,172.88025,108.258446,144.94644,0.6994718,1.0780221,0.025896786,0.46225464,1.5194789,1.4935821,12.31936,9.548756,6.771825,3.7609704,0.40500098,1.2849658,12.235116,1.2685518,-3.005696,-5.250813,14.151892,1.093261,-4.1454935,-4.1386676,0.035322372,2.1071718,1.373256,0.58770424,2.7012389,1.6730771,0.83432466,11.502587,9.9169035,1.0742668,846.5135,0.35403842,973.2258,0.38665083,-98.04422,-0.9744469,1934.5415,0.1631867,759.55164,0.5368683,-95.983826,-0.97170746,2909.4592,0.115020715,814.9242,0.6469461,-94.46926,-0.982307,-5.904329,-1.49229,11.639843,0.8700602,0.07375935,0.6685746,-0.01677614,-1.000653,0.7152058,0.7346796,20.664682,0.6393834,-7.4722304,-2.4535427,19.59944,0.8967752,-9.571414,-2.1973307,-5.407162,12.146289,0.034566272,0.004390574,0.025901372,2.1929824,1.1086475,0.498,0.4031079,0.38,0.38935843,-29.983786,05
32.85277,0.048108745,31.728401,32.461742,34.59663,2.868229,34.990284,13.9705715,20.870058,15.993723,0.116959155,1.0220184,0.010730398,0.07003153,0.2388223,0.2280919,3.4926085,2.1045082,1.689979,0.85077685,0.03356798,1.2966189,14.768213,1.1485593,8.546357,1.3036073,10.058548,1.3140723,3.251349,4.493369,0.016948197,1.2075851,1.0002345,0.8561393,8.832674,0.3479501,6.0447373,1.2215213,23.63188,0.26632673,502.10828,0.4225012,1210.4425,0.23364367,-129.7886,-0.6888825,1564.117,0.19859494,807.3802,0.4340438,-130.76817,-0.6298229,2600.139,0.12018045,743.05963,0.46706223,-132.14944,-0.6102959,-18.03375,-0.43881956,28.076365,0.31981692,0.06721211,0.5019336,-0.017945457,-0.7484445,0.07006576,0.66460633,29.509628,0.4003349,14.198879,0.6100001,15.87161,1.0608945,-0.29747292,-64.74053,-6.9842563,17.616571,0.047868636,0.0077243093,0.010573328,2.3696682,1.678657,0.22999999,0.0928901,0.30124998,0.3915175,-47.892254,06
32.55363,0.04634147,31.366291,32.16112,34.316242,2.9499512,57.13847,54.724617,19.801855,13.816135,0.122240625,1.1748571,0.012851749,0.054409392,0.23026599,0.21741425,3.3533661,2.507238,1.9592247,1.2010076,0.037692778,1.380769,16.04768,1.0210406,9.91488,1.4083458,9.421234,1.6261808,-0.1016835,-162.0181,0.01963506,0.9982817,1.1401927,0.7527612,8.725708,0.3425396,5.303332,1.4651847,24.9122,0.3192954,533.298,0.42538238,1169.6838,0.2496086,-133.12758,-0.6644725,1588.2343,0.2437897,859.19476,0.520341,-133.4462,-0.6122604,2636.1006,0.14455816,712.88434,0.68663746,-134.65883,-0.5951578,-18.374071,-0.4811884,26.224522,0.35895145,0.07019116,0.48086286,-0.021751193,-0.62260675,0.08323958,0.683914,29.129541,0.41687003,16.838303,0.6922121,17.682442,1.05586,-4.784298,-4.4842653,-7.362549,17.354753,0.057641443,0.002929334,0.009624598,2.3696682,1.9184651,0.19375,0.112242766,0.27222222,0.3599314,-46.823788,06
33.068436,0.05289751,31.60696,32.369987,34.754955,3.147995,38.633694,31.641157,20.377712,12.7112875,0.18063849,0.9005321,0.010226128,0.18438075,0.33424166,0.32401553,1.7615279,0.77562785,2.040454,1.4570942,0.050694894,1.0986941,15.348876,1.2798213,9.700498,1.1879411,8.703635,1.2522762,2.4025264,7.204847,0.014968963,1.1215638,0.8692509,0.910673,9.1291275,0.32387936,7.272001,1.3701,24.228645,0.3052387,513.2459,0.4607017,1193.9724,0.26363823,-106.29295,-0.8867336,1526.9901,0.23311508,897.15356,0.41100255,-109.88671,-0.7846775,2565.7627,0.14379078,779.0636,0.5333546,-112.716705,-0.74090916,-17.009981,-0.39316347,26.497,0.30202127,0.10066782,0.29626778,-0.020453602,-0.6510994,0.09014581,0.5579849,30.800108,0.33209065,13.019495,0.6600273,11.742323,1.0846416,-3.0099173,-7.1948266,-4.7083426,14.816845,0.041379772,0.008662502,0.01024207,2.145923,1.0845987,0.46599996,0.35194317,0.432,0.40041977,-43.79805,06
32.94581,0.047924027,31.508919,32.538292,34.790207,3.2812881,37.395836,33.132244,28.222204,28.254246,0.15641895,1.0406057,0.013072613,0.10756785,0.2787743,0.26570168,1.394763,0.6686861,1.5927303,0.92820853,0.041261688,1.1979662,17.436907,1.0590018,14.229551,0.78205633,13.265081,0.92012066,1.6699908,10.679346,0.012156852,1.0462705,0.7838894,1.0107651,9.800113,0.2535477,5.0295177,1.9188418,25.989878,0.30369836,541.94794,0.36823744,1207.3491,0.20681934,-111.79494,-0.83213204,1593.2749,0.2283974,824.3042,0.42374367,-116.36962,-0.7309694,2722.0593,0.1208865,720.1785,0.57386315,-119.01411,-0.69086343,-19.787584,-0.34462807,28.261684,0.27448934,0.025691673,1.3497437,-0.02256216,-0.5965114,0.072357744,0.70755064,31.974125,0.33202982,16.097403,0.65607285,16.176329,0.8921309,-7.559201,-2.7537267,-12.416287,22.543165,-0.011509562,0.0045760707,0.012391479,1.6460906,1.2474012,0.38166666,0.2246046,0.34142855,0.3692629,-44.83942,06
32.436226,0.084710225,31.263655,32.25467,34.29889,3.0352345,88.130936,111.09989,31.730856,21.730026,0.46081707,1.1478323,0.008507399,0.2612432,0.9448223,0.93631494,7.5238557,3.5801418,7.201723,3.605244,0.22777192,1.2972939,14.134879,1.0741415,0.03310035,393.5931,12.703157,1.2646883,-4.7707906,-4.0671167,0.04066231,2.2735465,1.2576234,0.64910764,4.233348,0.79371655,-1.1502767,-10.156091,9.017542,1.0908803,649.29205,0.42407027,1143.9375,0.24812119,-116.88372,-0.8278563,1737.7574,0.17828599,724.19366,0.50342774,-109.76274,-0.8423037,2721.8352,0.1285862,888.1528,0.435931,-108.59584,-0.86150867,-7.525124,-0.7844265,13.817856,0.56733394,0.07609332,0.46549678,-0.02188027,-0.6178709,0.45788187,0.6100823,24.852045,0.4724388,-8.105272,-1.633202,18.846893,1.0247207,-16.036015,-1.3206257,-8.971698,18.988008,0.02609587,0.007293298,0.015747758,2.1634617,0.97323596,0.48999998,0.43891913,0.412,0.44566357,-34.277485,06
32.526085,0.077563904,31.303593,32.28856,34.278797,2.9752045,82.31873,94.9558,53.316254,62.083748,0.49361813,1.2060411,0.01924177,0.23592634,0.9745832,0.95534146,7.7210712,3.971804,7.92192,5.38882,0.24532118,1.4076309,14.526672,0.96458423,-3.596014,-3.9988368,12.466126,1.1867325,-7.8346157,-2.6989772,0.038773596,1.6328375,1.3749402,0.6706907,4.206835,0.9130909,-0.7686949,-11.482207,8.980888,0.8661057,703.58466,0.40378723,1122.3076,0.22806002,-108.754005,-0.89716357,1811.4987,0.16639389,648.7559,0.5711268,-107.736855,-0.84933305,2762.9883,0.124646455,879.30786,0.4299079,-105.54378,-0.8873636,-7.991309,-0.6903666,14.144011,0.453229,0.07731094,0.5096016,-0.021813765,-0.6737746,0.48361415,0.73493135,24.599022,0.40773842,-7.995558,-1.9454098,19.703918,0.8275459,-18.167358,-1.3494679,-7.3250446,15.782861,0.029310057,0.0018372731,0.009753087,1.9417477,0.9828011,0.5025,0.3350653,0.48999998,0.46438128,-32.72664,06
33.979267,0.12221604,31.354069,32.829887,35.563175,4.2091064,48.1159,12.430872,189.47176,298.80185,0.49996388,1.0426012,0.015694,0.36181688,0.9233828,0.9076888,7.357354,5.6755385,5.5666733,3.8690224,0.25682944,1.2933577,13.460542,1.1935545,-2.6314924,-5.8529406,11.916135,1.3383298,-3.7288535,-5.9140887,0.032548044,1.2501146,1.3811526,0.7048206,4.3455715,0.9426527,1.7995366,5.3115983,11.219941,0.8822466,799.5031,0.4173791,1021.0935,0.36092004,-107.63248,-0.8813188,1882.3867,0.19830582,765.43835,0.47705016,-101.64048,-0.91009504,2847.671,0.13628922,823.24054,0.49166316,-102.0972,-0.9013799,-7.78412,-0.8961059,14.959654,0.61219436,0.10201929,0.4206162,-0.021129083,-0.72611254,0.471577,0.7099265,24.467949,0.48182723,-9.08253,-1.7076197,18.176273,1.0156133,-12.471246,-2.0936797,-4.072045,12.276009,0.062453985,0.008944109,0.029321471,2.0642202,0.92807424,0.5525,0.6630375,0.394,0.35000572,-33.558956,06
32.98669,0.05389942,31.59142,32.774353,34.63402,3.0426025,49.40749,25.942955,43.568913,17.773438,0.64204186,1.0624216,0.013046951,0.3883354,1.3424839,1.3294369,8.496036,4.0843773,8.044735,4.93464,0.34778178,1.2424746,12.111649,1.2248367,-5.3313494,-2.8931656,10.585757,1.6063799,-2.2021046,-8.344262,0.028288508,1.0563612,1.28941,0.82308406,3.2643218,1.1519482,1.5020415,6.101767,8.916128,0.99732655,864.57654,0.37592968,1013.0872,0.38063204,-109.869675,-0.8684306,1911.5251,0.17076802,731.60925,0.51047444,-104.428635,-0.9101514,2887.3223,0.123736195,813.3554,0.5040764,-104.65799,-0.9064177,-4.6284127,-1.3106406,10.601493,0.7350698,0.08918051,0.4533174,-0.018625937,-0.76451737,0.67457485,0.5909002,22.324533,0.43936628,-12.978188,-1.22715,19.497347,0.98761517,-10.025905,-2.1663978,-3.7088377,12.92508,0.04955722,0.00728585,0.028083757,2.1844661,0.9828011,0.5,0.32503843,0.49249998,0.41721547,-31.370152,06
44.41794,0.023939257,43.764435,44.120155,45.54158,1.7771454,6.791472,2.9327228,14.5139885,20.364624,0.3803336,1.1140721,0.009950813,0.17581093,0.83332604,0.8233752,4.3339224,2.8420708,5.5536814,3.055332,0.10443882,1.3160952,12.615147,1.1107814,-6.72686,-2.9718826,0.84289896,19.521275,-19.290962,-1.5444726,0.008075705,1.7411511,0.6179396,1.0626429,14.316123,0.35039455,6.44808,0.8769348,18.58449,0.5384594,821.8018,0.3346918,1337.3711,0.22601657,-118.9232,-0.78324205,1797.1057,0.17336747,946.3668,0.4121558,-107.08751,-0.8489121,2955.2676,0.11868934,894.74475,0.7933148,-110.84443,-0.78491384,-10.282604,-0.85326844,23.466627,0.2891647,0.14575785,0.24794264,-0.0036840911,-2.988813,0.19936286,0.6875263,22.030445,0.47041157,-20.822094,-0.7925645,-8.034799,-2.1838737,-43.59463,-0.48114252,-12.875347,23.01088,-0.004831711,0.00880842,0.0071529853,1.7167382,0.6507592,0.7733334,0.34653842,0.555,0.49525246,-33.818954,01
44.30973,0.020927848,43.726006,44.103966,44.689293,0.96328735,11.75226,5.2282224,7.997891,4.587144,0.34777936,1.1128627,0.009655412,0.13690105,0.82589275,0.81623733,4.1511254,1.8712624,4.43247,1.693424,0.098723516,1.2412533,13.006433,1.002819,-6.3494506,-2.841172,0.84582746,18.2562,-18.286602,-1.5891919,0.010565559,1.9250672,0.72585094,1.2520068,14.576784,0.2609027,9.136589,0.6119261,19.823513,0.5377964,840.897,0.30524188,1317.4039,0.28498727,-123.065605,-0.746278,1790.5588,0.15668458,995.9616,0.5345166,-114.0329,-0.78935844,2937.2983,0.08814974,800.40173,0.68173254,-117.540504,-0.7327369,-10.802398,-0.7014673,22.662518,0.3285609,0.15066944,0.21140708,-0.0048991432,-2.0909042,0.20040691,0.55073094,22.590714,0.4687623,-20.283361,-0.6948321,-6.4288087,-2.831767,-44.415573,-0.42449427,-12.854232,23.290308,-0.0012146888,0.009288581,0.008664424,1.9067798,1.0706638,0.43400002,0.2507269,0.3983333,0.47533908,-35.098568,01
44.423122,0.021604039,43.795887,44.155205,45.289597,1.4937096,14.835832,8.644387,1.8085452,3.0047774,0.35381508,1.1087478,0.009396739,0.15022485,0.78689057,0.77749383,3.9530065,2.4215097,3.7032056,1.9189757,0.080416605,1.2362361,12.419141,1.1218605,-5.116573,-3.6252303,-0.67326677,-21.461243,-20.200718,-1.6749414,0.007372136,1.8293664,0.56667846,1.1164467,14.96582,0.29350194,11.017548,0.6002067,20.712091,0.35380834,712.5996,0.2968672,1312.3756,0.20194457,-125.0338,-0.75154316,1699.1332,0.16352458,902.7207,0.49285954,-110.748535,-0.82262003,2909.5645,0.084345415,681.51404,0.7306474,-114.48513,-0.7620571,-11.350146,-0.5943975,22.707972,0.29975584,0.16085117,0.21031226,-0.007464294,-1.3711002,0.15836842,0.57771605,22.58859,0.47230354,-18.99814,-0.7995218,-8.502525,-1.7599374,-50.525116,-0.419731,-13.297837,23.844862,-0.011961323,0.010752653,0.0069757896,1.4925373,0.6465517,0.75,0.27580187,0.58,0.47047848,-35.171116,01
44.215286,0.029567163,43.605263,44.093365,45.192917,1.5876541,12.340251,6.9932685,17.382414,15.551199,0.3499181,1.0820417,0.010268156,0.15264215,0.78625,0.77598184,3.1901634,1.765638,4.4744463,2.7353837,0.09527669,1.2782413,13.144697,1.0323769,-3.3409083,-5.6102552,0.67099595,20.993013,-18.42581,-1.6959238,0.008658098,1.6624717,0.603879,1.0790253,14.391276,0.32666028,11.094322,0.6243957,20.68773,0.36835733,766.1965,0.2954281,1381.5034,0.2971156,-123.84341,-0.7504814,1736.1976,0.16006063,929.78265,0.444125,-113.607574,-0.7934443,2942.5012,0.06665432,617.6314,0.60790765,-117.6265,-0.72969496,-12.014011,-0.55797786,23.2718,0.28309765,0.15215038,0.21968104,-0.008616738,-1.275971,0.19163543,0.5994089,23.102255,0.48218587,-16.196684,-0.97466785,-6.450145,-2.3873222,-46.586914,-0.43123117,-14.228774,24.384666,-0.011649121,0.008308358,0.008071641,1.4925373,0.6465517,0.73333335,0.23976839,0.5925,0.47409782,-35.029438,01
44.81367,0.036335874,43.65923,44.08857,46.63731,2.9780807,12.160534,9.183403,2.0394878,5.011272,0.2775625,1.1318328,0.009765414,0.11596646,0.6368525,0.6270871,4.5446835,3.1493144,4.44969,2.638315,0.072671406,1.4031974,11.968643,0.96967477,-4.193889,-4.2418876,1.1428742,12.724389,-16.97063,-1.8268743,0.007707004,1.5711236,0.6240178,1.1235915,14.405839,0.28207397,6.511745,0.902872,17.495813,0.51982784,871.6465,0.29684976,1213.3884,0.24299973,-122.53489,-0.74559796,1792.8813,0.14794019,915.62036,0.4159618,-117.064575,-0.7542762,3075.6577,0.07911103,549.6543,0.8947778,-120.42411,-0.70245767,-9.96819,-0.811902,21.92357,0.33466333,0.14385033,0.22326893,0.00032994096,36.630005,0.148243,0.74330175,20.471601,0.5156451,-17.361917,-0.8127572,-7.740872,-1.9461894,-45.551655,-0.4495168,-13.976208,24.418896,-0.006536841,0.010214133,0.009861778,1.9189765,1.2931035,0.35,0.15979153,0.39999998,0.46021733,-38.266224,02
44.65895,0.03406319,43.776558,43.957752,46.028736,2.2521782,10.415401,6.8416405,5.2001595,2.6224134,0.27505526,1.1251199,0.009539829,0.11951878,0.63436234,0.6248225,4.920347,4.1252317,3.981563,1.7306366,0.06465614,1.5306295,12.45048,1.0174721,-4.700052,-3.7813258,0.18067479,82.47781,-17.587528,-1.6914271,0.009344343,1.7988689,0.5780162,1.1318556,14.822672,0.32962057,8.414061,0.7802847,17.54571,0.59729654,784.1977,0.33524433,1267.0844,0.24013534,-129.75014,-0.69731027,1724.5001,0.16375516,873.8592,0.39353943,-119.26155,-0.74228066,2978.782,0.09956828,622.4932,0.9555726,-122.14485,-0.6974454,-10.496519,-0.6917808,22.31316,0.29815608,0.14622457,0.2323459,-0.0020917715,-5.4636593,0.1311036,0.89055127,21.57249,0.52597505,-18.094505,-0.8163225,-8.030068,-2.017023,-45.570145,-0.42415667,-13.577128,24.318544,-0.0014211652,0.009240177,0.012102309,1.8789145,1.2658229,0.3433333,0.17763883,0.42333332,0.48251656,-38.31719,02
44.855114,0.038830895,43.744972,44.14206,46.834473,3.0895004,25.925756,28.66514,7.756635,3.760563,0.2867659,1.1270368,0.009668039,0.11107415,0.6555791,0.64591104,3.440261,2.2190108,4.1135106,2.0935962,0.059580646,1.3448563,11.29614,1.1501623,-4.273026,-4.5905576,1.5735711,9.563403,-19.071104,-1.7515824,0.006428215,1.7702042,0.54624194,1.1206771,14.909481,0.2929834,9.299519,0.59000456,15.728208,0.6222616,748.88336,0.3786861,1288.567,0.235401,-136.35942,-0.64606076,1667.6317,0.15559785,942.7677,0.37864023,-117.63607,-0.76650536,2924.6062,0.09470278,650.9288,0.9869878,-120.309235,-0.7254378,-9.173068,-0.7324765,19.054277,0.45896676,0.14567867,0.23369452,-0.002236981,-4.1347475,0.12174718,0.67560226,19.770144,0.58798575,-20.141514,-0.793414,-5.164462,-3.2989538,-50.472317,-0.44172588,-14.438429,24.605951,-0.003865843,0.01019205,0.009005858,1.6701461,1.0548524,0.42,0.13296616,0.42166668,0.47621477,-39.11536,02
44.664616,0.045636415,43.635838,44.188457,47.053215,3.4173775,31.063574,35.260433,11.522265,6.148025,0.33570045,1.0931337,0.010713863,0.14385706,0.75115657,0.7404427,4.052288,3.0129416,3.7963605,1.8311996,0.08505668,1.2586316,11.263031,1.154162,-3.8882365,-5.066856,2.8127482,5.8018017,-16.69968,-1.9174397,0.006714681,1.5311229,0.5744875,1.08293,14.54808,0.26330835,6.7492914,0.83139837,15.652145,0.65060824,858.9106,0.34141803,1147.1794,0.2865548,-122.69611,-0.7507633,1743.8344,0.1594071,900.8812,0.32470065,-113.51145,-0.8000101,3037.6028,0.093896836,485.39114,0.8831881,-116.96172,-0.7457062,-8.235003,-0.8163946,19.459288,0.4492365,0.13961223,0.24656205,-0.001061745,-10.551351,0.16895916,0.60738105,18.787937,0.65353084,-18.777954,-0.80529886,-5.7359757,-3.0732837,-45.94174,-0.42882726,-16.466738,26.609842,-0.022474509,0.00966884,0.01010947,1.8518519,0.83160084,0.5625,0.057608593,0.49400002,0.46846983,-37.630917,02
44.52738,0.047000226,43.58337,44.049194,46.762756,3.1793861,10.269787,5.313484,3.5577986,2.9573581,0.2949571,1.0492035,0.011143604,0.15458275,0.6421361,0.6309925,3.7038915,3.1027453,3.5726693,1.9281807,0.06466264,1.3052119,14.369486,0.91045237,-3.026448,-5.377973,0.8720172,20.021097,-22.433525,-1.3448848,0.009192083,2.8885262,0.6011245,1.1324422,15.113785,0.29890677,7.0097704,0.88976467,17.267897,0.64440554,853.0179,0.26666176,1296.289,0.29725313,-115.47003,-0.80775183,1751.1545,0.16621809,1021.9994,0.5282184,-108.21668,-0.8216817,3055.2688,0.094033815,469.4838,0.84416246,-111.32743,-0.7709623,-10.81699,-0.6757871,23.09289,0.3548142,0.13423355,0.27150863,-0.0028081802,-3.7671034,0.117622204,0.7633777,22.129606,0.519026,-13.395292,-1.0200522,-6.89894,-2.8387034,-47.470303,-0.38534835,-15.473539,26.42216,-0.002405191,0.008258219,0.010564524,1.8552877,0.93632966,0.53999996,0.23117094,0.42166668,0.4743563,-37.4361,02
44.42167,0.043316066,43.418106,43.871162,45.821663,2.4035568,11.792364,5.8209414,7.56167,1.0203314,0.26892075,1.0677804,0.011591839,0.13359652,0.5950159,0.58342403,2.405983,0.9809416,3.3135107,1.4759842,0.057562996,1.3648655,13.54963,0.9287004,-5.282058,-3.325304,1.4779111,9.761451,-20.950014,-1.4150136,0.0058237854,1.6925632,0.5504151,1.1919482,15.820737,0.15963224,10.289766,0.60875714,20.36314,0.32112995,829.3426,0.25033927,1276.754,0.2213119,-120.10916,-0.7779137,1773.8383,0.1262698,996.3857,0.465093,-116.08346,-0.76373863,3035.6445,0.07734959,485.64236,0.81894886,-119.3243,-0.7134804,-12.365224,-0.60844153,23.396559,0.2911816,0.13907675,0.27597535,-0.0062637147,-2.1202805,0.1122102,0.77270895,22.625608,0.42445415,-17.49626,-0.8370514,-5.147268,-3.1038253,-47.687866,-0.33950853,-12.94071,23.142567,0.008473657,0.00801883,0.010402137,1.6917294,1.1385199,0.4033333,0.19888578,0.3885714,0.45082235,-38.90265,02
44.422222,0.04931141,43.47729,43.834496,47.10808,3.6307907,10.988595,1.7408854,3.439534,0.0,0.2615551,1.0658467,0.011046409,0.11907472,0.5946932,0.5836468,3.4477994,2.7569385,3.7017903,2.8856776,0.056562874,1.3075892,12.336973,1.2170109,-2.7268329,-6.4521375,1.4968121,9.377523,-18.326605,-1.761325,0.007907386,2.0524535,0.529711,1.1308922,14.786968,0.30821547,9.615634,0.6625006,17.380146,0.60181904,771.77783,0.3518918,1316.5758,0.22282937,-129.97842,-0.6969703,1683.824,0.16123775,935.53815,0.39808977,-116.138885,-0.776818,2958.782,0.09329404,660.9005,1.08636,-119.24908,-0.7284318,-10.617589,-0.58635545,20.63506,0.38081565,0.12630343,0.41851914,-0.0065909633,-1.4036653,0.11459054,0.65434164,22.535006,0.5188002,-17.067884,-0.8299487,-3.7489913,-4.2295537,-48.982002,-0.4214861,-13.700463,24.135885,0.0021257326,0.009344985,0.008255217,1.5325671,0.97276264,0.46599996,0.14894293,0.45,0.43665394,-39.83258,02
44.33159,0.05113092,43.58261,43.967934,45.994568,2.4119568,50.86005,53.126724,16.92215,17.504158,0.27652702,1.0865688,0.011278138,0.123108245,0.6304629,0.61918473,2.8274004,1.731549,3.2915387,3.0610294,0.062523134,1.1854432,12.82962,1.0582361,-1.1762879,-15.483491,1.988028,7.3730736,-16.34281,-1.8970474,0.007585878,2.191537,0.56726915,1.1404473,14.751876,0.2987539,8.270862,0.77350205,16.183779,0.6136045,851.17926,0.33826622,1306.9868,0.2900494,-129.21172,-0.6918742,1724.8883,0.17310669,1010.8533,0.39348778,-117.11642,-0.7636378,2996.2102,0.06656365,609.78577,1.1002256,-119.91748,-0.7189201,-10.610412,-0.5987055,21.421803,0.35167903,0.1308653,0.35910845,-0.0029619401,-3.3866618,0.1275591,0.50566965,21.622446,0.5237708,-15.903167,-0.9301529,-4.414301,-3.5836756,-45.382156,-0.4631386,-16.168766,26.795185,-0.0053714877,0.008634503,0.008496871,1.5717093,0.99601597,0.454,0.14402777,0.44,0.44974068,-39.03688,02
44.56331,0.044392683,43.432865,44.06084,46.73157,3.298706,38.575054,16.016403,18.582985,16.152449,0.34479126,1.2554585,0.009379593,0.10948322,0.8145382,0.8051586,5.251822,3.1911638,6.3895755,3.2944708,0.13258901,1.5327744,10.8428335,1.0296646,-6.0499644,-3.3869078,3.878143,3.9934134,-13.934217,-2.0071056,0.013886384,1.5555139,0.7372663,0.7804975,12.242174,0.36955553,8.087361,0.918902,16.551899,0.73594475,785.22876,0.33997914,1256.5789,0.25417766,-135.13509,-0.66444695,1765.6204,0.13739286,924.3826,0.644576,-121.14475,-0.7455633,2908.1948,0.10487393,820.4405,0.83131087,-123.300766,-0.7106196,-7.2969503,-1.0484105,18.440578,0.43862814,0.11792527,0.4557444,-0.004985189,-2.6754434,0.29924226,0.73727626,17.937721,0.6137197,-22.811546,-0.7700342,-3.103032,-6.6011786,-40.140545,-0.50896853,-15.0434,25.618305,-0.0067686383,0.008081764,0.009594577,1.5250546,1.3215859,0.315,0.118145384,0.35999998,0.45978254,-35.57463,03
44.53094,0.04405937,43.35671,43.832027,47.17078,3.8140717,25.316603,12.530831,17.584766,7.06062,0.3683153,1.2499279,0.01054334,0.091919586,0.89385223,0.8833089,6.3641276,4.059685,6.583085,3.0369413,0.13333414,1.4298316,10.477481,1.0904479,-6.3881397,-3.2302659,7.025148,2.0457397,-11.530175,-2.4210804,0.011684171,1.6878923,0.76610935,0.9250518,12.2698145,0.3894361,7.412662,1.0816313,13.076003,0.8840127,780.9565,0.38587797,1203.4995,0.23102435,-138.46031,-0.6388939,1793.7872,0.1491533,895.9421,0.44471663,-121.621796,-0.7394511,2834.7605,0.10400404,872.11273,0.51107013,-122.52958,-0.7244365,-7.456534,-0.985021,16.440516,0.42934602,0.10701976,0.55131626,-0.0073383045,-1.8553897,0.30112314,0.6322816,18.264105,0.56999445,-22.659798,-0.8451494,1.7762126,10.46435,-37.42433,-0.6039042,-13.839835,23.869757,-0.0151158525,0.009027143,0.009883048,1.5486726,1.1185683,0.374,0.12126005,0.415,0.48245034,-35.248833,03
44.698853,0.040541906,43.401688,43.868263,46.905464,3.5037766,19.170292,16.282652,21.757637,18.321112,0.35664532,1.2221162,0.009852843,0.09192682,0.82267034,0.8128175,4.9197216,3.0738235,5.2736506,3.4821255,0.11725906,1.462411,10.447304,1.0998676,-5.3135915,-3.8397834,4.0248637,3.4779022,-13.199095,-2.263438,0.009330532,2.0373406,0.6219537,1.0423274,13.051561,0.40509543,9.451129,0.7527823,15.689348,0.6661516,797.59076,0.31415984,1279.3047,0.2719869,-131.67316,-0.691885,1762.0126,0.13929209,848.9242,0.42109418,-120.08881,-0.75696594,2925.1008,0.084162176,764.1653,0.6580684,-122.39722,-0.72099787,-8.480722,-0.7906083,18.09628,0.42014962,0.14221743,0.21285237,-0.0066545364,-1.7804364,0.26033047,0.6865649,17.999615,0.5525494,-22.853964,-0.7211175,-3.992645,-4.1815047,-43.131096,-0.4407054,-15.631363,25.635435,-0.017350622,0.009138676,0.008995121,1.7429196,0.88105726,0.48499998,0.04387482,0.502,0.4749063,-35.865788,03
44.9161,0.040321525,43.741585,44.17206,46.90893,3.167347,13.944605,12.958177,25.651035,17.732813,0.34981242,1.1907425,0.009888774,0.08138306,0.8082514,0.7983626,5.9690456,3.8020725,4.1465364,2.1353908,0.11007519,1.3801626,10.179217,1.1089455,-6.7674103,-2.9028778,2.576162,5.9585238,-14.534667,-2.0544727,0.010286269,1.7479495,0.6726526,0.962158,13.102001,0.3931617,8.648148,0.73689765,16.203316,0.69162095,789.1569,0.3167797,1300.6598,0.24003315,-129.29718,-0.715477,1751.6721,0.13477872,829.845,0.5056701,-117.88104,-0.7674034,2924.0989,0.09644485,716.3546,0.6707466,-120.205246,-0.73183423,-8.285413,-0.912052,19.151318,0.495184,0.14718038,0.2303621,-0.005351727,-1.9790238,0.23824261,0.62228703,17.266768,0.6182465,-22.386463,-0.75379086,-5.3282213,-3.4259422,-42.66487,-0.50240403,-13.935514,24.312452,-0.013019021,0.009314663,0.006784154,1.7429196,0.88105726,0.5025,0.04322904,0.48799998,0.48717138,-36.016796,03
44.558533,0.0492216,43.305397,44.128063,47.06759,3.7621918,43.3006,24.598618,38.773544,39.835793,0.55692804,1.2740321,0.010780812,0.15167707,1.2570275,1.2462467,8.419173,4.30654,8.429785,4.324281,0.24858786,1.4104384,10.1143265,1.0666983,-10.5232115,-2.2170067,9.700755,1.4646162,-13.546711,-2.0849917,0.015802529,1.1848202,0.8356235,0.9073014,10.970802,0.460846,6.134484,1.7298654,9.907986,1.1886047,738.95374,0.39477393,1154.8158,0.2986704,-137.35947,-0.65768456,1754.8164,0.14612553,807.79407,0.48872066,-112.62135,-0.8228955,2825.5952,0.09387777,722.72906,0.46242204,-112.81711,-0.8176276,-5.505039,-1.6113414,15.080451,0.5391364,0.08942559,0.7095769,-0.0021013762,-5.938763,0.51932025,0.6848641,15.833421,0.6407353,-27.704176,-0.7145213,6.3910136,2.898991,-36.512814,-0.63832706,-14.856029,24.438025,-0.02466306,0.0077636936,0.013458554,1.7316017,0.8752736,0.53,0.0484768,0.472,0.4974897,-30.249619,03
44.608776,0.04401632,43.398888,44.144104,47.178715,3.779827,37.598488,26.59536,19.698587,16.994217,0.5133172,1.3041457,0.010197703,0.103590846,1.1419291,1.1317314,8.643971,4.5705724,8.856023,6.360365,0.23269933,1.4456972,9.302976,1.1218134,-7.11811,-3.016397,11.639019,1.1340842,-11.5156355,-2.4658742,0.014749575,1.3794161,0.7949551,0.87001026,11.573222,0.43137723,7.770079,1.1899941,10.71715,0.98043025,670.8355,0.40702695,1104.8918,0.27987292,-146.79944,-0.58133626,1698.6965,0.16409138,829.7675,0.45643863,-113.03,-0.82166123,2796.3274,0.099939816,716.2819,0.5318055,-114.28367,-0.79962176,-6.357458,-1.3049922,16.058569,0.57642066,0.07001732,0.9842069,-0.0018924808,-7.2511435,0.48953706,0.69561386,15.740666,0.5490201,-23.157701,-0.83575696,8.715867,1.9938983,-33.774956,-0.75492036,-15.171841,24.803013,-0.02702173,0.008612078,0.013641489,1.7817373,0.9009009,0.51,0.05147815,0.46199998,0.4786397,-30.981611,03
44.873764,0.040712103,43.652218,44.262554,47.022255,3.370037,50.352943,35.36603,20.67761,16.517778,0.4635142,1.2278364,0.010583434,0.097256124,1.143872,1.1332886,8.153723,5.908679,6.9627185,4.689708,0.17028898,1.4599867,7.8218455,1.4114476,-7.792271,-2.8032482,7.035549,1.7384118,-14.279547,-2.1322148,0.011403323,1.4555674,0.7869884,0.90237206,11.882113,0.3912943,8.769501,0.83432394,11.341403,0.9372137,778.8364,0.38111052,1176.4895,0.29644057,-142.79355,-0.6015614,1765.0048,0.17036754,869.6761,0.5869508,-119.43718,-0.765664,2851.0283,0.095241114,713.4105,0.67523754,-120.28367,-0.75231344,-5.7758355,-1.169351,14.566742,0.56095886,0.13604797,0.20432034,-0.0027012778,-3.591611,0.38336405,0.6553345,14.432472,0.70524615,-26.769585,-0.6489453,1.5434657,9.2973,-43.423637,-0.51482934,-14.499847,24.148764,-0.013698778,0.009708365,0.0087745385,1.9736842,0.886918,0.4825,0.03269174,0.498,0.48371065,-33.253933,03
44.693237,0.04230673,43.631134,44.123356,46.781776,3.1506424,34.98955,34.451805,14.636368,3.6639142,0.5047988,1.202662,0.010470581,0.14047347,1.1361626,1.125692,8.016771,6.267844,7.064309,3.8312583,0.19635549,1.4820323,9.050906,1.2466036,-9.422152,-2.364475,7.591337,1.6249379,-15.300245,-2.0694866,0.012129682,1.6347784,0.7146229,0.83984417,11.479536,0.4720354,8.465113,0.7768162,9.392427,1.1654816,825.4344,0.41553897,1039.0624,0.31809852,-134.43481,-0.6587777,1817.0946,0.19228588,859.0304,0.5023879,-112.895424,-0.8144607,2848.4707,0.107032716,684.0112,0.5125465,-113.391266,-0.8056627,-5.873362,-0.9649212,13.735611,0.5187726,0.14146739,0.23123772,-0.0031785315,-3.6512365,0.41143313,0.7471957,14.16646,0.7770453,-27.518486,-0.66393805,3.6772435,3.941633,-43.059464,-0.5537183,-13.735866,23.514381,-0.004705292,0.009583726,0.008212042,1.9736842,0.886918,0.5225,0.042646803,0.46599996,0.4623678,-32.65811,03
44.572166,0.029617246,43.77083,44.08603,45.584026,1.8131981,27.852259,40.0672,7.65225,2.5859554,0.25586292,1.1470653,0.009967596,0.10826736,0.59413475,0.5841671,3.7718713,2.1244283,3.4577465,1.6095732,0.057356734,1.3399975,13.930516,0.9256341,-0.97759795,-16.97236,3.0707612,4.875228,-19.086626,-1.6886501,0.0066771437,1.7846442,0.566835,1.2156211,15.459549,0.21908513,7.609353,1.1467426,17.972223,0.4296466,780.91644,0.38868093,1295.9368,0.23559135,-136.34578,-0.6386117,1729.7966,0.2064484,937.0138,0.4256545,-121.28955,-0.7267448,2980.1116,0.06757601,607.5588,0.854322,-124.72712,-0.67345667,-11.746256,-0.70543236,24.133516,0.28934178,0.1526276,0.19304964,-0.00238553,-4.3148494,0.11840289,0.6848975,23.439497,0.45012087,-15.053272,-0.87586075,-4.7546053,-3.5656369,-50.018803,-0.41728672,-15.336881,25.611403,0.0020566063,0.00824449,0.010710589,1.9762846,1.2048193,0.35666668,0.18785337,0.38714287,0.44135225,-38.209667,04
44.768887,0.02991908,43.92444,44.233685,45.91458,1.9901428,13.331028,6.605545,6.1248603,10.856642,0.3278326,1.0290782,0.009759669,0.19122818,0.63626355,0.6265039,2.9029424,1.8197668,3.8283126,1.8046111,0.06839262,1.3096149,14.047454,0.8587133,-4.797813,-4.1680675,1.3572046,11.467275,-22.257547,-1.4209821,0.006335895,1.958961,0.5001404,1.1746453,15.559549,0.28068748,6.939663,0.9542655,16.494976,0.60765123,860.1202,0.31574106,1258.7621,0.21869802,-110.86798,-0.8428992,1746.0209,0.14527722,947.88947,0.34262922,-103.639465,-0.8649326,3020.0474,0.064713195,561.3821,1.0204372,-107.12177,-0.8056585,-10.485606,-0.71362597,22.544008,0.2975497,0.14796673,0.20519406,0.00074723887,14.900286,0.121895276,0.7797351,21.96269,0.43093902,-18.83713,-0.8105574,-5.355568,-3.1956449,-47.302402,-0.4156319,-16.544771,26.995695,-0.009229466,0.008940562,0.008830427,1.4492754,0.73126143,0.71999997,0.2860944,0.5,0.48195434,-37.075523,04
44.70448,0.04544135,43.72333,44.07982,46.75676,3.0334282,4.2548795,1.4658495,4.8682637,0.0,0.2982541,1.0961453,0.0105755655,0.14266908,0.6249111,0.61433554,2.8827376,1.6610991,3.8700633,2.6402338,0.060572244,1.296657,12.799128,1.187855,-2.5085864,-7.202138,1.2313092,12.18637,-19.924126,-1.608594,0.0062319743,2.049058,0.52032745,1.2408293,15.137928,0.29516035,7.6844516,1.0849347,18.478296,0.48134273,724.9362,0.40414646,1311.2618,0.23613638,-135.66501,-0.65435076,1705.0522,0.19591913,952.63257,0.3834817,-114.50686,-0.78602105,2943.9175,0.098943524,775.3058,0.7586278,-118.25815,-0.7236578,-9.27989,-0.754721,21.32046,0.3741958,0.12825958,0.32855302,-0.0039865794,-2.4475226,0.11955645,0.6701078,23.15485,0.52790505,-16.970396,-0.79191893,-3.8191862,-4.4308696,-49.817726,-0.38178623,-14.789977,25.233234,0.009862724,0.009132954,0.008746702,1.3059702,0.9416196,0.48999998,0.15530615,0.3885714,0.45401156,-37.854176,04
44.693737,0.030151216,43.816704,44.100502,46.55215,2.735447,15.362503,11.572218,7.1333327,4.159258,0.2594786,1.0918747,0.009188998,0.11214906,0.57238805,0.56319904,3.410912,2.6379046,2.5688903,1.7195477,0.04844612,1.3767967,13.105204,1.012164,-0.9382304,-19.66772,-0.5079189,-29.550201,-20.917204,-1.6583081,0.0069137285,2.1422737,0.5055702,1.2531477,15.129311,0.37329262,9.457837,0.9698333,18.765244,0.41006655,811.2947,0.33830628,1335.1547,0.24980403,-124.408714,-0.73978746,1776.3195,0.19584545,1018.97943,0.4435166,-112.40946,-0.80226237,2998.9038,0.089632995,679.6909,1.0269111,-115.68703,-0.75006074,-10.571807,-0.572247,22.775166,0.26683056,0.15207702,0.19926581,-0.003601027,-2.7360806,0.09305929,0.7637169,21.983652,0.4926632,-15.755882,-0.9410451,-8.280708,-1.9717171,-51.76472,-0.42479163,-16.765743,27.290531,-0.010424977,0.008892854,0.006860349,1.5414258,0.77821016,0.615,0.026925823,0.518,0.46330982,-39.796307,04
43.99244,0.08171305,43.834686,44.219673,45.83435,1.9996643,116.75832,91.70663,10.203261,7.8101315,0.24009022,1.197707,0.009607158,0.101801276,0.53790647,0.52829933,4.5589886,3.2375522,4.189785,3.1502075,0.06586744,1.6054409,11.268416,1.0192302,-5.0548882,-3.672617,5.5736194,3.0816607,-16.043507,-1.9427736,0.009859755,2.3319044,0.6898912,1.2455037,13.161495,0.40303877,7.360009,1.3102642,13.6914015,0.7505993,796.66974,0.41415197,1228.6036,0.47139528,-140.60188,-0.62601215,1767.5133,0.19991554,878.01,0.46156466,-123.607376,-0.7297378,2960.7114,0.089330845,730.1849,0.7828808,-125.67433,-0.69797903,-7.112481,-0.8318082,17.538322,0.43696404,0.14204274,0.24334633,-0.000508311,-21.507507,0.14604668,0.8638016,18.982092,0.53714716,-21.104025,-0.70847815,-0.16145451,-133.78731,-47.067043,-0.44152454,-12.787143,22.877693,0.006941678,0.009439127,0.010114429,1.6129032,1.221996,0.32999998,0.14583096,0.39999998,0.46068272,-40.656067,04
45.03236,0.03565411,43.83665,44.2785,46.66255,2.825901,21.797369,7.504994,18.27736,7.039054,0.22682698,1.1910328,0.009984555,0.088613786,0.5014656,0.49148107,3.5369263,2.7557728,3.1537614,2.1778963,0.06365191,1.3959773,12.545326,0.89717597,-4.2314577,-4.4346824,5.4762607,2.5335402,-16.582443,-1.9422544,0.00999856,1.2583668,0.69013923,1.0057381,13.08323,0.3457556,8.198091,0.75643,13.631348,0.66404915,766.4086,0.4057043,1205.5743,0.2490922,-144.38359,-0.5791376,1682.829,0.19376996,856.79144,0.47625464,-124.56302,-0.70826185,2932.566,0.08770047,538.81836,0.634401,-126.532326,-0.6777556,-9.966083,-0.6436955,18.56985,0.34287694,0.14937386,0.21916829,-0.0017002871,-7.80992,0.1400563,0.6683364,19.796114,0.42738646,-21.404829,-0.6557387,0.038177274,401.45328,-48.360382,-0.4657374,-14.9560175,25.763311,0.0016771166,0.008841,0.009789827,2.004008,1.2145749,0.33166668,0.13945329,0.39714286,0.45546567,-41.34928,04
44.85877,0.034943826,43.667976,44.144806,46.881798,3.2138214,16.795069,15.755732,29.522171,21.039371,0.2652483,1.133202,0.009072352,0.13022766,0.57705104,0.5679787,5.202812,3.747758,3.2875876,2.6914349,0.076407276,1.4877672,11.941401,1.08591,-4.7650323,-4.333731,5.190355,2.7859597,-15.256245,-2.0842063,0.01221923,1.7868595,0.7787378,1.0678775,13.131343,0.37052095,8.986398,0.7397401,14.152136,0.6724981,682.6406,0.44109115,1218.8405,0.3397896,-147.62767,-0.567188,1710.5122,0.19402258,795.7356,0.3742369,-118.04026,-0.7656894,2865.5925,0.09713133,706.2536,0.7188859,-120.795845,-0.72255284,-8.57002,-0.8524648,18.166063,0.46655232,0.14023094,0.24227957,-0.0029235391,-3.6632423,0.16149884,0.78163904,20.005615,0.55779976,-22.327374,-0.7141858,0.38920918,43.559753,-46.62948,-0.41613227,-14.798463,25.946392,-0.009175806,0.010280675,0.008927752,2.074689,1.048218,0.41599998,0.1406556,0.42999998,0.48438963,-40.029724,04
44.590893,0.04844969,43.747246,44.336567,46.8036,3.0563545,117.50941,160.85873,5.242302,13.355042,0.33734435,1.2269986,0.012207597,0.108055085,0.72937155,0.717164,5.685164,3.835409,5.3181825,3.0400658,0.10171221,1.50705,9.217344,1.3267374,-11.365712,-1.7847159,8.479027,1.5070295,-17.275124,-1.8698934,0.015745126,4.2138486,0.70004046,0.9769017,12.651134,0.38614282,10.704014,0.56176096,11.6488905,0.7440352,634.35046,0.5508806,1135.7368,0.31289506,-159.71056,-0.4749933,1657.738,0.22233436,783.94025,0.42457756,-117.86129,-0.7908061,2801.4697,0.10083777,721.1934,0.81998086,-119.82934,-0.7586415,-5.7142043,-1.0558522,13.579965,0.5792663,0.1510467,0.2175029,-0.0014883261,-7.2462864,0.22180206,0.7553483,16.812302,0.63896483,-28.22328,-0.5618253,3.9265707,3.7307448,-49.37653,-0.3960786,-10.1678095,19.560963,0.008177389,0.012603117,0.009707798,1.6129032,0.814664,0.5275,0.031124748,0.542,0.50209165,-37.315044,04
42.81956,0.093288906,42.24521,43.692345,44.843605,2.5983963,90.959656,32.340862,37.944626,18.933306,0.49398312,1.3017949,0.010012947,0.105191976,1.0572326,1.0472196,12.251929,10.801513,9.924425,4.777318,0.26176515,1.4625038,11.104955,1.06147,-3.0859854,-5.938108,9.7134495,1.5272752,-10.758975,-2.547122,0.032028258,2.5366085,0.9024385,0.7097539,9.210283,0.5020727,5.679068,1.2585264,10.795904,0.9917391,774.19464,0.39696115,1074.5458,0.3223256,-139.49467,-0.6194619,1852.2821,0.16572972,792.6176,0.5919455,-119.55602,-0.745424,2901.6755,0.103045195,774.0738,0.52055347,-120.18951,-0.73278344,-7.152075,-1.221862,16.551249,0.54575616,0.08723579,0.6153868,-0.0047108848,-3.1313512,0.57601,0.68634677,17.085583,0.7096458,-14.939579,-1.2421509,9.859016,1.9815519,-34.488018,-0.70184934,-15.636538,27.372995,-0.009926469,0.011248358,0.01682791,2.036199,1.3729978,0.31166667,0.12428686,0.39333332,0.48998865,-31.637543,05
43.201927,0.11018183,43.125698,44.065323,45.390606,2.2649078,212.96944,149.14034,40.664375,39.149277,0.54243094,1.2779744,0.013149753,0.11832669,1.208135,1.1949853,12.033671,8.227372,12.1124,6.7082615,0.3277767,1.5996343,12.469637,0.94614273,-2.7060723,-5.8776126,10.235484,1.4060457,-12.770074,-2.0814083,0.020606654,1.9828593,1.0036125,0.78072846,10.841874,0.43628597,5.239991,1.6532936,10.882243,0.8978905,668.7682,0.41662887,1048.8658,0.29508296,-150.14882,-0.5528585,1716.1525,0.20639275,748.07605,0.44394767,-119.30468,-0.763184,2842.345,0.104417905,671.73114,0.5883041,-120.87439,-0.7351986,-8.315461,-0.9374208,17.183771,0.50401986,0.039202165,1.7757771,-0.005008044,-2.5458152,0.72960657,0.8136982,18.616863,0.62834144,-12.717517,-1.2483382,10.651465,1.7799549,-36.15826,-0.6654244,-12.955793,24.509565,-0.006822697,0.008793614,0.027106628,2.050114,1.3824886,0.30666664,0.19669493,0.39333332,0.4795368,-29.28394,05
43.26806,0.12031681,43.45948,44.147556,46.280632,2.8211517,135.29865,146.94254,34.410908,19.20316,0.48275924,1.2369431,0.010011608,0.10022698,1.1725262,1.1625147,8.357861,5.6453867,5.7156434,3.4870682,0.23310629,1.4095358,11.866779,1.1193806,-1.3609971,-15.465992,8.079203,1.5903352,-10.68456,-2.8446145,0.018208217,2.1647227,0.9630931,1.0292025,11.396841,0.41458085,5.591473,1.77284,11.476461,0.9486655,753.4839,0.39318362,1168.6425,0.3291381,-138.22859,-0.6301981,1816.4442,0.1881167,854.2242,0.6011259,-119.50626,-0.7517987,2869.4678,0.113236085,823.9028,0.66634,-120.89434,-0.7302626,-8.120107,-1.229039,18.101498,0.56435627,0.10537881,0.7198017,-0.0030604645,-4.232438,0.5049161,0.6617783,18.450838,0.6832438,-16.682814,-1.2892519,4.59931,3.2680438,-38.044315,-0.69396293,-18.462475,29.82003,-0.027943628,0.009349848,0.021272186,1.7699115,1.1185683,0.38799998,0.3303574,0.59999996,0.4484975,-31.61336,05
43.268612,0.09611167,42.55304,44.06968,46.00369,3.4506493,119.918655,113.72178,43.373764,26.460442,0.5497442,1.2405839,0.009579873,0.11078182,1.3217825,1.3122026,8.390471,6.621021,6.7523828,4.572351,0.23578453,1.4526844,10.548273,1.2233388,-3.6746838,-5.7203946,7.4217043,1.7733506,-13.241665,-2.2794485,0.014765165,2.3958998,0.82552767,1.0234463,11.8626995,0.40968472,5.479246,1.4311535,11.205131,0.86514527,829.27484,0.33266202,1123.4093,0.30596504,-131.94058,-0.6735737,1894.7711,0.19771862,709.78015,0.58145833,-118.110855,-0.7582084,2961.4517,0.09795805,742.7528,0.63846695,-118.56017,-0.75019103,-7.4636006,-1.1984262,16.847815,0.57200986,0.10678551,0.6361267,-0.0036578875,-3.6925886,0.507951,0.69968724,17.223608,0.65876055,-18.4232,-1.1780548,3.6854546,4.25687,-40.765873,-0.57614994,-14.144751,24.619474,-0.01589874,0.010505862,0.015607965,1.754386,1.1086475,0.402,0.16029972,0.40166667,0.4523058,-30.317648,05
43.208496,0.14469853,43.110405,44.272995,46.066067,2.9556618,144.71027,169.32828,86.70203,43.193836,0.75451213,1.3118968,0.011281082,0.18129972,1.6520944,1.6408132,15.999723,9.653385,14.809747,10.011404,0.54666203,1.5655488,11.132229,1.1032182,-5.053392,-3.8574152,9.24182,1.7824584,-11.902594,-2.3033087,0.05163344,2.5235422,0.99743325,0.7508208,8.640486,0.6886353,4.3744287,4.326178,10.370324,1.823267,650.182,0.4669993,1000.8643,0.33791062,-148.85498,-0.57138234,1698.1294,0.2120975,726.32043,0.6097146,-112.38542,-0.8254939,2795.4763,0.107340924,665.469,0.60772365,-113.91634,-0.797842,-5.950088,-1.3326527,15.518065,0.5173912,0.060663078,0.9743002,-0.004195768,-3.407169,1.1544715,0.81446785,16.529043,0.76617086,-17.805714,-1.0667986,7.755233,2.8758645,-34.849487,-0.6610238,-14.343221,25.24717,-0.021364417,0.008320718,0.020170793,1.9911505,1.1185683,0.41,0.16112109,0.45999998,0.49120262,-24.747234,05
42.98223,0.1416859,43.3019,44.20437,45.492832,2.1909332,307.01385,300.40555,35.41182,27.389639,0.8211523,1.3207779,0.010607516,0.14859642,1.9293864,1.9187789,18.834726,11.212064,13.615513,7.443886,0.60943854,1.5446266,9.987755,1.1421136,-6.5067244,-2.9642348,8.488765,1.7514998,-14.39728,-1.9965521,0.025535837,1.6337688,1.1492742,0.8107939,7.7885404,0.68562955,6.9686556,1.3376245,10.932586,0.97781694,651.6015,0.447092,1027.9456,0.27126727,-146.64024,-0.5768266,1722.7374,0.20325121,646.19324,0.5408356,-114.32493,-0.8105143,2806.6926,0.09923079,657.4837,0.53418505,-114.5063,-0.8035286,-4.321135,-1.8777536,13.394161,0.5888323,0.063214935,0.85191023,-0.0062422333,-2.501381,1.3149048,0.7731712,14.710001,0.85217255,-19.690294,-0.9594836,8.634827,2.231453,-39.991898,-0.5607667,-12.893205,24.027658,-0.015730456,0.010375946,0.024152085,1.8518519,0.9367682,0.48499998,0.3292795,0.44799998,0.48840144,-24.62587,05
42.413513,0.13272433,42.437973,43.9022,45.760258,3.3222847,291.40057,254.09967,28.796095,16.192772,0.81474155,1.2842929,0.01231222,0.15923676,1.880077,1.8677648,18.975607,11.840899,8.631818,4.2719173,0.5383292,1.5194733,11.080362,1.1236482,-2.709785,-7.1478033,7.4559326,2.0077977,-17.554522,-1.8630805,0.02532133,2.3262544,0.90761614,0.88790643,10.238384,0.4921606,7.2026515,1.029158,12.96336,0.77953863,691.6964,0.4350346,1057.324,0.27610198,-138.55576,-0.641465,1784.6973,0.20223947,639.53534,0.5160276,-113.7592,-0.81040394,2884.561,0.0970364,675.29974,0.64139444,-113.772156,-0.8081438,-7.405712,-1.3129278,15.675874,0.6287247,0.08803306,0.78076357,-0.007758148,-1.7022381,1.1368165,0.77501595,15.820538,0.81629324,-14.625026,-1.4129512,6.007594,3.1818998,-45.400326,-0.6172788,-14.47103,24.811234,-0.005115123,0.006834163,0.025948044,1.8099548,0.91533184,0.5025,0.34571484,0.454,0.46991912,-24.76851,05
42.878136,0.12588368,43.078762,44.193756,46.09213,3.0133667,159.0503,152.11562,38.107105,28.001629,0.7709196,1.3237319,0.012528881,0.115283445,1.7398252,1.7272964,15.412957,11.3729925,10.84722,4.862706,0.44539294,1.5012617,10.201314,1.1933354,-3.363651,-6.029652,7.0949883,2.011658,-15.4978075,-2.085551,0.02426238,1.9374497,0.8447103,0.820148,10.339054,0.47321662,6.166555,0.9501675,10.870986,1.0588566,706.30914,0.4876235,1026.1383,0.28042683,-144.80125,-0.5964055,1785.0514,0.23549,621.9032,0.5483331,-119.59645,-0.7694133,2867.9255,0.109887786,669.4049,0.7165033,-119.80266,-0.764327,-5.636229,-1.4667107,13.098375,0.6121109,0.10812813,0.5912517,-0.0030153454,-4.48662,1.0032699,0.6971769,14.175812,0.8720475,-18.177856,-1.1754383,5.4657226,3.4783485,-46.291443,-0.5629423,-14.38091,25.839209,-0.014363815,0.010573352,0.02980644,1.8099548,0.91533184,0.465,0.040311288,0.60249996,0.50281084,-25.657785,05
44.83684,0.04556944,43.69054,44.11026,46.033203,2.3426628,27.327364,22.980087,25.245289,21.323936,0.28304493,1.1933546,0.017993122,0.11466507,0.60868675,0.5906936,4.791333,2.438305,4.4689646,2.574922,0.09948143,1.3928949,13.007404,0.975428,-6.0757375,-3.097453,6.8352504,2.176377,-12.141144,-2.0957286,0.011609617,1.1808774,0.7613018,0.90456676,12.857617,0.3841412,4.192522,1.819507,13.205013,0.63474154,872.62195,0.32746154,1213.4297,0.32680076,-130.69836,-0.68133277,1820.8534,0.16298847,990.92316,0.5023839,-122.28484,-0.70737696,2933.5544,0.09376966,731.19336,0.6481519,-124.62674,-0.6715513,-10.363573,-0.8774761,22.333616,0.37014222,0.119189315,0.43473232,-0.0019979596,-6.168218,0.21350548,0.67241997,21.855501,0.509744,-17.936134,-0.9333705,1.593253,10.7823305,-34.746544,-0.55335236,-14.609617,26.013592,0.004443169,0.00872318,0.011491663,1.9067798,1.0706638,0.394,0.24071561,0.31625,0.43537158,-37.049156,06
45.265434,0.048441853,43.808804,44.375404,46.828205,3.0194016,16.861689,12.522931,17.609577,19.476124,0.3209528,1.2276467,0.013164293,0.15074387,0.6427378,0.6295735,5.284677,2.9283679,7.005747,3.509898,0.14083554,1.5267006,12.68823,0.97651565,-6.0764933,-3.101837,9.052868,1.3384231,-10.090952,-2.6121898,0.015268805,1.1695698,0.8437854,0.86062163,11.269712,0.4705848,3.5010486,2.2353785,11.73714,0.8190102,795.4436,0.3819944,1097.7341,0.2640939,-136.74968,-0.6400044,1828.7292,0.1670254,845.56036,0.63724846,-118.925,-0.74419135,2943.6042,0.09859051,750.63745,0.6587963,-121.20463,-0.7083137,-8.851839,-1.0368696,19.578472,0.4499013,0.087548055,0.64411724,-0.0010139518,-13.594508,0.29794592,0.81219345,19.345463,0.62189907,-18.653616,-0.9875637,5.717628,2.7199788,-32.778996,-0.6191577,-15.337037,27.058952,-0.009755862,0.008305339,0.014704531,1.7316017,1.094092,0.39599997,0.11842297,0.35,0.48104054,-36.49671,06
45.00381,0.030380048,43.89395,44.442245,46.86276,2.9688072,16.882942,8.342199,14.532834,7.484516,0.32543096,1.1086507,0.013346734,0.09999244,0.7500272,0.73668045,3.9356892,2.4067767,5.387996,3.245557,0.11717569,1.3923813,11.336442,1.1411504,-2.266552,-7.683631,7.624554,1.7556112,-5.3975153,-4.9738326,0.012209991,1.4729741,0.7214705,0.86469036,13.085913,0.3755661,8.071864,1.1476098,10.669331,0.79099244,776.45734,0.40832654,1185.2661,0.34303492,-147.92096,-0.55534136,1817.3921,0.20106693,800.7953,0.49685636,-125.70335,-0.6951804,2901.5708,0.107384585,754.4275,0.54145145,-126.87143,-0.67707366,-9.988695,-0.83112067,19.370243,0.424805,0.10431267,0.57238704,-0.001262341,-9.618815,0.254266,0.6879087,17.80531,0.66490364,-15.2228155,-1.0605896,4.5272846,3.566676,-32.596535,-0.58119076,-17.317905,29.691517,-0.01675988,0.0087113865,0.021480931,1.7937219,1.1337869,0.35799998,0.15651198,0.41833332,0.50840986,-35.973442,06
44.91135,0.029497538,43.722794,44.503872,46.35208,2.6292877,42.09381,75.82297,18.915956,12.6323,0.3262157,1.0894449,0.010772753,0.15797204,0.72288936,0.7121166,3.7992575,2.7723882,4.269546,1.4747885,0.120697476,1.387858,9.722351,1.330667,-5.677273,-3.0245004,7.377464,1.7663103,-11.969543,-2.1932724,0.010919416,1.5004088,0.7665385,0.89740646,12.530754,0.44406915,5.622409,1.7102736,9.59921,0.85766244,865.12115,0.34362063,1113.7609,0.37229612,-135.23305,-0.6385379,1874.5853,0.18362497,879.5702,0.5227309,-120.19775,-0.7352854,2987.4568,0.10183904,731.3474,0.54624593,-122.08451,-0.70635957,-9.032594,-0.75287473,18.231989,0.40259212,0.13357274,0.3452298,-0.0010520242,-13.459535,0.25746158,0.6620742,18.595898,0.63542897,-18.27102,-0.7606155,5.4945683,2.7588232,-35.877438,-0.565981,-11.395941,21.789782,0.007430946,0.011705194,0.012407661,1.8348624,0.92807424,0.4725,0.3254516,0.46599996,0.4697914,-36.828785,06
45.171955,0.04287777,43.72997,44.60888,47.288593,3.5586243,27.486757,22.622185,17.988705,10.310756,0.58655214,1.1693577,0.01528829,0.24580793,1.254751,1.2394627,9.959579,6.8649282,10.736962,4.5740933,0.27141854,1.3154905,8.415808,1.3444309,-12.543418,-1.4388161,6.019355,2.4715898,-16.80376,-1.4841228,0.016899642,1.573326,0.911191,0.8133353,10.35547,0.46744663,7.064113,1.1898265,7.3841143,1.2747314,742.5762,0.4284435,1050.4127,0.27806294,-141.99829,-0.6154827,1760.9486,0.19382454,809.4703,0.5769789,-111.719124,-0.8291561,2849.2527,0.102178104,736.59564,0.8114469,-112.70411,-0.81188583,-5.0742784,-1.3930299,12.847798,0.5912533,0.089375846,0.7088898,-0.00047840134,-26.443094,0.55262893,0.6266824,14.69962,0.59916353,-22.822895,-0.82414794,7.7860518,2.3889995,-35.63992,-0.6467607,-5.3883953,15.649973,0.051857516,0.008753053,0.021688275,1.7429196,0.88105726,0.53,0.39968738,0.58,0.5304715,-31.161633,06
45.09752,0.040928975,43.763668,44.50594,47.150654,3.3869858,71.28012,41.32672,83.88748,127.97382,0.5876068,1.255796,0.014204454,0.27460754,1.2807255,1.266521,11.230363,10.674781,10.960161,5.3633404,0.297556,1.5921369,6.73391,1.6060308,-8.758376,-2.46867,8.954868,1.598019,-16.529934,-1.7433766,0.020003159,1.913636,0.9682403,0.66598207,9.586695,0.58681506,7.9204345,0.8863721,8.175026,1.284454,780.2742,0.42550537,983.7316,0.35690954,-140.56786,-0.6286467,1845.6519,0.20082594,709.1765,0.5719765,-113.64521,-0.81654435,2929.2158,0.09480673,753.64185,0.6074869,-113.86043,-0.8115756,-3.9265664,-1.7325801,11.85748,0.6381071,0.12638023,0.35530028,-0.0004050888,-33.729145,0.62523633,0.85703254,12.105863,0.7052768,-25.00445,-0.7315225,4.616505,3.8729992,-41.685226,-0.5145364,-13.481676,23.634943,-0.012015405,0.007912224,0.017571848,1.948052,0.65645516,0.7,0.25703436,0.59999996,0.5200481,-30.081982,06
45.291443,0.03550037,43.787834,44.80927,46.8264,3.0385666,26.944948,19.05182,16.935564,10.124681,0.55085665,1.1797155,0.015163757,0.18633917,1.2677385,1.2525747,9.850788,7.2123146,7.6024494,4.4478936,0.25408277,1.4170306,8.184408,1.2911725,-9.9382715,-2.1694345,6.0821033,2.2005725,-14.797312,-1.9374204,0.013754311,2.2079742,0.77820563,0.7905324,11.06438,0.41701108,7.0863967,0.7512054,8.517726,0.92593306,828.8449,0.43734586,1016.84094,0.28637737,-137.62943,-0.63252044,1855.4828,0.1980774,835.18884,0.6014749,-115.29003,-0.795451,2895.8188,0.09763163,754.2215,0.6233936,-116.31523,-0.7784208,-4.74042,-1.3783565,12.621128,0.5760379,0.14141452,0.24760492,0.00018312887,62.674362,0.54281384,0.6665836,13.486663,0.6923103,-26.869135,-0.6526534,2.3385324,6.349991,-40.57459,-0.505313,-13.335913,23.894106,0.008689492,0.010721788,0.012907424,1.7937219,0.9070295,0.4975,0.31195953,0.46599996,0.4898408,-31.83156,06
45.49111,0.05324927,43.77871,44.757187,47.22908,3.4503708,32.156033,18.67846,15.754275,11.275785,0.6205594,1.1775789,0.010411372,0.19312346,1.451171,1.4407597,12.407095,9.461812,8.843294,4.327105,0.2888421,1.4330475,8.254544,1.1953633,-8.097083,-2.6321197,8.549659,1.5283699,-12.860859,-2.3729997,0.014043998,1.6654143,0.749105,0.7817841,10.622628,0.52832,9.890804,0.78250533,8.087733,0.9783818,696.34375,0.531862,981.5058,0.33066565,-152.15762,-0.5269567,1762.532,0.2275904,664.9709,0.5148199,-116.10291,-0.7917152,2844.4575,0.12301048,637.3935,0.68076736,-116.472824,-0.7853257,-3.5797272,-1.6557285,10.661989,0.6175913,0.13370974,0.3206238,-0.0044424944,-2.6346016,0.6209513,0.6817272,10.329437,0.9328652,-25.967741,-0.64191455,4.043923,4.1001782,-42.213802,-0.45735228,-17.90148,28.959558,-0.020771084,0.01032713,0.01727841,2.1645021,0.65645516,0.6866666,0.25104228,0.61,0.5483156,-30.926275,06
32.277523,0.030653901,31.494488,32.079853,33.17294,1.6784515,14.574092,8.927458,11.817652,8.725889,0.1807807,1.0339949,0.0070936447,0.122962266,0.37980592,0.37271228,2.217476,1.3557514,2.8407202,1.5136744,0.042684067,1.1356454,20.179548,0.9140756,4.6803803,2.1364498,4.572405,2.2417824,0.15731658,85.84208,0.009079071,1.0631684,0.7794272,0.84352607,9.175355,0.30570376,3.0376072,3.1137826,25.042475,0.3342134,699.9673,0.39456037,1179.1715,0.1949824,-108.07261,-0.8994255,1697.8237,0.18176872,908.72437,0.27574492,-109.75344,-0.8289437,2745.1562,0.15209056,634.5001,0.49014807,-113.06909,-0.775092,-14.0110855,-0.44370922,23.77111,0.3211652,0.12266625,0.2280218,-0.02152778,-0.65574783,0.08366785,0.47068667,35.436134,0.35532588,1.0597742,11.24732,4.4054265,3.0667126,-2.806964,-6.249359,-4.8988805,12.6992855,0.06511662,0.0059191408,0.004162199,2.2004893,0.74441695,0.64666665,0.4984197,0.65666664,0.43926707,-44.12249,01
32.243973,0.032770656,31.407318,32.027096,33.71612,2.3088036,12.205558,6.1395273,5.243135,5.79767,0.18351081,1.0124992,0.006305224,0.13019079,0.37238264,0.36607742,2.1129332,0.8924027,2.9461644,1.4426515,0.035506677,1.1261548,20.88222,0.9592567,1.8963981,5.004865,5.0240893,2.256877,-0.75510323,-17.33377,0.007847826,1.2395158,0.75301695,1.0783695,9.672239,0.31981942,1.9056889,5.141532,22.033852,0.37996322,695.9133,0.4174235,1242.6628,0.21572201,-108.93209,-0.88812023,1650.7952,0.17808676,974.5147,0.31431332,-106.96485,-0.85366464,2719.8882,0.16099505,608.34875,0.47298753,-109.382774,-0.8135502,-14.251933,-0.39854676,22.89824,0.34934136,0.12542145,0.21665876,-0.02157632,-0.62513316,0.06540811,0.5088839,37.274384,0.3110449,-0.5879813,-19.72139,5.5213323,2.7016752,-4.9425554,-3.2536166,-4.0256395,12.706067,0.078793764,0.01163216,0.006454112,1.8348624,0.6960557,0.72333336,0.5230891,0.5175,0.47415054,-44.12759,01
32.415787,0.10677191,31.138557,31.986115,32.697395,1.5588379,89.72196,85.224495,191.6424,185.69324,0.20606819,0.944763,0.008357451,0.17020127,0.41870633,0.41034886,2.1840181,1.2789057,2.7298436,1.4481475,0.046303056,1.0727019,21.503334,0.9951596,4.1244206,2.6879427,6.2398543,1.7621456,-0.22576877,-53.742847,0.012514381,1.5881156,0.87567,1.0034508,9.272161,0.3451567,2.785735,4.1669173,21.604546,0.5239573,810.5559,0.29957217,1208.4785,0.19614957,-100.27286,-0.95065176,1754.406,0.13133192,914.82916,0.24361531,-99.70246,-0.90108067,2936.0781,0.12683558,581.2897,0.46374443,-101.714195,-0.8647383,-13.89617,-0.52395236,23.688267,0.3677853,0.12182071,0.27375895,-0.019173065,-0.8447428,0.07743972,0.5614323,36.746372,0.40742463,0.41137183,29.327885,6.4257646,2.0526674,-3.871908,-3.6915786,-4.774336,12.9753685,0.080420256,0.012485063,0.01179357,2.1327016,1.1990408,0.45,0.5029115,0.35999998,0.39390352,-43.120888,01
32.211994,0.036408685,31.172794,32.0898,33.567974,2.3951797,27.001804,33.121872,8.247463,7.944724,0.19709745,1.008898,0.006795691,0.1377404,0.4156569,0.4088612,1.9522192,1.0502899,2.9681723,1.6297415,0.043971643,1.1208587,17.426924,1.1851367,3.062287,3.1697333,7.901876,1.195894,0.04788514,297.04477,0.009252697,1.150147,0.7781783,1.0072386,9.424082,0.2956204,3.3974142,3.63233,21.095432,0.3403173,699.3718,0.44873118,1231.2186,0.2213968,-113.55006,-0.8396727,1669.1393,0.19520539,939.13635,0.26601672,-109.723,-0.833017,2740.3662,0.16298437,695.1607,0.4714438,-111.53645,-0.8029101,-13.481423,-0.40605512,21.046211,0.30666602,0.1222283,0.22157305,-0.018304065,-0.8636527,0.0798609,0.49019372,34.68519,0.37769377,-1.0071092,-10.42518,9.014545,1.2746261,-5.933389,-2.858769,-1.8308811,9.735524,0.06453248,0.011420347,0.010514232,1.923077,0.729927,0.6666666,0.4880118,0.51,0.43606192,-43.52566,01
32.734894,0.04783312,31.594257,32.19557,33.3474,1.7531433,18.544176,9.309476,7.6042786,10.642087,0.17776564,0.84534544,0.008898904,0.20237388,0.32325044,0.31435153,1.4284558,1.2225975,2.497027,1.2968554,0.030389136,0.98831177,25.511086,0.7144001,7.983512,1.3085293,3.2299218,4.1562643,1.5435311,10.413262,0.008017418,1.3139802,0.67447186,1.3412253,10.325387,0.29887736,1.42052,6.839932,24.684235,0.37692553,578.12854,0.42550316,1332.1439,0.17364904,-88.38496,-1.0725658,1530.732,0.20889595,993.8366,0.34337002,-87.44298,-0.9972333,2571.3284,0.16609786,725.82153,0.43857938,-92.11757,-0.9079283,-17.509653,-0.39172894,24.402906,0.2928566,0.12022511,0.21005398,-0.026303196,-0.5929506,0.045166448,0.613512,37.282154,0.27406088,6.8327384,1.5729524,0.47963694,31.227722,-2.7840548,-6.5640793,-7.137833,15.644569,0.061987415,0.00912199,0.0071677146,1.6917294,1.1385199,0.5366667,0.71455497,0.31833333,0.38189948,-45.3036,02
32.806953,0.047419343,31.567883,32.322094,34.015205,2.4473228,20.488504,9.193129,9.525776,4.9967656,0.19884734,0.8894179,0.0025437204,0.19971272,0.37245587,0.36991215,1.5938718,1.20404,3.2374585,1.7461601,0.038498607,1.230101,23.889784,0.8175721,6.076674,1.7275562,2.0966773,5.6921625,-1.8797526,-8.393185,0.008471463,1.479422,0.56146795,1.1309686,10.33547,0.29943478,2.9570143,3.4467332,24.75622,0.50586903,609.99506,0.47054216,1309.9086,0.22704834,-88.15178,-1.0726213,1561.4933,0.22504535,1006.1219,0.2844121,-86.32828,-1.0098784,2613.338,0.18027543,662.7747,0.43253627,-89.94493,-0.9394256,-17.781778,-0.45436975,24.005365,0.35696542,0.12289392,0.2207419,-0.029145153,-0.5916156,0.05864672,0.83072996,36.7503,0.2788352,7.7913756,1.5305111,1.1314468,12.607077,-4.9220715,-3.8213894,-3.5250673,12.150195,0.10459172,0.016330298,0.0085377935,1.4950166,0.67001677,0.91499996,0.43436736,0.35833332,0.4746022,-43.619694,02
32.643555,0.055782933,31.261974,32.12423,33.71428,2.4523048,67.07083,94.97735,17.419563,13.433689,0.23487648,0.88517106,0.013324267,0.24862896,0.44343376,0.4301095,1.7924728,1.0251628,3.031293,1.2131662,0.056795783,0.9922465,19.028238,1.0327675,4.040605,2.9478338,8.585698,1.1635433,0.9782248,14.247447,0.011005923,1.2438136,0.7954956,1.0983478,9.325768,0.29310203,3.2263622,2.9012747,22.311937,0.32462168,735.2394,0.34962723,1262.0742,0.21479094,-98.069824,-0.9672114,1743.1229,0.16062519,907.10187,0.35118708,-97.045166,-0.91819113,2784.992,0.14197446,699.7584,0.43603918,-99.42408,-0.8757331,-14.820546,-0.45424935,20.88684,0.3409085,0.11574477,0.26961228,-0.022713937,-0.6792065,0.09124687,0.520446,32.860085,0.36866575,2.3785586,4.5155764,7.6179433,1.4930724,-2.523166,-6.5310993,-2.010127,9.927321,0.055384666,0.009241316,0.01294665,1.7316017,1.094092,0.51,0.61250305,0.31833333,0.373694,-42.492714,02
32.914772,0.11713408,30.991648,32.07738,34.51001,3.518362,22.458574,12.891846,18.66319,10.381705,0.27890462,0.8550026,0.021378007,0.28978944,0.499251,0.477873,2.384343,1.8244606,4.209145,2.5515904,0.06669063,0.9666673,16.581831,1.3686564,1.6904376,7.58571,9.376209,1.0563815,-2.4939492,-6.5647116,0.014437286,1.4093959,0.8282887,0.9562077,8.781485,0.43469822,0.44359624,23.037348,17.467869,0.58616984,737.0613,0.37674963,1236.6821,0.19865683,-97.672264,-0.9827855,1775.9791,0.17638454,834.1674,0.27288425,-91.448814,-0.9793458,2830.7793,0.13921358,617.1336,0.35753983,-92.514046,-0.9581802,-13.521466,-0.5666347,19.327684,0.44908497,0.11302999,0.28295255,-0.024062196,-0.7009906,0.10548668,0.50244135,31.362602,0.4715768,1.0386959,12.25748,9.413208,1.2574389,-5.5379047,-3.4422162,2.925848,5.8936176,0.06020663,0.008861653,0.01209554,1.6359918,0.6198348,0.9466666,0.67400956,0.4825,0.39776722,-40.56489,02
32.777096,0.05045254,31.412905,32.31423,33.404285,1.9913807,18.229155,6.053294,17.806679,7.851203,0.1509405,0.80727565,0.009180887,0.16675304,0.25494435,0.24576347,1.1586937,0.72824883,2.3066678,1.3413256,0.0317791,0.96194476,24.290243,0.83584523,9.243481,1.0665438,4.1593566,2.8118904,1.1005021,15.477049,0.008310962,1.162578,0.5865752,1.1048281,10.501372,0.2040447,5.189469,1.4164104,29.308405,0.36717135,597.4903,0.43554622,1280.9672,0.20639056,-95.811676,-0.9944575,1596.4858,0.20638485,977.2792,0.21738674,-96.676445,-0.8942299,2633.4795,0.17082952,658.03235,0.42278054,-100.3361,-0.8307718,-20.744427,-0.37503228,27.720339,0.29790592,0.11763869,0.22326057,-0.027523257,-0.6097437,0.049453247,0.5362677,38.871433,0.25680208,12.057493,0.7131708,3.2325325,4.356414,-2.6618874,-7.665649,-4.172184,13.082544,0.05453394,0.009811024,0.0074276184,1.6605166,0.9310987,0.62,0.46591845,0.35999998,0.43305117,-46.362328,02
32.616947,0.051423248,31.419544,32.13416,33.210022,1.7904778,27.887512,16.426704,13.310933,4.3112717,0.13208926,0.9379817,0.007893864,0.12203912,0.24823561,0.24034175,1.0450327,0.62722677,2.525419,1.495591,0.025710355,1.1294378,23.471966,0.86119044,10.621871,1.0273855,6.589097,1.6507471,2.3842852,7.425374,0.010529241,1.543738,0.6269155,1.1461154,10.427697,0.29392114,4.2894163,1.9272183,28.182594,0.34185854,612.6652,0.3907429,1258.4845,0.22364545,-94.4374,-0.9966272,1626.4165,0.18821825,998.8346,0.27925232,-99.892136,-0.8537377,2664.214,0.16257115,724.5021,0.57353485,-102.19844,-0.81520814,-21.248632,-0.37233815,28.306746,0.27680334,0.113678604,0.26530394,-0.02398985,-0.63566124,0.04144746,0.6560873,38.204124,0.27172735,14.704956,0.7262653,6.066628,2.020548,-1.2353784,-17.723133,-3.3278458,11.634945,0.06343777,0.010747938,0.0047524185,1.48423,0.750469,0.755,0.37486663,0.436,0.48791805,-46.77035,02
33.007523,0.087868646,31.389013,32.394936,33.924755,2.5357418,0.29508075,0.0,-1.1662987,0.0,0.13511597,0.80625015,0.0074555166,0.16184984,0.22517328,0.21771777,1.0833788,0.5552696,1.504087,0.7605807,0.030000538,0.9539127,23.108133,0.92467517,10.801454,0.90060014,7.039406,1.1089118,0.12698174,118.70999,0.011778328,1.5138276,0.67102855,0.96006745,10.249245,0.26815775,4.31058,1.9047843,27.025429,0.380463,618.7628,0.40975314,1200.5319,0.20435792,-94.584335,-0.9980397,1630.0398,0.2071458,882.20557,0.2468836,-96.067696,-0.8876942,2678.3872,0.16272072,640.5044,0.5517324,-98.868484,-0.83792174,-20.751425,-0.41595048,27.025986,0.30806658,0.11708563,0.22736014,-0.027796777,-0.69225293,0.046041735,0.50616664,37.448147,0.34914133,13.9646015,0.59298813,8.345548,0.9450711,-3.0920136,-5.7336245,-2.247604,9.843896,0.09430807,0.012506565,0.008843362,1.8656718,0.75329566,0.775,0.4114912,0.3483333,0.42219332,-47.27576,02
32.74797,0.052147042,31.476183,32.252804,33.321846,1.8456631,26.319984,22.808002,14.098598,7.649997,0.15148312,0.77838457,0.027599804,0.1495117,0.24472983,0.21713004,1.1634367,1.0509672,1.9340147,1.0087045,0.03513374,0.9648655,28.436638,0.66209996,12.445088,0.90178746,10.446223,0.7428047,-1.8961792,-8.052216,0.009417054,1.0525099,0.6416827,1.0587362,10.252376,0.23312184,3.8060777,2.105037,28.902365,0.3171559,628.9168,0.39170074,1256.8938,0.19063517,-82.34025,-1.0914339,1658.6237,0.21088257,932.98114,0.33674476,-84.89496,-0.9585327,2689.7249,0.16221084,690.7606,0.48947302,-88.94289,-0.8833799,-22.392897,-0.3282877,27.121416,0.26286688,0.09944141,0.4239193,-0.02999668,-0.5759571,0.045274526,0.6453524,38.726345,0.28561488,14.134162,0.68479747,11.19454,0.67903584,-5.4576325,-2.9643679,-8.858515,17.414997,0.062241845,0.008807901,0.020131947,1.5100671,1.0152285,0.635,0.5119163,0.315,0.3561718,-46.422306,02
32.568535,0.08007452,30.97081,32.210148,34.981567,4.0107574,45.337006,47.17607,65.82537,48.364594,0.42776498,0.9387301,0.022239,0.32374895,0.77612174,0.75388277,3.909846,2.700543,4.6958756,2.3882453,0.16721475,1.0147895,20.102047,0.75881,-5.680437,-2.6913595,14.084329,0.7634663,-3.1666296,-6.317539,0.018874342,1.2106247,0.8837896,0.78385574,6.3017993,0.4829951,0.8231647,13.561257,13.482419,0.65836495,855.9758,0.3032268,1103.741,0.21531482,-91.131454,-1.0641433,1895.0028,0.111180216,836.4599,0.23330255,-92.83709,-0.9929344,2824.565,0.10081834,762.7234,0.34799305,-92.12968,-1.0070363,-9.927064,-0.5378618,15.216625,0.43179274,0.10057918,0.36677358,-0.02356491,-0.6886435,0.28003466,0.49144632,30.77004,0.29340488,-13.809708,-1.017867,16.393322,0.77497643,-10.731755,-2.136653,-5.030656,12.941126,0.029498404,0.0045871353,0.02203773,1.7429196,1.3215859,0.42166668,0.40584958,0.31166667,0.37830397,-36.249924,03
32.35797,0.07387781,31.168644,32.349987,33.732014,2.5633698,28.552881,10.518887,39.19883,20.871006,0.42011935,0.932089,0.0122660985,0.32728952,0.75213885,0.73987275,5.014681,3.7000372,6.596222,4.266989,0.14869702,1.0191638,21.369368,0.74393314,-4.755592,-3.4662254,11.498747,0.99263775,-2.850197,-6.8481874,0.02290722,1.6449863,0.9309694,0.96483517,6.8027887,0.5393614,-0.97295564,-10.89812,13.508404,0.5615263,843.777,0.27086887,1108.3224,0.21252735,-89.32344,-1.0748401,1882.0535,0.10726358,853.0534,0.21509661,-91.240295,-0.99936336,2820.742,0.08496249,857.57086,0.33295885,-90.71513,-1.0107642,-10.695376,-0.5595028,16.268562,0.4570306,0.09812383,0.38077047,-0.023528477,-0.6386602,0.2401953,0.5194544,31.621416,0.3197494,-13.084161,-1.0815647,13.720529,0.97681236,-9.583104,-2.2721689,-5.289078,13.885684,0.057605457,0.006517071,0.02172562,1.8907564,1.0615711,0.54599994,0.63898665,0.315,0.37933055,-36.519333,03
32.67276,0.054972585,31.401432,32.40085,33.733932,2.3325005,41.41337,41.296318,44.172737,22.079134,0.43787724,0.9588287,0.012950255,0.36124948,0.8124875,0.79953724,4.390771,2.9329445,5.3642645,2.616976,0.16673261,1.0612658,20.426138,0.78950477,-4.902991,-3.4122202,14.058135,0.6931482,-4.1451683,-4.439593,0.02123659,1.1809032,0.89293027,0.83540034,6.440132,0.48240072,1.1653723,9.013823,13.488269,0.6212255,888.77747,0.24798709,1123.4945,0.19423789,-91.73936,-1.0497339,1914.112,0.1045633,890.14545,0.39393166,-91.55964,-1.0130138,2847.093,0.082632594,831.32275,0.32908013,-91.59154,-1.0129664,-9.203001,-0.61410034,13.920258,0.45291764,0.10872109,0.3579099,-0.024154682,-0.6504228,0.27731118,0.56375146,30.987654,0.36834994,-14.15552,-1.079196,18.315891,0.50463384,-11.551674,-1.7581695,-4.789623,12.736673,0.043884046,0.0068651773,0.02111162,1.4925373,1.0775863,0.524,0.47495684,0.31833333,0.37777486,-36.077522,03
32.378895,0.07818278,31.28951,32.3049,33.31215,2.0226383,58.90848,81.465576,44.296467,30.840706,0.43427655,0.9444141,0.010767745,0.3665661,0.8235426,0.81277484,4.9051914,3.4738233,5.452315,3.0408802,0.15505163,0.97577924,19.999044,0.8084978,-3.6504555,-4.7238455,13.973284,0.6544132,-1.8930076,-9.693651,0.018462105,1.2949225,0.7937036,0.90723747,6.907218,0.45584762,-0.024658754,-394.87274,13.519441,0.7229059,841.57855,0.2579469,1141.8788,0.20267782,-91.89167,-1.0504091,1884.9678,0.105645634,783.1364,0.24603334,-92.09923,-1.0091305,2838.9146,0.089595065,829.69653,0.24900107,-92.23025,-1.0093869,-9.600035,-0.6774074,13.967728,0.47632536,0.10360457,0.32438767,-0.024055853,-0.6492167,0.2569619,0.454853,30.91855,0.34458688,-13.236107,-1.2238289,17.751072,0.5329937,-10.1234865,-1.9640973,-4.3188367,12.26406,0.052929815,0.008136044,0.02131718,1.5250546,0.88105726,0.6425,0.6517045,0.376,0.38055748,-36.49443,03
33.968334,0.12297479,31.481604,32.792896,36.143112,4.6615086,72.50404,48.957577,86.944756,67.410965,0.69691986,0.9374657,0.019103987,0.5360645,1.3941221,1.3750181,4.960834,2.8260064,8.127793,5.662773,0.28976822,0.9970636,16.838257,0.93176943,-12.743147,-1.3777815,19.130203,0.6413281,-8.086871,-2.746552,0.03549225,1.6393993,1.1205387,0.8908961,5.0408664,0.7087277,1.0252167,13.001204,6.8245425,1.2285823,866.6498,0.29918835,1121.5896,0.31447962,-86.71183,-1.1255109,1908.3937,0.1059965,814.1891,0.35907692,-84.21361,-1.1175607,2815.269,0.086088784,919.70996,0.2971995,-81.13971,-1.1920042,-5.113153,-0.9567766,9.153782,0.5999812,0.10602746,0.36446887,-0.024147825,-0.65902036,0.48022154,0.46573657,27.381784,0.28022066,-22.11597,-0.6395855,24.306004,0.52558476,-17.548803,-1.3601457,-1.2841071,9.785178,0.045212984,0.008456863,0.009672198,1.5936255,0.804829,0.7375,0.7347576,0.38599998,0.44342306,-31.302427,03
32.15185,0.07566784,30.524706,31.961243,33.73988,3.2151737,41.261837,22.0731,62.03908,33.205395,0.5980597,1.0519236,0.006924788,0.36147863,1.1835831,1.1766584,10.199864,6.388172,9.381448,4.6520023,0.29682854,1.2054468,16.785734,0.86154985,-7.928047,-2.2292664,17.634686,0.74163073,-2.1638544,-7.994176,0.03152636,1.1122483,1.0889957,0.81595534,4.460084,0.70356905,-1.7878417,-6.29283,7.900753,1.3885167,877.0921,0.31642246,1079.3828,0.31534895,-102.45636,-0.9442466,1888.9044,0.11407013,938.49774,0.3212071,-98.01381,-0.9819341,2773.2893,0.11147747,806.06616,0.24480735,-97.265076,-0.99627495,-5.4539084,-0.8480563,10.848833,0.5455136,0.100586794,0.38602963,-0.01801542,-0.9194746,0.54774237,0.5896348,26.937048,0.31294394,-20.423683,-0.6870471,25.165209,0.50217265,-10.177509,-1.9185195,-4.524087,12.010404,0.049893346,0.0086538335,0.02517557,1.8099548,0.91533184,0.5675,0.4712417,0.402,0.43888038,-31.962353,03
32.072296,0.13931666,30.307579,32.02499,33.636417,3.3288383,106.235245,60.298317,105.25344,96.629036,0.6521003,0.9866754,0.011406807,0.45261952,1.2760795,1.2646728,8.247106,5.2706966,6.6156054,3.913251,0.33958358,1.0952853,18.905798,0.9050762,-9.115775,-2.170072,17.38872,0.69463396,2.3691556,6.3134613,0.050499544,1.7106386,1.1922308,0.93817854,3.7975578,0.8934199,0.82349724,12.066359,7.3294716,1.3144301,855.26483,0.31497684,1127.1505,0.27534503,-93.37843,-1.0296869,1853.4514,0.122804105,930.3983,0.28130007,-90.937584,-1.0391104,2749.845,0.10225386,893.31757,0.27396148,-89.96645,-1.0609659,-5.824438,-0.9256987,10.435428,0.6094509,0.095164336,0.4570327,-0.018141422,-0.8449123,0.5767787,0.5763131,29.945929,0.37009877,-21.359312,-0.79131114,23.018883,0.5145505,-3.198559,-5.161862,-4.07914,11.4212055,0.043675166,0.010919327,0.034160558,1.948052,1.5317287,0.36285713,0.23364894,0.235,0.33440247,-31.705057,03
32.093018,0.08872578,30.791546,32.143047,34.12502,3.3334732,55.62215,43.12976,63.19668,44.947617,0.70468223,0.95968485,0.017725771,0.5201202,1.4426192,1.4248934,6.5674057,4.643711,9.527451,5.3524375,0.36964512,1.0232893,17.1443,0.9884456,-8.223088,-2.3073406,19.36279,0.6164716,-1.6461504,-11.976477,0.027289188,0.97443014,1.0044165,0.8629569,4.2787185,0.7190186,0.7651903,14.671973,8.965968,1.1048477,839.0636,0.33008644,1161.1123,0.26497468,-92.160515,-1.0430028,1872.5889,0.1165212,888.15704,0.28170884,-88.07768,-1.0671891,2771.0493,0.108193696,887.8565,0.3353696,-87.44534,-1.0825714,-6.6120315,-1.0725666,10.617781,0.7767114,0.07622447,0.65319943,-0.021550754,-0.80850154,0.6134374,0.5149,28.515116,0.36145613,-17.959396,-0.9886481,24.941765,0.43458068,-8.598195,-2.6355324,-2.5672405,10.39805,0.037821904,0.010238718,0.036233604,1.7167382,1.0845987,0.53,0.4873602,0.30833334,0.35624972,-30.762238,03
32.20746,0.060940713,31.094906,32.10497,33.99171,2.8968048,37.819794,21.460674,27.950867,18.869879,0.26613444,0.94300056,0.010659726,0.23382041,0.49040794,0.47974822,2.4242103,1.8611658,4.311948,2.6034298,0.070595495,1.0793581,24.049295,0.80040187,0.18833812,53.864048,7.957144,1.3529202,2.264282,6.319081,0.018792626,2.9743645,0.8552326,1.1031268,9.070351,0.3901608,4.4462395,1.9916908,24.305407,0.30682746,827.27594,0.26360306,1158.4423,0.19510633,-88.074196,-1.074929,1832.9169,0.103156164,899.7905,0.27841008,-92.66269,-0.96387136,2856.4714,0.10046208,739.5883,0.5455978,-95.82116,-0.90457475,-15.222449,-0.42916098,22.522154,0.3110305,0.09603335,0.48710915,-0.023682997,-0.7705198,0.11630737,0.59112,37.80423,0.29619023,-1.705843,-6.06723,9.53452,1.3214735,-0.28331202,-61.51635,-2.4758415,10.227117,0.065933265,0.010243613,0.0067274286,1.5625,0.7889547,0.7375,0.76946,0.505,0.47167253,-39.708973,04
32.131184,0.043723222,30.955524,31.99905,32.95919,2.003666,22.006254,14.440971,17.71653,8.408395,0.17183699,0.98700905,0.0044030906,0.14716592,0.30966163,0.30525854,1.5640942,1.0319575,2.9005992,1.5933524,0.03621686,1.2160484,26.216202,0.7850798,6.8737717,1.676961,9.576882,1.0351914,1.870716,7.542301,0.010560765,1.6392493,0.5557453,0.93558675,10.049292,0.30107048,4.319185,1.7203568,26.895462,0.35415673,669.10376,0.40747237,1222.54,0.19012597,-87.44323,-1.0503646,1695.8745,0.1928383,908.1372,0.32707697,-90.905594,-0.9281003,2718.292,0.16628017,675.32227,0.5007874,-93.513306,-0.8827459,-20.12044,-0.40139002,25.756218,0.3244147,0.10304644,0.36240488,-0.024329334,-0.6566014,0.05496612,0.82202137,39.88284,0.27842316,8.540038,1.4993112,12.33165,0.83129305,-0.34656292,-47.24541,-4.718075,12.959801,0.08950851,0.015403114,0.008077405,1.4950166,1.0050251,0.61,0.5436604,0.71333337,0.45146674,-44.270405,04
32.108215,0.042353243,31.136024,31.873947,32.820587,1.6845627,27.642157,30.20789,14.205597,9.38423,0.20522158,0.9238462,0.010133375,0.21689866,0.34920868,0.3390753,2.3694885,1.5726666,3.1831803,1.9511154,0.046420492,1.1458635,26.362066,0.8356401,3.3737524,3.4582822,8.247053,1.1753616,-0.55518323,-24.587957,0.01016811,1.3564843,0.69381696,1.1229033,9.908189,0.25887987,3.708229,2.4605868,27.27797,0.45378625,736.6903,0.32571697,1261.1743,0.1929706,-87.402374,-1.0743237,1734.7667,0.1524219,935.40076,0.29258472,-91.3702,-0.9449571,2812.3274,0.1358903,721.40576,0.5181013,-94.88019,-0.88324326,-18.385067,-0.40221003,24.222908,0.3341392,0.117786534,0.30656877,-0.026625963,-0.6318945,0.0676826,0.7806239,41.26677,0.28166035,2.2904925,5.5398955,8.505259,1.2094914,-3.980757,-3.93361,-2.9963849,11.612411,0.076908246,0.013138494,0.017678356,1.8115942,0.9140768,0.658,0.7195943,0.5125,0.38854697,-43.21628,04
32.145317,0.04625554,30.941484,31.839842,32.834026,1.8925419,15.941155,5.3990183,10.176056,7.285675,0.21718982,0.8837399,0.0122275995,0.2141301,0.37872759,0.3665,1.6479998,1.3587074,2.404113,1.4251176,0.04792122,0.9972355,26.031822,0.848438,4.147925,3.1908495,8.55797,1.2579092,1.3695134,8.18373,0.009811026,1.3508638,0.701506,1.0700428,9.824524,0.3013377,3.6764617,2.4384725,28.101278,0.40262932,776.9641,0.29628232,1234.6809,0.21343048,-83.0628,-1.1068249,1806.4342,0.13552366,911.4946,0.402692,-86.31718,-0.9906905,2862.4033,0.116554506,805.2688,0.46725327,-91.13222,-0.9005101,-18.096807,-0.45557052,24.215134,0.3317061,0.11381092,0.30881926,-0.025467241,-0.6946409,0.06823236,0.6305458,39.699467,0.34003848,4.103215,3.2767181,10.378014,1.1390285,-0.6887708,-18.150486,-1.5390911,11.003513,0.05673623,0.010780424,0.0137686115,1.2589928,0.9074411,0.692,0.47207627,0.38599998,0.3932734,-42.507633,04
32.795643,0.05689452,31.237484,32.242626,34.69117,3.4536858,81.82361,98.72732,15.568953,7.031123,0.18390872,1.2196116,0.012552448,0.097402416,0.2955163,0.28296387,3.0481794,2.176489,3.7467992,3.127738,0.058989428,1.4948711,17.279196,0.989944,0.5952913,22.938494,12.415673,0.7908544,5.9970117,2.1550734,0.02126158,1.4195127,1.1365814,0.74315315,7.7879844,0.40550882,7.047774,1.2709892,23.642866,0.2620099,717.17017,0.40782166,1231.1063,0.2638812,-119.7932,-0.7736556,1739.1115,0.15822391,1007.50287,0.30638596,-119.86272,-0.7335988,2719.0,0.121358156,957.41345,0.35917714,-122.10795,-0.700611,-14.578496,-0.41393882,20.912552,0.34076563,0.09425482,0.40499943,-0.013357145,-0.9308621,0.12132358,0.83292234,32.547092,0.33557647,-1.8077315,-7.8569574,17.4711,0.48806083,2.1000133,8.0092325,-3.9302173,12.378129,0.057289634,0.0084205335,0.00993479,2.5641026,1.4150944,0.30666664,0.08653837,0.37666667,0.44783428,-42.63373,04
32.524582,0.056273226,30.95325,32.042664,34.986298,4.0330467,44.379734,22.786623,21.390516,16.806856,0.20199242,1.2308348,0.012800748,0.08770141,0.3699391,0.35713834,3.7778103,2.1379182,3.8932428,2.5546854,0.0701788,1.3643445,18.602062,0.8270973,-1.2538201,-12.167562,11.683801,0.954338,7.7777452,1.7053238,0.022304282,0.8961899,1.2452048,0.74602073,6.394729,0.61945814,6.0223036,1.6699809,20.550482,0.35606083,703.3457,0.41360036,1204.5979,0.20322995,-123.07526,-0.7456963,1742.5789,0.16802232,960.65814,0.3065551,-118.473595,-0.75361335,2707.0078,0.12123183,936.46173,0.43748593,-120.388084,-0.72481847,-12.121556,-0.46186858,19.079473,0.34857303,0.09792361,0.40482333,-0.012035351,-1.0600657,0.14904532,0.651945,31.678339,0.35136878,-5.530653,-3.107055,16.99625,0.7080677,3.148468,5.2287745,-4.1401815,13.165445,0.057905942,0.009053761,0.008591002,2.777778,1.4150944,0.30833334,0.11363929,0.375,0.44634628,-42.27498,04
33.35112,0.15933113,31.11335,32.09647,35.007763,3.894413,64.1967,46.751694,13.063642,15.726221,0.18966319,1.2282994,0.012449679,0.08899759,0.35148892,0.33903924,2.9068136,1.7550912,2.8996828,2.4817183,0.058816202,1.4134226,14.215237,1.2295561,4.4837084,2.9976766,11.808608,0.785693,4.9421196,2.5212135,0.014713462,1.0389063,1.0669277,0.8578266,7.7695312,0.497788,4.9705496,1.7531531,20.542898,0.43360487,770.3153,0.3584919,1180.2886,0.2789949,-131.76494,-0.66855246,1844.1962,0.1532203,948.9545,0.37569362,-126.702255,-0.67919147,2811.8958,0.11150991,876.17975,0.43625236,-127.97887,-0.66099364,-12.105883,-0.71475005,19.349535,0.5398977,0.0916116,0.45378846,-0.013198245,-1.2384464,0.12469522,0.7337415,27.974085,0.60493815,2.2693288,6.138743,17.491703,0.38925594,1.1400112,14.482732,-3.9745688,12.237283,0.049751427,0.007934373,0.014062464,1.8779343,1.9002376,0.20625,0.087740734,0.29749998,0.41721547,-42.745464,04
32.038578,0.050459202,31.093613,31.738974,33.77033,2.6767159,94.28383,129.38611,20.430983,10.170565,0.14606081,1.132553,0.010713962,0.08164786,0.26781145,0.25709748,2.122835,1.7903888,2.348558,1.4305142,0.03914536,1.3275203,15.309644,1.1991869,5.2100816,2.705366,12.275822,0.82146984,7.475538,1.5944693,0.015155425,1.0661207,1.0545195,0.7661842,8.457934,0.43514988,8.318268,1.6645665,23.68583,0.2864523,716.3453,0.40482116,1269.9419,0.2748936,-125.16005,-0.72430885,1755.136,0.14458814,955.46106,0.37164482,-125.72289,-0.68610317,2788.7913,0.11469732,942.71857,0.36154735,-127.95732,-0.6543685,-15.286116,-0.42252412,22.718449,0.35910416,0.089560814,0.36530253,-0.01134598,-1.0999321,0.0811745,0.67020893,31.526567,0.42804798,3.8010116,4.2390933,18.704832,0.4288621,6.291385,2.572546,-3.093203,11.210216,0.059458606,0.01002766,0.009759758,2.4038463,1.216545,0.338,0.15599999,0.385,0.45113745,-46.153446,04
31.811956,0.08167223,30.656706,31.904875,33.193832,2.5371265,68.649315,57.383358,41.544754,27.050333,0.46854702,1.1517135,0.012485783,0.20732877,1.0118513,0.9993655,8.100196,5.1311126,6.6414547,2.9626238,0.19529492,1.2564548,14.96977,1.1908402,-5.6000586,-2.6106715,13.891145,0.8361948,7.7421165,1.3312817,0.02242212,2.2442272,1.0064933,0.67436606,6.163927,0.5560951,4.3676915,2.041903,14.441677,0.4863855,863.1956,0.31288138,1115.6069,0.31624132,-112.63448,-0.8305049,1850.672,0.14156345,1026.6041,0.25719708,-110.56751,-0.8348345,2770.3787,0.10942065,886.912,0.28915712,-111.55781,-0.81808484,-7.605213,-0.74417526,12.804964,0.47191662,0.068800576,0.6535797,-0.012005851,-1.2253605,0.38994622,0.5864188,29.104574,0.39273918,-12.235015,-1.1603136,18.321676,0.72694826,9.738621,1.299006,-1.2015382,10.880562,0.048522975,0.012577279,0.02229341,1.9417477,1.4742016,0.315,0.13238202,0.29285714,0.40251762,-33.735966,05
31.622225,0.092505366,30.637339,31.484253,33.804047,3.166708,59.767994,55.26685,43.229954,33.810444,0.4556564,1.1716299,0.012564669,0.19774254,1.0452859,1.0327213,7.4997306,4.1308722,8.1299715,4.5937514,0.19089663,1.3280443,17.216265,0.8903466,-3.3084292,-5.0862007,15.538126,0.7159492,6.7947454,1.7175299,0.018195897,1.0620115,1.0597688,0.8122205,5.814584,0.60362685,1.4252872,6.9245033,13.368571,0.5313213,899.6239,0.28897592,1080.1476,0.31923878,-106.92984,-0.89040405,1898.4998,0.12214535,982.1177,0.27524316,-107.11696,-0.8711101,2831.676,0.10042867,886.8697,0.3172301,-108.00451,-0.8556063,-7.372768,-0.68748176,13.693501,0.4137626,0.09392913,0.43874317,-0.012332973,-1.0620341,0.38400117,0.6310248,29.434395,0.37789944,-14.331952,-1.137973,18.554737,0.7437787,4.1016994,3.6590798,-5.086864,13.263705,0.030980518,0.008679346,0.007301764,1.9900497,1.2594458,0.382,0.23953289,0.4825,0.45559713,-33.915207,05
33.46253,0.17357479,30.940258,31.989754,34.31916,3.3789024,178.6683,139.70425,90.43564,112.90146,0.47290632,1.1375538,0.010803588,0.20214257,1.0451467,1.0343431,7.103986,4.381952,7.471414,4.2185445,0.19245268,1.3450383,14.479849,1.3109351,-3.0532894,-5.1372023,9.064111,1.1436112,6.130801,2.0417671,0.018093536,1.2581712,1.0795635,0.81434983,5.991543,0.8604933,2.544231,4.664438,12.9671755,0.65374494,937.0716,0.2603187,1128.9824,0.3681761,-111.47736,-0.8451497,1906.8542,0.13127908,975.3178,0.24010187,-110.28438,-0.84218496,2857.0378,0.10136004,846.05786,0.33659258,-110.701164,-0.82877034,-6.5690804,-1.1035867,14.134788,0.56969315,0.09063542,0.48304763,-0.00826182,-1.9605635,0.38050357,0.7020005,27.10032,0.6719574,-11.534436,-1.5243803,13.843909,0.80782986,5.0997524,3.145642,-2.3928847,11.274446,0.046337493,0.0127388295,0.024489852,1.9900497,1.511335,0.30833334,0.29458538,0.32999998,0.4153713,-33.073257,05
32.454407,0.17179656,30.621391,31.712822,33.129097,2.5077057,247.549,142.16089,120.68988,106.31763,0.44912857,1.0887659,0.014345001,0.23906837,0.9333519,0.9190069,5.922838,3.2406037,6.784205,3.9039407,0.15029244,1.2018477,15.549128,1.1839614,-4.144028,-3.6923072,11.888865,1.0288281,8.404338,1.3292044,0.04983925,2.7185185,0.92878246,0.9012133,5.929411,0.8975271,1.6819757,6.11181,11.668245,0.7708543,931.1863,0.2734942,1101.2084,0.32929647,-111.47387,-0.84709316,1915.182,0.13606326,1031.7588,0.31937313,-109.32126,-0.85657597,2870.072,0.108706474,906.68054,0.2945909,-110.08334,-0.843104,-5.603022,-1.3172433,11.983331,0.6652833,0.098520465,0.40244147,-0.00892813,-1.6546967,0.29283893,0.55803066,27.1861,0.66259223,-13.2137,-1.2076929,17.680742,0.69595724,7.098834,1.9594479,-4.190309,14.52722,0.025807196,0.012013433,0.022465747,1.9093078,1.2077295,0.38799998,0.47071856,0.3483333,0.41285256,-35.219917,05
33.078796,0.09738039,31.309841,32.272152,34.489758,3.1799164,32.19996,3.5264406,41.815678,49.512005,0.61516714,1.1446422,0.021330401,0.3011327,1.3344094,1.313079,11.358399,7.151254,9.406072,4.3111176,0.35666505,1.3434767,14.529113,1.0347645,-6.746792,-2.1112149,12.347561,1.114952,9.169278,1.6177655,0.036094934,0.7686173,1.5171182,0.5793469,1.1656352,3.800123,3.0032375,3.2386887,10.861754,0.62970024,901.9233,0.25454485,1071.9869,0.36966276,-111.91034,-0.8245191,1894.9072,0.1281539,1019.6145,0.23733474,-107.67085,-0.85859627,2822.167,0.08670638,895.28906,0.2666501,-108.156456,-0.84598434,-6.0710826,-0.7972402,11.891722,0.49062732,0.0714656,0.6170699,-0.008935314,-1.9573131,0.70118773,0.6904582,25.849262,0.38680825,-12.989706,-0.9258164,15.14674,1.0857973,14.376922,1.0927974,-2.7044897,11.986837,0.028855927,0.008780493,0.028921546,2.1634617,1.459854,0.32999998,0.32041636,0.33166668,0.40300608,-30.62451,05
31.89985,0.11392433,31.119133,32.126186,34.299683,3.1805496,170.31335,151.16719,48.612152,57.93052,0.5792764,1.1821166,0.019817898,0.21258795,1.2923601,1.2725421,12.809691,5.438293,10.151476,4.474609,0.3039955,1.2453514,14.16583,1.0928004,-6.79832,-2.1127875,14.059021,0.72856396,11.164655,1.2283393,0.039389253,1.5411854,1.3847847,0.5376278,2.5157945,1.6138868,4.054812,3.2998633,9.602587,0.6621228,872.051,0.25127873,1114.5469,0.33984536,-120.9954,-0.7598959,1831.9769,0.10530038,1038.2726,0.25449523,-116.85479,-0.7906715,2759.4346,0.07758859,1018.7552,0.3298622,-117.31762,-0.7828182,-5.099857,-0.980196,10.594897,0.53097135,0.05415232,0.8722372,-0.009716958,-1.654163,0.644491,0.49145454,25.185154,0.4393992,-14.1461935,-0.98795897,17.52095,0.6865877,13.388212,1.1496495,-5.822017,16.074743,0.0026406054,0.010585785,0.040695388,1.9417477,1.7199018,0.24428572,0.14607798,0.2422222,0.38380486,-31.844854,05
32.1557,0.0942378,30.90399,31.96969,34.320694,3.4167042,166.66423,179.76602,1.5516714,15.866497,0.6169726,1.1087222,0.021207007,0.3418449,1.2683065,1.2470995,9.372342,5.6923347,10.233093,5.881681,0.32562333,1.3488253,11.260441,1.604294,-5.6224914,-2.7331698,14.405988,0.8067756,8.22403,1.6145166,0.02717183,0.8687624,1.4204984,0.6714613,3.0168104,1.0921222,3.7586937,3.3433113,9.8203535,0.6257513,893.8816,0.26804096,1052.2866,0.34977585,-120.05604,-0.7641117,1910.8734,0.12226436,952.9225,0.27905476,-115.62924,-0.8006876,2829.4783,0.08383502,885.69507,0.26469517,-116.16577,-0.7918182,-4.6791344,-1.0563158,10.275104,0.5769653,0.07284784,0.55521846,-0.011099807,-1.4780865,0.68259263,0.6521064,24.80922,0.5273412,-13.566594,-1.0488259,18.385014,0.7486646,9.8613405,1.53666,-0.2189519,10.003013,0.041497827,0.010243941,0.04577791,1.9559904,1.7326733,0.24714284,0.14858516,0.30714285,0.39470473,-31.146118,05
32.877518,0.1809914,31.35626,32.104042,34.926853,3.5705929,87.365616,25.679585,0.61914253,30.555738,0.5540819,1.2762499,0.0107434,0.049511116,1.3054419,1.2946985,11.452346,5.9634857,9.072404,5.211963,0.29700062,1.5098448,9.855971,1.6012828,-4.3909492,-3.4176414,12.293169,1.0297788,9.89502,1.2312572,0.03926333,1.4729555,1.2225742,0.577115,1.8555622,2.4852924,3.928724,3.1379924,8.39268,0.83235925,956.53485,0.24460383,994.1068,0.34257725,-127.31703,-0.7103015,1968.4703,0.10619437,922.4328,0.21434635,-122.21843,-0.75737953,2869.2505,0.087734856,965.532,0.27224085,-122.85936,-0.74778616,-2.9923627,-2.199279,7.913213,0.87057036,0.07918895,0.550441,-0.0076881857,-2.1870942,0.70210683,0.6685428,21.232178,0.77627695,-13.174804,-1.2921864,19.317364,0.72333527,13.409234,1.0498854,-1.3087791,9.99269,0.038786683,0.011113928,0.027147658,1.4613779,1.4767933,0.26714283,0.14810365,0.38714287,0.5769059,-31.601204,05
32.14967,0.061209485,30.666014,31.742414,34.37127,3.7052555,35.20411,11.316512,30.421719,12.142438,0.18820249,1.0199325,0.020295586,0.109069,0.36336273,0.34306714,3.3274746,2.5030034,3.197568,1.7651832,0.06459112,1.0972929,16.142881,0.9493727,3.352098,3.5202768,13.314818,0.8669909,3.3602293,3.7936316,0.023885086,0.8018642,1.0278621,0.6803508,7.5085797,0.35646248,5.940017,1.2444816,21.383366,0.37409472,710.85486,0.3557072,1193.4385,0.27247572,-120.10366,-0.75310695,1817.2158,0.14805233,843.19824,0.34197313,-118.375725,-0.7164201,2812.5303,0.092667475,880.13727,0.44191262,-119.49259,-0.69998455,-16.227869,-0.41388166,23.20568,0.3353573,0.046732273,0.9079211,-0.015722843,-0.9640382,0.1253094,0.4305282,28.128696,0.42448765,7.496587,1.5402175,20.896564,0.48412114,4.318092,3.6641057,-2.922205,11.336166,0.053051013,0.00750681,0.011711368,2.6894867,1.4851485,0.31,0.17009802,0.3433333,0.44236735,-43.300327,06
31.700775,0.10911139,30.671875,31.856503,34.42936,3.7574844,31.812695,20.03886,43.18016,31.246622,0.2671175,1.1020157,0.020302543,0.12520677,0.52915114,0.5088486,4.7774553,2.841837,4.973963,1.9998186,0.105000645,1.2221202,17.927172,0.90947956,1.7882735,6.520919,10.858541,0.8664847,9.972799,1.2093549,0.028759388,1.392209,1.1211348,0.6714584,6.4032817,0.5255595,7.523378,1.2810937,23.653057,0.26758027,753.4829,0.32606295,1212.0469,0.26521215,-113.93238,-0.8155524,1757.6593,0.1152572,902.07794,0.2522091,-113.65635,-0.7870073,2830.3296,0.09305679,832.75183,0.45330715,-116.54566,-0.7418588,-13.430386,-0.4575285,21.284979,0.36919317,0.057630412,0.7688992,-0.011082514,-1.3251867,0.20861875,0.55677557,31.191833,0.3782917,-0.73057085,-18.092813,15.223273,0.66487586,6.7028446,2.3035328,-8.604213,19.971807,0.014239689,0.011518885,0.011600631,2.2959185,0.7751938,0.6133333,0.5704579,0.48999998,0.46346518,-38.975826,06
32.14568,0.057428826,30.774925,31.69441,33.390728,2.6158028,92.03605,179.33089,27.902012,10.683554,0.25900486,1.1253464,0.019314233,0.1156005,0.5253307,0.5060165,4.1462827,1.8489326,4.6276956,3.4010868,0.10669745,1.2072554,16.591005,1.062131,5.5187054,1.9640397,14.492553,0.5596791,8.372141,1.5323701,0.024557075,1.039514,1.1324859,0.7407775,7.1871634,0.37849253,4.870527,1.777621,19.105703,0.27838996,745.5043,0.35040352,1218.9309,0.2774723,-120.79887,-0.7575424,1794.0963,0.15899384,937.8857,0.42759424,-119.295135,-0.73118293,2733.811,0.11062347,883.55084,0.44384655,-119.96677,-0.7211716,-14.158637,-0.44264385,20.888233,0.38590592,0.044954427,0.8297211,-0.015490022,-1.0709127,0.20120004,0.58589405,30.65758,0.41263542,2.0000534,5.917296,17.091543,0.5391127,6.961094,2.4138017,-9.732894,19.249,0.00020103391,0.006496361,0.029221643,2.356021,1.061008,0.42249998,0.22785686,0.39799997,0.40784308,-39.130497,06
32.24027,0.07071335,30.927832,31.864965,33.81926,2.891428,121.44214,219.66351,40.71589,36.651627,0.22714667,1.0619228,0.020917816,0.100381784,0.47316527,0.45224747,4.2122316,2.7674577,4.672792,2.6997077,0.088355005,1.1843512,14.922638,1.1761522,2.9767902,4.001574,10.188581,1.0212066,6.9472528,1.6518159,0.043593366,2.773968,1.2067355,0.6698419,7.250098,0.35308716,5.707497,1.4067978,21.078104,0.27413356,752.2197,0.37201023,1277.082,0.25163066,-126.31465,-0.7112818,1794.7043,0.15026319,950.5431,0.29704252,-122.088745,-0.7108052,2760.9456,0.12843867,992.42694,0.4183853,-123.395256,-0.6914046,-14.226045,-0.42888084,21.060003,0.3681426,0.06107356,0.6184297,-0.0139413,-1.0751197,0.17061526,0.5397311,30.063402,0.41731706,2.1585484,5.4858785,16.697031,0.55536604,6.4287124,2.3756845,-0.76805687,9.74672,0.05646859,0.009038807,0.02525904,2.3136249,1.0416667,0.4175,0.43083495,0.41599998,0.41166005,-41.425594,06
32.52344,0.14645755,31.18426,32.11828,35.394295,4.2100353,43.93232,20.571144,118.76091,83.87588,0.31754798,1.1695561,0.0239481,0.14578153,0.62359786,0.5996498,7.0548387,4.097643,7.1855717,3.7449183,0.15838906,1.3839678,16.047735,0.7211562,2.645267,4.615357,11.398618,0.87881666,12.33004,1.085049,0.070480786,2.003404,1.7179052,0.7738345,5.6468306,0.5662556,5.314388,1.5822293,18.34952,0.47893807,707.50116,0.38710263,1212.945,0.2689757,-127.23942,-0.71042824,1738.1571,0.15186729,905.1017,0.40063167,-123.51795,-0.71302885,2767.3066,0.10087355,932.9817,0.39682066,-124.77218,-0.69437486,-13.523409,-0.44664392,19.817785,0.3719896,0.030934695,1.474274,-0.012924055,-1.2748936,0.34629562,0.65727955,25.77724,0.39484367,3.9494245,2.5039344,16.973743,0.51463085,10.291947,1.67549,-8.399384,18.693893,0.0077943453,0.01019971,0.022256594,2.255639,1.0152285,0.4125,0.33729622,0.44,0.43252745,-35.92058,06
32.44086,0.16897896,30.017727,32.38139,35.292156,5.2744293,64.22225,45.577156,74.29897,54.780247,0.353018,1.2054507,0.027245125,0.17760772,0.68123436,0.65398926,9.960835,5.6609907,6.9260235,4.6863494,0.19573946,1.3953366,16.172832,0.8011504,-0.015132833,-716.8832,14.099923,0.68542427,10.142001,1.404133,0.09034182,2.0110621,1.645019,0.70081264,4.22777,0.88617736,4.963805,1.9964424,16.235054,0.5235291,765.6012,0.34458506,1120.926,0.3249856,-119.696434,-0.7613023,1793.8141,0.121635,885.2416,0.42705274,-115.3718,-0.77222115,2769.7415,0.08967161,886.746,0.34937218,-116.2545,-0.7591174,-11.37369,-0.60188353,17.801533,0.45770973,0.031227171,1.627534,-0.014838157,-1.2553717,0.3963919,0.734594,24.484446,0.5252484,-0.9087634,-12.542258,18.397238,0.56349427,8.022667,2.309311,-8.607464,17.53178,0.011329637,0.009742994,0.024023777,2.777778,1.534527,0.29333332,0.16579773,0.24875,0.38008016,-34.819153,06
31.868414,0.10081134,30.806488,32.1774,33.565952,2.7594643,76.51377,38.99585,105.81305,134.75949,0.33175912,1.2590127,0.021299176,0.0773218,0.7518458,0.7305466,6.219474,2.8460474,6.4612117,3.9601657,0.17775832,1.4733135,14.568057,1.0229498,1.6258044,7.933401,11.561988,0.85519594,5.232949,2.8413167,0.044908985,1.1827646,1.2814556,0.6755914,4.008412,0.92984426,3.4400232,3.2694564,16.664078,0.3518786,791.1074,0.3021398,1180.4281,0.23499058,-130.00893,-0.687517,1806.5096,0.12321872,890.1072,0.23120779,-126.878204,-0.6877351,2770.4207,0.087918565,845.54034,0.34312657,-126.51764,-0.6927045,-11.670302,-0.47001725,17.846174,0.3609874,0.06585142,0.6868932,-0.018741488,-1.021962,0.41890445,0.6312391,26.591188,0.5582686,-1.1953366,-12.696093,15.519179,0.59068525,-0.8593553,-22.62153,-6.473803,15.251937,0.017886396,0.008382502,0.015363869,1.7412935,1.2594458,0.31599998,0.2764489,0.38,0.37912178,-34.89014,06
31.997707,0.079264745,31.051945,31.747473,33.393555,2.34161,306.26862,507.7667,39.899498,24.93251,0.272003,1.29822,0.017716834,0.06848058,0.5347671,0.51705027,6.0256968,3.9775395,5.765847,3.4262319,0.14281562,1.5241973,14.93823,0.9482756,6.7091575,1.8852403,14.392695,0.6721262,12.246894,1.2776116,0.03965193,1.1325268,1.5192635,0.5137436,5.3377633,0.6064977,5.6122274,1.934793,18.848906,0.2737897,742.5942,0.39225945,1184.0304,0.23865464,-127.15099,-0.70772797,1797.7794,0.15494098,871.48773,0.33286688,-124.77073,-0.69452983,2791.1487,0.095140405,800.0115,0.22361597,-124.966995,-0.6914788,-13.484606,-0.51676965,20.549385,0.40421307,0.058163404,0.81112844,-0.01605531,-1.0775851,0.31918693,0.7530925,25.381477,0.543633,5.7638865,2.470712,17.85322,0.53860945,6.896591,3.0358753,-12.575508,23.322153,-0.0062972996,0.008731122,0.01602141,1.9417477,0.9828011,0.42749998,0.25733003,0.454,0.37483862,-37.048584,06
44.301212,0.028036622,43.640488,44.13284,45.371693,1.731205,13.125431,3.9821627,11.433832,4.2303824,0.67192394,0.977012,0.029733852,0.5157119,1.304112,1.2743781,9.679629,6.0945745,10.144827,6.3352666,0.26292652,1.1791604,13.7769165,0.8453146,-6.3867283,-2.021863,-0.78981596,-17.428627,-18.683958,-1.1853448,0.012666268,1.5211303,0.7503723,1.2321123,13.819258,0.4046337,11.425876,0.5213115,15.522742,0.5571697,565.3437,0.5038913,1257.2457,0.2842561,-145.63173,-0.56546104,1596.4822,0.22149746,886.6178,0.4103515,-96.90267,-0.9167519,2728.8809,0.100654624,693.84937,0.53141856,-100.750984,-0.84674186,-12.588366,-0.56516594,22.1057,0.3507185,0.1652347,0.1756323,-0.008354306,-1.1623915,0.45474157,0.6307389,20.221752,0.4869833,-11.5741625,-1.0356326,-6.1709414,-2.5834355,-33.14092,-0.51566374,-3.347819,14.416811,0.051512122,0.0061641308,0.007818392,2.2357724,0.41067764,1.395,1.375,0.6766666,0.40876505,-26.722157,01
44.324432,0.027044768,43.628456,44.120888,45.76254,2.1340828,21.854803,18.373896,10.07419,4.3997426,0.7087695,0.9920447,0.01481468,0.55380917,1.4738989,1.4590842,6.492649,4.145126,10.541451,6.4105935,0.2647678,1.2001426,15.497916,0.72338647,-5.424731,-2.5885308,-3.33157,-3.7332046,-19.135317,-1.2689328,0.010248255,1.7040676,0.61784047,1.0644453,14.593823,0.32007018,10.472365,0.57708,17.115952,0.48866162,563.14874,0.5661982,1301.2126,0.29220203,-146.32169,-0.56285864,1515.1235,0.2407141,931.56757,0.38951573,-98.55125,-0.9112898,2707.697,0.101698,665.6755,0.55372417,-103.5285,-0.823015,-11.959622,-0.5335081,22.264153,0.32150027,0.16622078,0.170335,-0.007974495,-1.2165415,0.46640015,0.6386528,21.202766,0.44795752,-13.623945,-0.88860977,-7.300203,-1.9380928,-36.143757,-0.47131684,-6.1084094,18.439547,0.032288563,0.009961535,0.012341062,1.8404908,0.41322318,1.3399999,0.76,0.52,0.49512622,-26.323376,01
44.12496,0.045963768,43.642746,44.092354,45.549774,1.9070282,36.996048,11.151348,2.6646914,2.2972274,0.58923936,0.9961165,0.02498018,0.4410187,1.1180311,1.093051,6.775532,3.4477606,9.784743,6.677894,0.21095525,1.3444134,14.372758,0.84810007,-4.5009665,-3.2542503,-0.9068684,-13.90747,-20.76739,-1.0154588,0.010031561,1.7188449,0.62927896,1.1598891,14.018455,0.44766906,12.451022,0.6776723,16.40485,0.5551805,637.7067,0.49202007,1218.7118,0.2633643,-130.75334,-0.6726831,1702.7584,0.2309211,948.89575,0.47016737,-99.95526,-0.86258954,2770.7808,0.116517104,721.2877,0.39040935,-102.25478,-0.82203346,-14.010605,-0.5041041,23.667099,0.35871083,0.16475412,0.19143115,-0.009753111,-1.0270306,0.36612314,0.8008648,20.53291,0.58728707,-8.14882,-1.6209723,-5.445524,-2.5621185,-34.75699,-0.48651108,-4.525846,15.71779,0.04733045,0.005872144,0.0077475277,1.4705883,0.6369427,0.8933333,0.5925275,0.65,0.4387102,-27.411188,01
44.1441,0.030030768,43.595318,44.092907,44.554203,0.9588852,32.548595,31.45974,15.2110405,16.156326,0.6075672,0.96470606,0.024524942,0.5339601,1.1612767,1.1367518,7.460566,4.38758,7.373745,4.3007007,0.22456147,1.2687479,14.875346,0.84770304,-5.4302406,-2.5613122,-0.23720962,-57.784737,-20.492922,-1.0573659,0.010872237,1.8766292,0.63957226,1.1444775,14.307751,0.3799926,12.35575,0.45187116,17.00334,0.53510326,624.516,0.48808536,1210.4191,0.2554921,-133.80965,-0.65129346,1678.9923,0.22834423,887.0752,0.51633954,-100.73923,-0.8609681,2754.8213,0.12368577,741.2663,0.4159821,-103.258286,-0.81609637,-13.242231,-0.5436988,22.946575,0.3399281,0.16540107,0.16058284,-0.010294839,-0.89580023,0.39407665,0.71360195,20.914015,0.58585405,-10.262964,-1.3171608,-5.270568,-2.8464131,-36.197273,-0.40191862,-4.1615844,14.719311,0.038605615,0.00817228,0.008564319,1.6460906,0.6237006,0.90333337,0.70277226,0.5075,0.47751307,-27.517103,01
44.72279,0.037262145,43.53466,43.998516,46.86714,3.3324814,35.909958,45.771885,13.905657,7.810641,0.6181828,0.96520686,0.038497984,0.44477522,1.2437221,1.205224,8.235084,5.0474405,9.6404505,5.5901885,0.2377568,1.2416704,10.968827,1.167126,-11.9835205,-1.1074805,-1.0747594,-14.055413,-21.389997,-0.82701534,0.010388167,1.4402347,0.7165801,0.96348137,13.3119755,0.42617235,11.29937,0.4401036,15.015938,0.5253974,667.08954,0.50130063,1199.7202,0.27214238,-129.29565,-0.7016001,1681.7443,0.20622517,922.0332,0.49434724,-100.51366,-0.88924,2791.3206,0.106738016,641.6118,0.39476466,-103.326935,-0.8394508,-10.992078,-0.63795036,20.258614,0.3538883,0.16119142,0.1511906,-0.00647115,-1.4324318,0.42160183,0.68452865,17.88786,0.5335013,-17.21875,-0.60693204,-6.934061,-2.0414412,-32.748703,-0.44608235,1.839853,9.415897,0.048031397,0.0066904225,0.014656314,1.6260163,0.61601645,0.89,0.8915529,0.53249997,0.49058002,-28.173046,02
44.747475,0.04060337,43.538235,44.077015,47.3079,3.7696648,19.959806,6.1556597,10.286643,7.8038425,0.6302214,0.97345114,0.030922258,0.4730299,1.1760863,1.145164,5.8774123,3.687377,10.403855,7.4571767,0.25450507,1.2556278,12.567524,1.0189649,-9.676795,-1.3808062,-1.9391446,-7.312119,-19.048271,-1.1835005,0.009532949,1.4490297,0.65740365,0.92904,14.096959,0.34345654,10.686856,0.51185954,17.421572,0.5478351,595.5625,0.5024488,1261.8552,0.23868841,-142.87671,-0.5966523,1579.4678,0.22020052,948.5888,0.32576412,-100.009026,-0.89691234,2729.5142,0.10456562,703.106,0.47927013,-104.48179,-0.8181738,-12.364975,-0.6018233,22.010136,0.34256798,0.16254395,0.16416316,-0.010282075,-1.0147002,0.44678277,0.71575373,19.940878,0.50090325,-14.664033,-0.8196632,-8.702073,-1.7900515,-35.49497,-0.43754852,-1.405221,11.458408,0.05273155,0.0009845321,0.021869602,1.6129032,0.610998,0.9,0.9192751,0.53499997,0.4928742,-27.934423,02
44.624645,0.041313544,43.536022,43.993706,47.162727,3.6267052,16.204298,9.915113,12.455952,4.760849,0.61068094,0.9800113,0.030854717,0.5185369,1.1172181,1.0863634,6.0605345,3.7172084,9.765248,8.5836935,0.24337813,1.4583652,13.852702,0.91024745,-8.203988,-1.857873,-1.7387116,-6.779686,-20.183126,-1.1418895,0.009044924,1.4253025,0.5964276,1.0882422,14.773453,0.3058963,9.615277,0.5476565,16.141657,0.5265529,639.25037,0.5111096,1244.8011,0.3082376,-138.30461,-0.6169563,1615.453,0.22949313,916.525,0.43629065,-98.60666,-0.8894547,2789.4338,0.104096614,597.994,0.48668405,-102.118935,-0.8287121,-13.085691,-0.55263186,23.40449,0.33815143,0.16432582,0.15179883,-0.00853496,-0.99977815,0.41939893,0.92020994,19.45038,0.58285075,-12.467432,-1.005371,-6.713851,-1.8296633,-36.45697,-0.44754058,-3.2962217,14.760466,0.04824696,0.0060794596,0.010990607,1.3833992,0.3992016,1.43,0.84999996,0.7,0.41012192,-27.874039,02
44.607197,0.04438742,43.470314,44.016006,47.022194,3.55188,19.358253,18.904812,5.7848797,8.557893,0.63935626,1.0252788,0.034606613,0.54520845,1.1626608,1.1280543,7.811935,4.2751255,13.3919325,11.911515,0.2766259,1.4523807,10.438595,1.5398296,-6.587269,-2.579209,1.6466172,9.465432,-20.605394,-1.0535098,0.007881046,1.3620702,0.6301969,1.0093822,13.940184,0.3785863,10.142199,0.62820697,16.38632,0.5666565,624.0649,0.5596991,1149.11,0.3196358,-143.29034,-0.574172,1633.1611,0.23505008,857.8974,0.38584363,-99.05681,-0.8938122,2792.3413,0.11408175,655.9613,0.44932383,-103.19859,-0.8211622,-12.0702505,-0.6536257,22.767015,0.3685711,0.16293305,0.18876335,-0.009603134,-1.0036806,0.48114547,0.9095227,19.417984,0.6293687,-13.606759,-0.9607933,-6.628184,-1.8038461,-35.22546,-0.4809504,0.2986688,9.300348,0.036566336,0.00707024,0.015949598,1.4028057,0.60728747,0.92333335,0.86876667,0.525,0.45675486,-26.932533,02
44.76271,0.03952036,43.601624,44.130257,47.182064,3.5804405,23.90369,16.367,44.978928,66.61474,0.5435081,1.041783,0.02471703,0.38897726,0.9968299,0.9721129,7.233795,6.1380954,8.604538,6.628945,0.23094021,1.3883386,14.0192,0.89039254,-8.205789,-1.7080121,-1.3524816,-8.857489,-17.009281,-1.42669,0.008620391,1.6227039,0.6886582,0.9184926,14.2667675,0.28696436,11.076813,0.47252616,16.425385,0.5042007,605.95996,0.4795395,1198.0385,0.27003336,-144.23624,-0.57708764,1668.4663,0.2445012,823.978,0.39807737,-105.24367,-0.84149796,2794.5286,0.10572532,693.9178,0.44262543,-108.49358,-0.7867299,-13.042461,-0.57272196,21.87183,0.38725743,0.16672665,0.1477028,-0.009509538,-1.0981164,0.41548494,0.8321993,20.195566,0.4838159,-13.616957,-0.8758369,-6.0420766,-2.200443,-34.782604,-0.5228259,-2.1202288,14.9485235,0.050386794,0.0045247437,0.026220504,1.953125,0.591716,0.8866666,0.836753,0.46199998,0.48975095,-29.186615,02
44.676155,0.041263133,43.451595,44.17167,46.44986,2.9982643,20.817232,13.990699,22.655237,22.85303,0.6544782,0.9586317,0.029824667,0.5240444,1.1819032,1.1520786,7.022199,4.757711,11.099523,7.936871,0.27317548,1.246619,12.541915,0.97673345,-11.390319,-1.255405,-0.04388464,-318.80087,-19.769846,-1.0935142,0.011158295,1.4431775,0.66636753,0.894607,13.649919,0.33965993,11.184102,0.4713542,15.447676,0.53443986,648.6249,0.48458445,1228.7611,0.34153587,-130.26392,-0.6788672,1699.8523,0.23216829,934.67426,0.42021823,-94.852516,-0.9280556,2778.7449,0.11432411,689.6088,0.42632616,-97.377884,-0.88137466,-12.281773,-0.56454295,20.999004,0.38150066,0.16409078,0.13450876,-0.009215348,-1.194866,0.4482178,0.77779835,18.80318,0.5100745,-14.456941,-0.74045736,-5.9041853,-2.5477152,-32.347893,-0.5658846,-1.1648351,10.24898,0.040710382,0.0025654554,0.030842418,1.6791046,0.3787879,1.55,0.83,0.71,0.46911266,-28.378256,02
44.48698,0.04479919,43.24106,43.962048,47.053577,3.812519,17.832476,10.029479,27.615597,26.337471,0.64363,1.0426657,0.023973575,0.54569036,1.1960068,1.1720332,9.4653845,4.506023,12.164618,10.796008,0.29069373,1.2915294,10.163689,1.5044163,-4.6455784,-3.095941,2.4108932,5.209933,-20.234098,-1.1517147,0.011228766,1.5404409,0.6609638,0.88287735,13.71921,0.34837532,9.013209,0.59192544,14.78355,0.64093006,604.72815,0.6002205,1084.6378,0.34174246,-149.32079,-0.5266389,1592.6906,0.26936525,721.2781,0.3365564,-100.4386,-0.8882949,2789.0781,0.12704481,519.4263,0.735174,-104.31264,-0.82111466,-12.375443,-0.5986316,22.676386,0.37812585,0.15725464,0.19202574,-0.007187002,-1.295407,0.51393825,0.7325027,19.014957,0.5868112,-13.093415,-0.9848278,-3.1570463,-4.156445,-36.283295,-0.50532067,-3.012019,10.934416,0.042941686,0.010929316,0.015355086,1.6129032,0.407332,1.36,0.69,0.71333337,0.4057366,-27.234348,02
44.663475,0.04169938,43.46212,43.96862,47.355583,3.8934631,19.270393,8.453965,20.50364,33.565495,0.56226146,0.98711413,0.024146968,0.50251585,0.9970293,0.97288233,6.2402754,4.3759475,6.832452,5.085182,0.21165942,1.1967223,13.347318,1.0222224,-5.912467,-2.5346677,-3.7469926,-3.6076968,-19.188044,-1.3873565,0.007915215,1.4337534,0.5419893,0.9398105,14.984804,0.29159865,8.928163,0.729321,15.83258,0.48534104,570.81506,0.5721282,1201.9712,0.27777177,-149.5608,-0.5296974,1563.7673,0.25769106,823.96533,0.36467075,-95.91252,-0.93157953,2789.6033,0.09798306,590.90515,0.5712516,-101.223,-0.8350515,-13.46297,-0.57937586,24.587097,0.32379475,0.16236658,0.15691374,-0.007975299,-1.2318025,0.35215354,0.71050763,20.56581,0.49944323,-9.827352,-1.3034732,-9.182847,-1.4876549,-37.603737,-0.5013148,-2.1867468,15.632691,0.03722249,0.011227824,0.022382488,1.4925374,0.37664783,1.53,0.91999996,0.73333335,0.38473654,-28.60376,02
44.573036,0.072469994,43.111378,43.993973,47.07694,3.965561,137.63254,70.160034,19.644217,4.3826118,1.0540156,0.9664313,0.07023162,0.77291906,1.9765968,1.9063652,11.455294,8.926862,17.459833,13.575101,0.56873965,1.1443557,6.899872,2.320347,-15.602866,-1.0654635,10.407437,1.1153216,-25.591377,-0.8837545,0.024812644,2.0308483,0.82940453,0.86527544,10.868899,0.53270036,8.071856,0.93862325,9.47595,0.93799317,710.3816,0.528391,987.42926,0.34626773,-120.729485,-0.7470837,1782.3097,0.25262997,696.76685,0.3847809,-87.496635,-1.0058018,2832.7986,0.13046208,653.1802,0.5611493,-88.92632,-0.97583467,-7.9511237,-0.93789816,15.22112,0.49999708,0.15371436,0.19134834,-0.0072339904,-1.1570823,0.9133579,0.67510355,16.329565,0.6663003,-23.228294,-0.68635815,7.269734,1.728231,-37.636826,-0.5500429,6.647022,0.4453371,0.054105558,0.012505756,0.023233814,1.7578125,0.591716,1.04,0.98254764,0.47,0.4551373,-23.828596,03
44.75244,0.08378742,43.341125,44.20901,47.15752,3.8163948,77.82109,35.488937,33.499763,34.976547,1.1290752,1.0007945,0.03176615,0.8230211,2.0647974,2.0330312,16.527994,12.284357,20.56126,12.4163,0.63280034,1.303889,10.487837,1.019394,-16.60371,-1.0036721,5.7095523,2.3465543,-19.780071,-1.3167294,0.020762403,1.9624255,0.78881794,0.9289353,10.763381,0.5980236,5.890271,1.7897668,7.5959334,1.3358158,679.1993,0.5439008,1047.1532,0.36403,-127.35073,-0.6883329,1744.4796,0.25111553,784.8081,0.2888324,-88.921104,-0.9986029,2819.0103,0.122565806,708.05383,0.56765664,-90.20799,-0.97085047,-6.9187436,-1.1872065,14.938304,0.48664454,0.1518517,0.20213357,-0.0066138944,-1.5244259,1.0278634,0.83770275,15.18029,0.64129895,-23.181313,-0.6286809,4.264198,3.8037379,-35.183594,-0.6136893,0.30609477,12.378485,0.045246594,0.007446171,0.041694168,1.7928287,1.0060363,0.594,0.49143055,0.376,0.31531572,-23.098772,03
44.11217,0.07830208,43.334145,44.049862,44.90154,1.5673943,203.29262,210.05576,26.674469,34.519962,1.0278078,0.9674876,0.07136052,0.8415201,1.9246802,1.8533198,16.05944,12.068163,15.096639,12.22551,0.5429195,1.3139728,10.062979,1.5422592,-11.412034,-1.4283801,2.1767008,5.0725565,-26.174255,-0.9645879,0.018280352,2.4022648,0.6760152,0.96770054,12.633632,0.423726,7.843665,0.81290835,13.882419,0.71573776,638.57587,0.58027744,1091.9742,0.31613278,-132.09837,-0.65634966,1639.1442,0.27230698,785.675,0.3785888,-89.46264,-0.993312,2768.4653,0.13210031,632.71747,0.6929647,-93.01725,-0.9236725,-10.567973,-0.7441465,19.733168,0.4565704,0.14876258,0.18081048,-0.011072721,-0.8304917,0.88816816,0.82958126,18.29399,0.57766193,-17.289516,-0.9078675,-0.19294967,-61.221676,-39.47612,-0.574638,1.5544441,7.02939,0.052511614,0.0049829693,0.019387012,1.8552877,0.5617978,1.0699999,1.0124557,0.515,0.42646804,-22.574808,03
44.6584,0.05602644,43.304886,44.111668,47.090813,3.7859268,41.28973,24.09313,36.28523,31.537128,1.0671542,0.99547887,0.045346107,0.79328704,1.9610336,1.9156874,16.278843,8.788448,14.596668,10.9964695,0.5983921,1.2995505,10.312711,1.1092951,-15.664532,-1.168369,6.2950587,2.0650632,-22.813675,-1.0996609,0.019015487,1.7972622,0.8113392,0.89432156,11.007771,0.53331685,6.2954087,1.0716231,9.871635,1.0839345,692.6864,0.53638476,1016.7146,0.42004448,-126.27611,-0.6899782,1729.1934,0.25767776,812.41785,0.47011852,-90.41382,-0.9848389,2778.8286,0.12058708,622.96436,0.54749346,-92.728424,-0.9387295,-7.681605,-0.9209913,15.941538,0.4748677,0.15187985,0.19324508,-0.006638641,-1.3349198,0.99701,0.7944465,14.866112,0.7395148,-22.111923,-0.7378114,3.6937044,4.018615,-37.30218,-0.5867295,-1.3154411,11.931465,0.05797192,0.0026892372,0.016591424,1.7928287,0.6048387,0.9766666,0.91156757,0.48,0.4268489,-23.108229,03
44.93452,0.07415358,43.087223,44.199234,47.865494,4.7782707,40.04638,21.378181,-19.096785,38.16045,1.2115586,0.9574364,0.024157263,0.9468118,2.2640135,2.2398562,16.744938,15.539572,13.310135,7.0145407,0.7745185,1.145829,9.3625965,1.0757394,-14.751866,-1.2421415,8.43531,1.5541575,-19.51585,-1.1860814,0.021419855,1.5778303,0.87180233,0.9049002,9.83239,0.5910633,9.797597,0.6772883,8.151819,1.2385967,689.64636,0.51977706,946.5318,0.3645733,-131.54059,-0.65849835,1780.7156,0.24962215,742.58514,0.4122329,-92.51635,-0.9612843,2780.5403,0.1374917,676.5462,0.35906628,-92.852264,-0.9535152,-7.1525254,-1.0964514,14.4924,0.5420875,0.14327534,0.2181229,-0.008801994,-1.1008302,1.2562411,0.6798907,13.859003,0.70214915,-23.517822,-0.6808521,6.599559,2.338262,-33.713104,-0.5791831,-1.6272118,10.994891,0.0432754,0.0013257604,0.09846515,2.419355,0.814664,0.7175,0.86006904,0.39,0.42190042,-22.925837,03
45.27907,0.07346871,43.406036,44.158413,47.698063,4.2920265,90.27029,85.203575,32.259495,70.49715,0.9302233,0.9856234,0.019169243,0.65120363,1.8406445,1.8214753,15.228591,8.123032,13.641805,6.629631,0.5518602,1.2744915,9.720272,1.1757987,-9.886328,-1.9859521,6.2091475,1.9753773,-16.973595,-1.4502052,0.01556848,1.6878638,0.8342679,0.9764136,11.486006,0.4841811,6.292232,1.1686217,8.80368,1.0405872,718.7922,0.48646352,1050.8793,0.36257264,-134.45302,-0.62992865,1796.6155,0.24301769,827.61163,0.36011168,-97.492004,-0.91181016,2842.884,0.115928054,838.1552,0.6422673,-98.938736,-0.8842147,-7.917543,-1.1923728,16.035442,0.5609406,0.14881524,0.2087449,-0.006218061,-1.6308985,0.9430312,0.7650416,16.027761,0.6515243,-21.906172,-0.6450557,2.9259763,4.9956207,-33.71316,-0.57326835,-4.4255314,13.122305,0.029837124,0.005047024,0.06295111,2.1008403,1.4893618,0.36857143,0.31647292,0.28,0.38707694,-23.75307,03
44.488567,0.059492577,42.65873,43.93928,47.56258,4.9038506,53.068893,29.962093,30.500095,17.574598,0.94740844,1.0576394,0.0127781145,0.6187392,1.8522549,1.8394767,19.983437,11.040265,15.1521,9.736244,0.64178324,1.4437686,9.452727,1.2892914,-9.135282,-2.1918306,5.6861906,2.271299,-14.363514,-1.6459655,0.024679448,1.2852186,0.9396682,0.75514007,9.957962,0.62147665,8.372054,0.86793864,8.336468,1.3532181,720.32184,0.5002336,1046.3878,0.35101303,-128.57678,-0.67418563,1757.4138,0.22555126,809.9537,0.41138166,-94.54896,-0.9393899,2799.0645,0.12616576,729.8889,0.43811402,-95.82687,-0.91396207,-8.597925,-1.0133696,17.116783,0.49245104,0.14271547,0.22039914,-0.0058346787,-1.623818,1.088926,0.9221781,15.114696,0.7626252,-19.660355,-0.9176992,4.3747816,3.467858,-29.939465,-0.62745094,-4.908234,15.539804,0.031481724,0.00640681,0.029738728,2.0876827,0.8438819,0.6825,0.61694306,0.384,0.36674786,-22.711243,03
44.763004,0.102186434,42.81717,44.31651,47.44062,4.623451,177.87491,190.22034,94.001175,107.330025,0.96971333,1.0873497,0.015396099,0.5162338,2.1036775,2.0882814,16.56525,11.122204,17.466938,9.866243,0.66682535,1.3335804,9.246147,1.1851848,-8.729529,-2.3581212,4.385845,2.6319327,-15.634765,-1.4172817,0.025679752,2.5178225,0.8964692,0.7725508,9.537002,0.54917514,6.9323435,1.0634688,9.685588,1.1132624,845.5268,0.4035053,995.0935,0.3921664,-118.962326,-0.75244397,1927.1324,0.20307359,844.4029,0.44829205,-98.52595,-0.9034059,2926.3967,0.10781334,820.3523,0.41917476,-99.058655,-0.8907823,-8.02415,-1.1103224,16.586823,0.54180104,0.1425686,0.21500722,-0.005903544,-1.4060708,1.1729127,0.7793642,14.633963,0.7285676,-20.341442,-0.89084804,3.146209,4.4517684,-29.083883,-0.68663204,-5.526672,14.992071,0.032810967,0.0060604224,0.034851152,2.7896996,1.0845987,0.51,0.6663933,0.38799998,0.39453262,-23.885578,03
44.43005,0.034061305,43.617203,43.9983,45.234142,1.6169395,20.311245,13.8168545,11.276115,5.6410637,0.4601244,0.9017971,0.018347558,0.4126542,0.88945174,0.8711042,4.468519,3.1007955,5.478186,3.986168,0.16392674,1.1267467,13.779649,0.9793023,-0.85947996,-14.318405,-2.3687148,-6.9148054,-20.378386,-0.99020976,0.01023771,1.4707046,0.64131,1.0668318,14.510564,0.30788332,10.808422,0.5984802,19.750095,0.38583317,684.5201,0.42580956,1358.6469,0.279424,-123.31112,-0.7237766,1654.6836,0.21781823,966.14343,0.33876166,-97.846596,-0.8995242,2848.6516,0.09128261,649.77686,0.4224784,-103.21493,-0.80514115,-14.150609,-0.4917846,24.815977,0.3218378,0.16570027,0.15342024,-0.010807995,-1.0289123,0.27885756,0.60405993,22.181028,0.40469527,-7.8818674,-1.2476984,-11.727205,-1.2534448,-33.909954,-0.43941805,-5.4342732,12.991277,0.025015656,0.0041114395,0.011715508,2.1194606,0.5836576,0.9766666,0.98537076,0.53499997,0.5028171,-31.329039,04
44.350464,0.033135504,43.39245,43.882442,45.780228,2.3877792,23.226608,19.617874,7.0524836,4.5320764,0.4327602,0.93742526,0.031911194,0.38802323,0.80920315,0.77729195,5.255639,3.4858842,6.2533507,3.5592313,0.1531506,1.3461207,12.406266,1.3930497,-1.5213723,-8.052633,-0.68765646,-24.051308,-20.831892,-0.9985204,0.01332691,2.7876096,0.66955733,1.2125429,14.617896,0.3538611,10.212918,0.6000674,18.59882,0.54434353,557.7966,0.5190289,1319.8601,0.29153624,-143.14227,-0.585008,1567.9988,0.23572145,949.30554,0.42481706,-99.33652,-0.8810706,2731.4812,0.11080691,804.82806,0.35743883,-104.13684,-0.7985239,-14.962635,-0.4936435,25.92926,0.36858696,0.16037326,0.18791367,-0.011925319,-0.71675986,0.25963154,0.84520495,23.476624,0.41990665,-7.413901,-1.5685806,-9.17168,-1.7592835,-34.912056,-0.4164706,-0.66987884,8.618286,0.037572786,0.009286455,0.014694648,2.131783,0.5870842,0.9633333,0.9523771,0.53749996,0.5148968,-31.567596,04
44.455784,0.035431862,43.49769,44.068,46.31662,2.8189316,16.562704,5.107967,3.3642387,3.1628516,0.41720504,0.9680417,0.018768303,0.37938362,0.772975,0.7542067,5.303691,4.076089,4.9874086,2.4114194,0.1605146,1.4101254,12.778006,1.3567967,3.159809,3.8483222,-0.11800326,-135.81003,-18.914183,-1.1387254,0.008514486,1.4952704,0.6904206,1.1164423,14.68106,0.36144876,10.121125,0.60774064,17.561464,0.6099215,530.5513,0.5410736,1238.4331,0.26521707,-151.73079,-0.5190604,1548.4606,0.22723131,863.7946,0.4749233,-103.96386,-0.8318134,2724.7932,0.09702084,676.4934,0.42056894,-108.47624,-0.7582904,-16.380604,-0.5268386,27.945204,0.37250528,0.16423628,0.19344246,-0.011687019,-0.9020512,0.28230867,0.86963975,22.92373,0.5797448,-2.4264135,-5.0858717,-7.760633,-1.8342365,-33.987705,-0.4545655,-5.029886,12.896413,0.030434944,0.007291834,0.01397188,1.7578125,0.7889547,0.69,0.6497307,0.444,0.4517787,-29.9531,04
44.738297,0.033182006,43.73686,44.157276,46.78462,3.04776,16.639225,13.720238,11.840208,9.833077,0.31497267,0.9585542,0.013494608,0.31091708,0.5948809,0.58138627,5.2296376,3.820592,3.9869883,2.6811924,0.12716903,1.337595,13.934614,1.155441,3.789038,3.1260087,0.1520078,91.233154,-16.82255,-1.246272,0.0107698925,1.5496233,0.6743349,1.0845598,14.783836,0.36520302,10.642497,0.59,18.767254,0.5142856,698.3784,0.42889977,1249.9012,0.28252554,-131.18182,-0.65948296,1761.4095,0.20578817,1035.7191,0.48792744,-108.80387,-0.77331114,2871.1763,0.11496814,825.29376,0.47230834,-111.6354,-0.72773814,-17.979784,-0.51440734,29.545567,0.371736,0.16594434,0.15710783,-0.011746693,-1.0200547,0.22789286,0.78019047,23.98685,0.51607853,-3.1748853,-3.474713,-7.9190364,-1.3668789,-32.20429,-0.46085423,-6.747547,14.429979,0.032800082,0.006998343,0.011217372,2.3715415,0.7984032,0.66749996,0.7182053,0.45,0.47019145,-33.31887,04
44.483818,0.038125467,43.32451,43.943993,46.06305,2.7385406,13.458782,4.8892956,40.360718,59.457695,0.38274598,0.96974605,0.034484,0.32179445,0.728954,0.69447005,6.810161,5.5632367,4.468285,2.7775972,0.15460889,1.313322,10.867671,1.6423744,-1.6880351,-6.924196,1.8505731,8.23253,-18.277527,-1.1414666,0.009126425,1.3510232,0.64971733,0.9716438,14.271828,0.3376711,11.905924,0.5909486,17.914478,0.66693366,624.20526,0.49462658,1248.3784,0.2827424,-143.6836,-0.56468534,1670.7365,0.23336525,947.0857,0.4294042,-109.53438,-0.7828108,2805.1467,0.12328141,801.81464,0.5646293,-112.1336,-0.7423245,-16.210337,-0.5268455,26.398876,0.38270086,0.16010459,0.18865494,-0.011764929,-0.95735765,0.27774552,0.7733149,23.316877,0.4768539,-7.7151823,-1.4354905,-5.039484,-3.0148313,-32.52024,-0.56593794,-0.8004528,8.196301,0.041018713,0.00988084,0.022540534,2.6119404,1.1299435,0.45333332,0.6300705,0.4083333,0.45550033,-32.186638,04
44.791744,0.055382784,43.26642,44.002914,46.51412,3.2476997,134.27855,173.69113,29.922287,40.557785,0.5686427,1.0971706,0.021654418,0.38642564,0.9965243,0.97486985,8.213132,5.954501,9.399304,5.497781,0.30934498,1.5479044,7.8983326,2.0981965,-3.6437032,-3.5441859,3.7416139,2.9934828,-15.122316,-1.3297467,0.019866485,1.0517462,0.8872049,0.72454005,11.261861,0.54968,11.152258,0.76669383,12.60034,0.8790937,739.70483,0.42386308,1013.55536,0.38013506,-132.77719,-0.6487524,1850.2788,0.2067632,755.3192,0.4546864,-108.97421,-0.79485065,2909.389,0.11133277,699.6417,0.45203078,-110.38524,-0.77171344,-12.330885,-0.7796648,20.432528,0.50680614,0.15451741,0.205035,-0.010885838,-1.178663,0.58177197,0.9242686,16.769243,0.82231927,-10.816115,-1.1184782,0.071383126,176.86331,-28.301954,-0.6613426,-1.9574655,9.913212,0.036067884,0.007615143,0.021084113,1.768173,1.1904762,0.42666668,0.7271787,0.39,0.46761808,-27.115694,04
44.573917,0.034923837,43.3762,43.968544,46.553207,3.1770058,29.42929,23.200943,19.677053,16.603914,0.33466145,1.1237715,0.012056598,0.21825248,0.6403646,0.628308,5.7525496,3.4450078,3.7669187,2.2845466,0.14740776,1.5151412,13.219183,0.9748639,4.3275466,2.6908789,0.10479462,124.22614,-11.387836,-1.7901888,0.011692702,1.0304537,0.7842743,1.0027046,14.110791,0.2924714,11.892673,0.58753854,16.713978,0.53337425,668.9734,0.45488665,1238.4099,0.26038173,-141.56491,-0.5714945,1716.51,0.20040055,982.1597,0.3736945,-111.97679,-0.7528386,2817.4146,0.12025614,745.51135,0.43533272,-114.36232,-0.7163756,-17.499004,-0.42758572,27.49981,0.34635425,0.1661533,0.18167724,-0.015026727,-0.6963258,0.275483,0.9047669,21.155622,0.4721038,-3.0448444,-3.7745361,-6.1253433,-2.104379,-26.864897,-0.59119505,-9.8194895,19.168491,0.027982572,0.007354524,0.012146388,1.6949153,0.856531,0.59999996,0.59097373,0.436,0.4494708,-31.98153,04
44.53467,0.049142167,43.55919,44.09775,46.61711,3.0579224,22.645369,13.995938,4.531979,0.0,0.36942273,1.059202,0.016239252,0.267424,0.6607064,0.6444672,5.183541,4.0129137,6.057592,4.4825325,0.18002395,1.5291456,15.552614,0.83626944,2.2479887,5.2087064,1.6362351,7.233102,-15.267369,-1.4488329,0.012624686,1.5222201,0.7643011,0.9561887,14.075009,0.3936153,11.505619,0.60048586,17.090405,0.55460227,644.54047,0.49317724,1153.4248,0.270139,-138.46451,-0.5961379,1732.6091,0.22404106,870.17786,0.4294111,-110.42493,-0.74424165,2766.5273,0.13032469,767.7761,0.55834913,-111.34367,-0.7301547,-17.922167,-0.45067322,27.979042,0.33521912,0.16179885,0.20945561,-0.013999826,-0.8004267,0.32604373,0.9473033,22.036291,0.5710265,-2.4418802,-4.5539536,-3.3701324,-3.5222282,-31.980322,-0.50489444,-8.462256,18.151415,0.038120665,0.0016070306,0.0137564195,1.6597512,0.6289308,0.84666663,0.8863909,0.42599997,0.41610572,-30.360052,04
43.445427,0.076880604,42.776733,43.83426,46.003857,3.2271233,122.20521,74.45454,26.597738,13.521715,0.8434149,1.0394781,0.05546144,0.5155953,1.7232035,1.6677421,14.2236395,8.854842,12.608413,7.3672247,0.471186,1.1531472,6.154062,2.5217195,-9.666511,-1.5121729,7.5578675,1.6179183,-23.658625,-0.971331,0.027482659,2.826929,0.8280144,0.8888935,11.08494,0.43144384,11.962769,0.4256524,13.292158,0.6330951,751.15314,0.44331273,948.93604,0.34884408,-132.72705,-0.65783274,1842.0752,0.21629365,643.91614,0.4201732,-110.70049,-0.80016655,2911.858,0.12849255,544.7908,0.47909227,-111.259674,-0.7900201,-11.096174,-0.67228776,17.921057,0.4489265,0.1474648,0.22189143,-0.010229412,-1.1186273,0.8782243,0.5161068,17.947218,0.5433411,-16.369396,-0.9231895,4.128727,3.689582,-39.315388,-0.5544872,4.0187993,2.3660464,0.0485042,0.012030891,0.06585902,2.1645021,0.65645516,0.76666665,0.7519013,0.55,0.48780116,-25.650045,05
44.06482,0.05322612,43.116634,44.091892,46.23946,3.1228256,55.263878,55.44718,42.194794,37.209118,0.9169251,1.0455831,0.022045365,0.55395925,2.0311615,2.0091162,16.451153,9.776901,13.661807,7.762969,0.49966556,1.2196596,10.925572,1.137838,-11.181788,-1.4121201,2.3283226,5.2604303,-20.372936,-1.2709552,0.024859754,1.853527,0.7874405,0.84938914,10.370056,0.5197659,11.07103,0.58549076,11.687725,0.8609547,700.2747,0.46491712,984.5412,0.33828703,-133.41425,-0.65648097,1783.0631,0.21788119,650.62415,0.529813,-102.98499,-0.8713857,2853.35,0.13694072,555.97217,0.4807735,-103.77096,-0.856037,-9.052087,-0.94128007,16.593887,0.5308665,0.14906116,0.2213475,-0.009199581,-1.4142876,0.9136985,0.626191,16.329067,0.70182127,-18.825075,-0.84496564,3.3686144,4.6471796,-38.35608,-0.53555614,0.19426927,12.574384,0.04271318,0.013499862,0.029196497,1.9313306,0.86767894,0.61,0.74030393,0.5175,0.4538929,-25.031225,05
44.25694,0.0690276,43.12413,43.95974,46.06711,2.942978,110.05117,118.01873,51.80467,42.13508,0.59009486,0.99951446,0.041613486,0.39954758,1.1591258,1.1175123,9.426582,7.0702596,9.299321,5.3050976,0.3048853,1.3547485,9.340576,1.5439228,-8.9433,-1.6560479,2.6051342,4.3640056,-14.846937,-1.2677594,0.026084786,2.5275085,0.7886733,0.7104181,11.74133,0.4627827,9.456891,0.56089497,12.807869,0.67705894,694.2824,0.50049657,1068.9204,0.36586672,-146.4586,-0.55098444,1789.5903,0.23981354,795.13354,0.42815134,-115.51754,-0.75686026,2853.7212,0.1307662,654.5585,0.42940676,-117.03633,-0.73243284,-11.772307,-0.7974283,20.890776,0.44778314,0.14976066,0.22069073,-0.007433851,-1.3432311,0.5985336,0.70666856,17.5014,0.7358851,-11.019262,-1.2719369,-0.3590419,-37.120228,-30.223583,-0.45859864,1.9037398,9.501534,0.05516522,0.011462343,0.037062183,1.9607844,0.88105726,0.53749996,0.58661634,0.45999998,0.44546604,-28.044334,05
44.26778,0.039988164,43.084053,44.069454,45.78135,2.6972961,24.241772,13.45307,25.032463,16.143291,0.66168606,1.0294513,0.013617623,0.4949617,1.3381451,1.3245275,11.887906,6.8671784,7.98265,4.177615,0.3168984,1.200662,11.69906,1.0826114,-5.530775,-3.269734,3.1129339,3.5591905,-18.316977,-1.3279452,0.01577006,1.5169886,0.7717824,0.87084305,12.354279,0.43413913,13.3797865,0.4004652,16.510176,0.53990275,670.0028,0.52720326,1107.7296,0.29170325,-138.8352,-0.6079055,1725.559,0.22801253,795.2458,0.4517059,-103.67363,-0.85196483,2808.3203,0.13914047,701.7196,0.49111488,-106.40575,-0.804998,-11.470391,-0.65723574,20.344889,0.40093094,0.15004323,0.20156215,-0.009857222,-0.9813951,0.57811046,0.5963904,18.011763,0.7068125,-14.699352,-1.1414157,-1.3075734,-9.391637,-37.039642,-0.43054214,-5.9968967,14.538862,0.016498275,0.009916552,0.014302954,1.948052,0.8752736,0.61,0.595399,0.67333335,0.43492016,-27.544058,05
44.107044,0.10652429,42.620117,44.30919,46.795,4.174881,230.8674,125.35643,81.37042,111.4897,1.2032846,0.991901,0.07853911,0.7924897,2.423247,2.344708,22.835384,15.251962,20.194635,10.789101,0.8494128,1.2636493,4.086494,4.0175457,-12.685973,-1.1086665,5.6781073,2.7200842,-20.526379,-0.84444976,0.03164694,1.4640524,1.0142196,0.83705497,8.09356,0.89956826,6.989401,1.0576214,8.8849535,1.4079678,828.7531,0.37992018,934.0356,0.47608146,-117.04147,-0.7810503,1898.8345,0.19641814,765.32227,0.509226,-97.82033,-0.92745084,2965.8792,0.110611014,675.73694,0.44037014,-98.67033,-0.9060186,-6.9152846,-1.4631714,14.550456,0.6937588,0.1410751,0.259157,-0.0069568763,-1.8722237,1.4583453,0.7197373,13.106535,1.1286461,-17.61308,-0.92361355,2.4438362,7.8071723,-29.744053,-0.5598956,6.7718797,0.21182963,0.05211404,0.011603192,0.10507228,2.5052192,1.0548524,0.52,0.40283993,0.404,0.45084807,-21.451643,05
44.067028,0.08111595,43.10635,44.28613,45.389572,2.2832222,127.20345,69.38514,81.67942,115.031334,1.4441164,0.9912287,0.101417094,0.94041437,2.9885337,2.8871167,22.590237,14.905005,20.924814,13.449912,1.0782808,1.23483,4.3019767,3.6776533,-12.190091,-1.4000447,4.8823566,3.362835,-21.328274,-0.96865475,0.026700044,1.650585,0.8456529,0.6844772,8.909173,0.6436938,9.645932,0.7189686,11.443543,0.9170877,707.68567,0.52062356,1002.21356,0.42932576,-133.00218,-0.67162514,1772.2493,0.23574768,765.12585,0.48022202,-98.12494,-0.9405998,2788.1091,0.13745743,726.00714,0.3520843,-99.505325,-0.91333145,-6.3181953,-1.2702645,14.833698,0.5743986,0.13492686,0.26169392,-0.007620686,-1.427732,1.8986466,0.69171023,13.540143,0.77825373,-21.35518,-0.7503103,1.8142687,11.639254,-32.59176,-0.61448455,5.973181,1.9381783,0.052064504,0.008085272,0.112767756,2.4896266,0.8385744,0.645,0.4111265,0.5225,0.4232833,-20.036394,05
43.51493,0.07530059,42.466278,43.98432,45.517323,3.0510445,143.33563,123.260826,33.76927,11.533317,1.3570952,1.0823864,0.026676208,0.7067207,3.064684,3.0380077,28.853516,21.211096,16.004099,9.345041,1.1334875,1.3549088,10.010006,1.1245613,-10.911683,-1.5418681,1.4223527,10.983,-18.382774,-1.2763956,0.03650222,2.4559546,0.918024,0.71365005,8.733468,0.5742157,7.931684,0.7984708,12.794858,0.87046677,682.0367,0.53058726,1030.2347,0.3485503,-142.54573,-0.5895791,1708.554,0.2510584,771.15894,0.3671647,-105.35482,-0.8779488,2760.051,0.13853462,698.4222,0.46622717,-108.00646,-0.82909155,-7.780473,-1.0334992,16.642942,0.5001285,0.1394315,0.25094798,-0.011185846,-0.98274106,2.204947,0.69532746,14.89729,0.7647836,-18.061956,-0.9248954,-2.3572912,-8.06964,-36.005947,-0.55011696,-1.601761,12.314107,0.051876422,0.0070045753,0.046314247,1.9736842,1.1086475,0.45,0.2862167,0.53249997,0.42663655,-20.004759,05
43.89165,0.07064881,43.019897,44.203434,45.757195,2.737297,105.97447,71.23374,28.1639,25.555656,1.2748603,1.0386105,0.013997777,0.7723967,2.7628784,2.7488806,24.861897,16.084545,16.880642,10.54106,0.99732095,1.2177563,6.8337417,1.9459766,-7.418233,-2.3694394,1.0977865,11.978039,-18.058077,-1.1593348,0.025985442,1.6149284,0.9592216,0.8138335,8.892415,0.6260319,6.9074616,0.80090284,11.455172,0.68343145,799.3363,0.45774668,1012.79297,0.3347723,-126.983505,-0.7079253,1876.3088,0.22598533,761.391,0.40665877,-106.36901,-0.8506251,2895.3616,0.11762141,706.2256,0.34395722,-107.5797,-0.82874006,-7.1541033,-1.051675,16.04794,0.47382882,0.14490771,0.24672365,-0.006937344,-1.2656554,1.8997735,0.5799528,14.201539,0.8013535,-18.258287,-0.92641896,-2.335497,-6.6810765,-31.325588,-0.6183291,-2.3304734,9.939724,0.044284884,0.0056263953,0.06797739,2.631579,1.1086475,0.454,0.3608102,0.424,0.43633014,-20.71963,05
44.535294,0.035006087,43.57767,44.013927,46.536865,2.9591942,24.299564,22.936827,15.97533,19.08148,0.34555885,1.1084356,0.014792303,0.19087048,0.6693886,0.65459627,7.12154,5.305371,5.450814,3.5550036,0.14817506,1.4373529,14.800077,0.799662,-2.3008406,-5.539725,-0.44413322,-28.743359,-13.80909,-1.5391126,0.008403969,1.0865003,0.7049639,0.9106066,14.039294,0.31621975,8.785293,0.8681945,15.22786,0.66956264,624.0603,0.49761227,1229.0421,0.32483608,-149.61789,-0.5254644,1673.9689,0.2255937,860.8557,0.2674381,-115.37798,-0.7498618,2763.728,0.14020811,667.68695,0.44122443,-117.95667,-0.709675,-13.924927,-0.5925031,24.415686,0.38075525,0.16734101,0.18430914,-0.010340041,-0.9036853,0.29296458,0.779436,22.286507,0.45901465,-10.264668,-1.2418616,-4.532343,-3.5320592,-30.715296,-0.5266382,-7.2591534,17.970516,0.033440065,0.0056616105,0.013995608,1.9607844,0.88105726,0.53749996,0.43441772,0.3783333,0.45487788,-32.49982,06
44.5241,0.032937367,43.469208,44.01353,46.398224,2.929016,16.27552,11.788836,15.268169,5.7899785,0.45428473,1.0476714,0.01943773,0.29488337,0.92429364,0.9048559,9.5020685,7.140519,8.376719,4.685111,0.19229664,1.4352642,14.583988,0.81236327,-5.4503083,-2.3917525,-2.6154313,-5.371545,-15.111994,-1.5255545,0.01511277,3.106666,0.62895656,0.96182185,14.419433,0.31148803,8.3032675,0.66583097,15.88197,0.6331767,636.6236,0.4713906,1323.3679,0.26501918,-144.05876,-0.56928843,1652.7391,0.22001433,950.78864,0.42804968,-108.723526,-0.80969083,2790.933,0.094987854,803.0829,0.7720351,-112.41183,-0.7502583,-13.967397,-0.5751801,24.65549,0.34568816,0.16511971,0.18012998,-0.007950843,-1.2149292,0.35924616,0.8315696,22.017632,0.44449675,-10.147551,-1.1456896,-7.8474336,-2.062182,-33.218594,-0.48400208,-3.2503638,15.229201,0.03762449,0.0095439665,0.01733954,2.4896266,0.8385744,0.60749996,0.62758964,0.56,0.4756574,-29.789959,06
44.719254,0.040791273,43.562798,44.05179,46.242977,2.6801796,24.681677,15.986464,10.195465,18.633446,0.48066565,0.95561445,0.017756613,0.4511292,0.91763544,0.8998788,7.104651,4.1079564,5.6780124,3.0786037,0.22667427,1.3178762,11.674848,1.2282277,-1.7724717,-7.2700405,-2.3434148,-5.2465596,-13.482606,-1.8208894,0.013160404,1.9975619,0.7403275,0.92214173,12.926337,0.49397576,6.09804,1.0991838,13.3654375,0.64607066,562.7605,0.57207155,1155.9006,0.3056785,-151.38397,-0.5103677,1574.8601,0.25231358,777.06116,0.41368192,-106.55996,-0.8188554,2752.7014,0.12187189,515.585,0.53890586,-110.03538,-0.7617841,-13.119626,-0.7392395,23.754549,0.40119654,0.1571843,0.19204043,-0.0070637413,-1.5735995,0.41011077,0.76039976,18.935968,0.68515176,-7.0178185,-1.6810929,-6.2416453,-1.9201837,-31.235786,-0.62796885,-4.398664,15.860829,0.038702015,0.009032995,0.02642673,2.6748972,1.0416667,0.49599996,0.6113133,0.31142855,0.40870628,-30.109032,06
44.616734,0.03900598,43.32797,43.90035,47.115654,3.7876854,20.317625,14.5593195,16.413666,8.09491,0.3582633,1.0928193,0.014905463,0.18272011,0.71771055,0.7028051,7.716958,4.3701153,5.1806626,2.348682,0.16464424,1.461602,14.092071,0.90878123,0.049351107,230.20688,-4.3420725,-2.8515365,-11.826401,-1.9281439,0.010891766,1.1925524,0.8846748,0.85488546,13.216747,0.38557917,7.1704783,0.8734243,16.4315,0.56333333,597.60596,0.50790536,1195.9423,0.25277817,-153.9997,-0.5003221,1662.4958,0.22857098,831.09393,0.35306072,-114.66312,-0.7618138,2774.1177,0.10405902,655.0993,0.481701,-118.03954,-0.7079866,-13.7614355,-0.6097221,25.528877,0.34051767,0.1537219,0.20795745,-0.009410128,-0.9496412,0.32074186,0.81599975,20.929192,0.5295908,-7.045097,-1.4613328,-9.398398,-1.4123008,-30.914824,-0.5578208,-7.584794,19.840837,0.033123646,0.008056221,0.0185736,1.9189765,0.862069,0.5575,0.33461732,0.46400002,0.442294,-32.86653,06
44.37297,0.04243123,43.268497,44.318413,46.28664,3.0181427,19.914686,8.383333,30.84506,15.578219,0.67116547,1.0616345,0.020021498,0.39302605,1.2839723,1.2639508,10.650077,6.950852,10.014186,4.576599,0.35743883,1.3710139,11.286961,0.88661045,-7.988148,-1.8456196,-1.0318644,-12.462662,-15.457922,-1.2727282,0.018217925,1.349815,0.9038583,0.8193148,10.605582,0.604118,8.275348,0.70776916,11.670569,0.87815684,861.7903,0.3623842,988.8564,0.38320708,-114.43254,-0.79129696,1967.7131,0.18593575,806.43304,0.5069189,-100.61897,-0.8768245,2999.8528,0.109057434,697.8576,0.37596855,-102.17249,-0.8496251,-10.336143,-0.7436785,19.021467,0.43954355,0.15443997,0.1724762,-0.0056982078,-1.9374689,0.6311514,0.8097863,15.064426,0.70155936,-12.369598,-1.2072543,-3.8058238,-3.9873078,-25.705172,-0.74234265,-3.9247696,13.889429,0.050414197,0.0055884877,0.017498901,2.1645021,0.4376368,1.275,1.255,0.65666664,0.42632797,-26.213299,06
44.530632,0.041435663,43.271492,44.293793,46.10224,2.8307495,33.100945,21.574966,38.79453,26.82349,0.8098202,1.1228939,0.025716785,0.39340308,1.7476611,1.7219443,12.410096,9.795269,15.349693,7.9372168,0.50880826,1.359038,10.937724,0.88675684,-12.498962,-1.3212749,2.9937766,3.849455,-18.714117,-1.2487643,0.018293321,1.1680957,0.87487996,0.7969397,10.720863,0.38985586,10.159297,0.5532928,10.092798,0.8955355,788.5755,0.4236375,968.0019,0.34412643,-128.25983,-0.69263816,1859.0585,0.19977781,755.7264,0.40025264,-106.795715,-0.8334252,2865.9644,0.12132752,640.54224,0.36922154,-107.26584,-0.8259403,-9.390043,-0.71180266,16.18234,0.4733909,0.15738732,0.17414999,-0.0075345067,-1.375574,0.9688973,0.7206985,15.691431,0.5086598,-20.33068,-0.75708324,4.303945,3.4285986,-34.2706,-0.63195413,-2.534713,12.838458,0.06281554,0.0059333597,0.018021882,2.1786494,0.66079295,0.78333336,0.7970502,0.53,0.49874842,-25.709696,06
44.377777,0.033806447,43.243065,44.093292,45.380203,2.1371384,36.281826,35.504757,26.706205,17.28096,0.5336732,1.0989181,0.022315625,0.3464558,1.0551006,1.0327849,9.501462,7.5639863,9.763694,6.645061,0.32230297,1.4520444,12.154035,0.9921103,-3.9156291,-3.3630066,-3.4838712,-3.375109,-12.552208,-1.426321,0.016821893,1.0762933,0.9141029,0.7592842,12.03443,0.3748762,8.913396,0.6908971,15.4361515,0.6035611,789.51544,0.36788863,1121.5979,0.3655588,-133.67218,-0.64473855,1875.9019,0.200189,841.1451,0.37684068,-114.97831,-0.74900746,2945.0188,0.10068514,695.0232,0.46067172,-116.96047,-0.717683,-12.34904,-0.6144375,23.163767,0.35862672,0.15706813,0.166211,-0.0073468336,-1.5477363,0.63866514,0.7821474,17.044428,0.6297443,-7.9935555,-1.5309976,-6.1651115,-2.449528,-25.874805,-0.60747623,-3.3930824,15.43861,0.050168004,0.008813505,0.021503976,1.9607844,0.88105726,0.55,0.26105553,0.45,0.43940866,-27.666035,06
44.743813,0.029115735,43.82534,44.309223,46.23307,2.40773,24.880814,20.194801,15.910858,5.4550114,0.42045924,1.1440622,0.016200695,0.17496295,0.84786505,0.8316643,6.205444,3.4459722,5.025211,1.9340994,0.1658557,1.2615255,9.665442,1.4946313,0.7270895,19.455349,1.0223262,12.2854,-12.139778,-1.6256686,0.012781794,1.1969697,0.7884928,0.9513416,13.299966,0.3831964,11.3843975,0.5177646,13.97855,0.6925407,660.2535,0.48952657,1149.7981,0.26997793,-143.79465,-0.5675089,1730.6929,0.20881198,850.796,0.39701644,-114.16711,-0.7511314,2777.4622,0.13687564,759.0701,0.3960792,-114.73081,-0.7413484,-14.246938,-0.57048273,23.554243,0.3702044,0.1613555,0.18554872,-0.0075764246,-1.3971183,0.32203364,0.6124503,18.824608,0.5812911,-7.973362,-1.799099,-5.062905,-2.7320318,-27.334957,-0.60381174,-5.2135787,13.160263,0.03435397,0.007835256,0.013243653,1.9607844,0.88105726,0.5575,0.29320428,0.444,0.43070173,-31.301168,06
32.371956,0.033953886,31.740534,32.121887,33.86346,2.1229267,8.882903,2.9482594,8.521442,5.3375044,0.28002474,1.1575459,0.009376598,0.10880867,0.5863489,0.5769723,5.326489,3.4319055,3.5250463,1.6317129,0.07983647,1.3462471,18.755594,0.94387674,7.531666,1.4212778,9.506975,1.5024596,1.6379733,9.488274,0.009873457,1.273211,0.8224476,0.96248364,9.382739,0.32966805,1.1873661,5.301551,20.461502,0.33922157,470.75797,0.432583,1106.4998,0.17472419,-104.27972,-0.92930686,1392.049,0.16993846,795.5016,0.28549895,-108.630684,-0.84601307,2490.722,0.10191276,612.2853,0.46306366,-112.705376,-0.7767786,-14.603934,-0.55393636,24.342957,0.3222362,0.08300241,0.44852635,-0.018416556,-0.73773146,0.15469807,0.703613,32.413204,0.40000787,6.3867264,1.962319,8.133073,2.3558288,-3.8118312,-5.008627,-9.476063,19.481768,0.0027298308,0.0072687613,0.00667049,1.9704434,0.49875316,0.995,0.585,0.65666664,0.45242557,-37.74889,01
32.338768,0.034605272,31.754333,32.11496,33.789173,2.0348396,7.6727777,2.633327,-10.359794,18.133934,0.25020432,1.0809225,0.01130737,0.12926492,0.5139402,0.50263286,3.3156476,1.4403346,3.115196,1.3119484,0.06249816,1.2549698,22.26877,0.7932641,7.33171,1.4721334,7.2800384,1.9974525,2.7989407,4.945849,0.008830724,1.2308258,0.8445834,0.9762524,9.40938,0.38357294,0.6459393,9.830297,22.622616,0.33135957,501.07224,0.4808899,1132.5154,0.22909623,-103.59165,-0.9266286,1430.8643,0.19446921,867.32043,0.26208538,-106.31462,-0.85917044,2503.4424,0.10432241,785.06006,0.48031482,-111.8516,-0.76731944,-14.791211,-0.49529752,26.566093,0.31551325,0.08652157,0.37252614,-0.019096393,-0.69910496,0.1171428,0.6547789,35.09791,0.39178765,7.7332726,1.2106814,3.1234312,5.983565,-3.383329,-4.601785,-11.068694,21.84836,-0.0055884942,0.011502664,0.006275685,1.9900497,0.50377834,1.0,0.52,0.4725,0.4476257,-38.93506,01
32.166893,0.03428236,31.237911,32.042843,33.202858,1.9649467,22.72077,15.030653,7.590014,7.5757957,0.28793734,1.0657108,0.014312229,0.15951838,0.56276995,0.54845774,3.6824512,1.908782,4.01551,2.1965456,0.0803616,1.2797943,19.810682,0.91208893,7.59179,1.432732,10.902553,1.0799525,2.388423,6.3684025,0.011065001,1.4332181,0.8419055,0.93389744,9.253121,0.3672089,1.908797,3.9180684,20.424473,0.32376534,488.333,0.505657,1133.7472,0.20497428,-103.52468,-0.9231309,1401.5768,0.19917059,812.7201,0.33413744,-106.24358,-0.8526245,2473.8613,0.10806405,619.6661,0.40475067,-110.42057,-0.7835199,-14.675976,-0.44502643,24.587341,0.32755515,0.086841986,0.43617296,-0.017856827,-0.7136529,0.14942148,0.6875329,32.115765,0.46527463,7.5090694,1.4417334,8.466581,1.706969,-4.367351,-3.9297316,-9.80901,19.480736,-0.004100245,0.011220825,0.008617988,1.7241379,0.7481297,0.68333334,0.51648384,0.4725,0.42269224,-37.60594,01
32.184044,0.03911884,31.544498,32.039097,33.654903,2.110405,29.858925,30.478888,12.721512,7.016872,0.28816918,1.0743891,0.009456945,0.15923524,0.5875735,0.5781166,4.3040395,2.1933734,3.902517,2.3564627,0.078596175,1.2253839,20.745148,0.81936175,11.023486,0.96151596,10.748032,1.044174,3.5786018,4.262405,0.012330748,3.6880038,0.8628618,1.0452913,9.251204,0.38707504,2.422454,4.325393,21.325615,0.30631778,481.80203,0.4932928,1150.537,0.21887416,-104.55724,-0.9160303,1405.8744,0.2145259,814.7633,0.27721527,-106.442345,-0.85661966,2482.2544,0.11886289,650.0348,0.41153848,-110.91668,-0.78069067,-14.245944,-0.47066718,24.297377,0.3479131,0.090775594,0.43202132,-0.017116942,-0.800443,0.14384674,0.63932526,32.379932,0.44715264,6.703648,1.501775,7.859645,1.8203235,-4.2007585,-4.090984,-14.176247,23.83389,-0.0145344315,0.0055810283,0.012029193,1.7114916,0.7425743,0.68333334,0.52040577,0.63666666,0.39075422,-37.988834,01
32.32581,0.06727664,31.16412,31.749922,35.47838,4.3142586,37.848747,25.626568,14.058245,8.531857,0.26744294,1.0476067,0.012156689,0.21072498,0.46565598,0.4534993,3.337021,1.4089912,2.760533,1.9818218,0.063724756,1.1234511,23.288109,0.76765764,10.465532,1.0708227,5.557083,2.6987236,3.4806101,4.204058,0.013296186,1.773649,0.73295975,0.9822908,9.839614,0.3430448,2.7322497,2.6722527,25.521301,0.3931913,492.17322,0.4425154,1209.526,0.19680656,-89.55436,-1.0500755,1422.2347,0.19745605,894.1144,0.2814952,-94.5275,-0.9356223,2544.0127,0.09946399,762.23145,0.36470756,-101.18709,-0.8166694,-16.706285,-0.51275533,28.682117,0.3292437,0.08422901,0.4070657,-0.016545797,-0.88219136,0.10533109,0.6325509,34.9336,0.36021116,12.034847,0.996987,1.3387988,13.3764,-0.8457223,-19.602882,-10.625486,21.156618,0.0014837761,0.007981405,0.005940899,1.5486726,0.4474273,1.3149999,0.715,0.5966667,0.42145252,-38.510536,02
32.35009,0.06545829,31.404678,31.777458,35.32915,3.9244728,38.433037,30.75387,6.786414,4.949743,0.25336057,1.0568885,0.009205324,0.18454939,0.45280287,0.44359756,3.5201142,1.6392155,2.9225097,1.6547798,0.059648145,1.2068175,22.071373,0.8578758,12.830657,0.67858726,6.2804003,2.3567955,4.7772603,3.235129,0.017938744,3.7790883,0.78053576,1.0987496,9.875522,0.32604346,2.7323227,2.6202695,24.235315,0.36957213,503.31058,0.43426764,1162.2985,0.19145165,-93.82496,-1.0127368,1425.602,0.19045201,877.0781,0.2737045,-98.28945,-0.91002804,2551.8684,0.10816165,712.91254,0.37237915,-104.501884,-0.80158526,-15.897745,-0.5481775,28.355669,0.35893896,0.08312926,0.42014113,-0.0164306,-0.81244516,0.10163141,0.7014418,34.32537,0.39610064,11.018931,0.93183076,2.4619138,7.451443,-1.569079,-10.189461,-15.174837,26.086868,-0.022152469,0.0076487516,0.006664822,1.6431925,0.7125891,0.78333336,0.76843274,0.4475,0.43751425,-39.230606,02
32.455746,0.057668492,31.361523,31.79162,35.400963,4.03944,10.493427,6.669343,8.76143,9.957988,0.29619297,0.9971933,0.011150148,0.2566838,0.5065907,0.49544057,2.5091834,1.1908015,3.4356403,1.7868224,0.07487771,1.1793557,22.367054,0.8432963,11.423138,1.0260714,5.4781194,2.5021536,3.6081324,3.9357162,0.0076813223,1.2940302,0.68687993,1.1944551,10.232701,0.2977587,2.8886986,2.7685413,24.740164,0.31974792,482.82605,0.4426607,1197.9891,0.17784323,-96.70958,-0.98594344,1408.8232,0.19896469,887.23645,0.23743299,-99.33954,-0.90449834,2521.4807,0.10113511,725.8333,0.39754707,-106.18277,-0.7879142,-15.798544,-0.5178636,28.637554,0.32972878,0.08158955,0.48543143,-0.01734324,-0.8137746,0.12715974,0.6799373,35.24516,0.38399804,10.974891,1.0944433,0.025035374,628.31537,-1.6921543,-9.589309,-11.566585,21.931108,-0.0055606025,0.007849554,0.011250758,1.5590202,0.9009009,0.60749996,0.6217867,0.4775,0.41451025,-37.4301,02
32.489758,0.056623284,31.438965,31.83488,35.293278,3.854313,24.441765,27.516754,9.621663,3.5987988,0.25288963,0.9970245,0.008846959,0.21899393,0.43891904,0.43007207,3.1235874,1.5138903,2.3084176,1.369561,0.056363445,1.2090318,20.878149,0.9301368,14.544274,0.66982305,5.019457,2.4398808,3.430154,4.0668516,0.0068860166,1.5480998,0.64733833,1.1006169,10.119777,0.35636398,3.782776,1.9324344,25.115398,0.3306741,477.13037,0.45201236,1183.1233,0.2121141,-97.97812,-0.9747455,1393.9697,0.19858135,852.9809,0.22239038,-100.79985,-0.8916816,2519.6812,0.09978637,675.6915,0.5514353,-107.282104,-0.7810758,-15.763851,-0.4928363,27.401539,0.30759266,0.089272976,0.34941003,-0.018804217,-0.7019234,0.09665477,0.6955673,34.070004,0.39730743,13.124936,0.85211563,0.061227255,228.14917,-3.7471457,-3.8174198,-13.423438,23.568552,-0.017861418,0.0073073376,0.008935243,1.5695068,0.9070295,0.59499997,0.26481125,0.38799998,0.42139766,-39.510036,02
32.470516,0.05797768,31.347054,31.691666,35.492477,4.145424,52.20196,84.973816,8.290376,4.5115423,0.25293806,0.98508674,0.010370187,0.2014116,0.4115551,0.40118492,2.6866236,1.6753795,1.8795089,0.9019663,0.04992305,1.1694711,24.694212,0.74288213,12.3438,0.8317038,6.807844,2.0333965,3.224954,5.3310766,0.008086706,1.6039758,0.7137095,1.3477093,10.297801,0.33157033,3.8333795,1.8245035,25.269688,0.4595655,503.1997,0.45474628,1216.8099,0.1957244,-87.217674,-1.0630246,1430.0762,0.20590688,905.6098,0.30274478,-91.15526,-0.9472534,2538.176,0.100059405,779.86536,0.39282337,-97.93749,-0.82611316,-17.250443,-0.54726183,29.31868,0.35248065,0.07561407,0.47476223,-0.01662859,-0.8819004,0.07548186,0.78805524,35.453552,0.36389327,12.159504,0.9828979,4.7772913,3.4883857,-1.1748103,-15.839206,-14.295138,25.358665,-0.006227084,0.007226963,0.011427474,1.5717093,0.9920635,0.608,0.53786236,0.62,0.4115823,-39.719055,02
32.394703,0.055380456,31.220402,31.833107,33.913315,2.692913,12.822509,7.248954,8.764285,5.6190224,0.2562575,0.94010425,0.031163074,0.21376744,0.40626344,0.37510037,2.7011979,1.1469632,2.53678,1.6433045,0.05176608,1.1432692,22.786377,0.8501152,8.876086,1.4387478,7.3768334,2.1214724,1.0636191,15.381975,0.008116371,1.4709512,0.64082325,1.1278172,10.429847,0.2745678,2.9764457,2.3371844,25.504612,0.38714263,483.37405,0.4533372,1207.8892,0.18292701,-87.4858,-1.0720078,1389.227,0.19190003,891.7342,0.25465772,-92.04899,-0.9530193,2521.409,0.10057198,720.28046,0.39420152,-99.30805,-0.8206621,-16.69945,-0.5483651,29.392048,0.3389887,0.07737354,0.52649426,-0.017186375,-0.8761835,0.08120045,0.73380613,34.99466,0.3617698,13.043616,0.9474522,2.2168162,7.9956326,-2.258142,-8.252757,-4.683929,13.817798,0.012738102,0.014927487,0.008712267,1.4227642,0.8213553,0.71999997,0.28974125,0.38,0.43224993,-39.77928,02
32.389786,0.058383748,31.18536,31.801609,34.831768,3.646408,12.705688,6.4785523,8.060615,13.764225,0.2637285,0.92528725,0.013401533,0.25247234,0.47402593,0.4606244,3.1553085,1.7901618,2.3008194,1.3872579,0.06141216,1.1445986,22.733356,0.86704165,12.894256,0.8798075,5.8535676,2.240984,3.7079885,4.0263147,0.0066242786,1.2815303,0.5644987,1.1529479,10.373551,0.28485346,3.5843465,2.2044404,25.799236,0.33452255,482.28708,0.44966173,1211.7231,0.21278058,-91.94682,-1.0269917,1394.6464,0.19214045,899.9915,0.25868806,-95.56107,-0.9254311,2517.1968,0.10772427,700.96594,0.34866783,-102.85562,-0.7970925,-16.368992,-0.51077557,29.200258,0.33189276,0.078885786,0.43250573,-0.016948355,-0.8878735,0.09771169,0.7143718,35.154175,0.38277552,13.161777,0.8667197,1.3615786,11.117712,-1.5291979,-10.849861,-9.864473,20.053263,-0.010394199,0.011412657,0.012294321,1.6359918,0.82644635,0.695,0.3374537,0.48999998,0.4060172,-39.207264,02
32.555088,0.05410079,31.411345,31.981361,35.158375,3.7470303,27.549187,31.807365,8.4765005,15.025793,0.25981307,0.90627867,0.01046404,0.2435509,0.4675401,0.45707604,2.6212912,1.3371533,1.913701,0.888627,0.052849185,1.1587132,22.928112,0.8368841,14.92464,0.681031,5.9516654,2.040867,1.8387526,9.052528,0.009380747,1.8830516,0.6794552,1.3926432,10.418051,0.33547217,4.18295,1.8650435,25.200903,0.32044554,459.9328,0.4685848,1209.0902,0.23400654,-89.157074,-1.0657117,1348.1443,0.17176452,906.3362,0.27740908,-89.61104,-0.9847145,2476.0967,0.08760165,657.9988,0.44924238,-97.22516,-0.8421823,-18.028002,-0.512401,29.145206,0.31169865,0.0864428,0.41397607,-0.019211536,-0.8133042,0.0806658,0.7643187,34.328983,0.38598245,15.430013,0.7177127,3.0546114,4.6229978,-4.5438204,-3.8957996,-12.536788,23.053297,-0.006792189,0.009315316,0.010581513,1.5325671,0.58027077,1.0466666,0.8406875,0.48999998,0.40081167,-39.464348,02
32.655453,0.068495244,31.497562,31.82013,35.4838,3.9862366,167.84637,154.61876,18.99492,21.959051,0.2839313,1.0223467,0.009422352,0.20260231,0.53298336,0.523561,3.4284356,1.778773,3.2475455,1.6406639,0.07436538,1.239368,21.175869,0.9029628,9.252391,1.1030538,4.735749,3.189799,3.4821262,4.5399117,0.009752324,1.5816164,0.82378227,1.0468655,9.8758,0.3599813,2.4407365,2.861761,24.241896,0.34966815,484.39267,0.4353414,1154.4656,0.23154739,-93.34922,-1.026671,1406.4457,0.18812591,862.83594,0.25272572,-97.905975,-0.91993743,2520.9019,0.109041296,747.21124,0.41466513,-104.530945,-0.8031871,-15.950137,-0.5331022,28.60734,0.30989665,0.07717078,0.5379157,-0.016712861,-0.9307278,0.12947962,0.70391536,34.637096,0.35557252,11.060157,0.9573693,0.9774733,19.452105,-0.82162356,-22.817404,-7.8632755,18.09965,0.00814314,0.009400145,0.005297096,1.6317016,0.47169814,1.175,0.515,0.4525,0.4333229,-37.336697,03
32.52469,0.054760806,31.4673,31.838081,35.219753,3.7524529,73.220375,109.64527,7.6347494,3.538806,0.29764822,1.0572667,0.010137872,0.18659815,0.6018781,0.59174025,4.0678186,2.157335,3.606013,1.6057794,0.078690246,1.2670759,20.89168,0.82700807,9.797251,1.0631106,5.296019,2.6447294,3.4307568,4.6680226,0.008262369,1.2397239,0.7647441,0.99833924,9.693258,0.32202286,1.3836807,5.0941353,22.353008,0.2971234,463.08902,0.44697332,1168.613,0.20410687,-99.50322,-0.96622866,1385.0707,0.20625795,888.0127,0.2851964,-102.396614,-0.8929309,2484.6562,0.11410133,670.24023,0.5168874,-108.37414,-0.78913313,-15.042631,-0.5239672,26.583635,0.32323256,0.086991474,0.37839103,-0.01705472,-0.9325383,0.14376403,0.68385565,33.44992,0.3485893,10.090859,1.1051013,-0.268101,-62.316536,-2.1098726,-9.285721,-10.825095,21.252306,-6.0846465e-05,0.008808909,0.006271351,1.6203705,0.7025761,0.75333333,0.2517053,0.48999998,0.45994562,-37.086304,03
32.407097,0.057272226,31.187815,31.699566,35.38288,4.1950665,17.638042,14.159967,9.108004,6.8715386,0.32036132,1.0171044,0.009751267,0.25505385,0.62700576,0.6172545,4.442867,3.2600725,3.724521,2.2354045,0.09353622,1.1436623,22.610691,0.7635964,12.643702,0.7984726,5.628421,1.9521334,4.3134885,3.8327968,0.010748752,1.4592763,0.8361152,1.0579596,9.571205,0.35783023,1.2786008,6.9138217,21.16542,0.31701356,482.5297,0.4399563,1137.4208,0.22421128,-98.214134,-0.96831495,1385.743,0.20245278,838.90717,0.29883367,-99.79272,-0.899293,2509.3293,0.113352284,553.08386,0.5128436,-104.921394,-0.8108733,-16.673893,-0.4195048,26.839293,0.28739762,0.081038184,0.44751972,-0.019602187,-0.8141849,0.16317591,0.60250604,34.047894,0.3784866,11.037519,1.0321708,1.8537743,6.6452007,-3.1067963,-5.8799663,-14.212432,24.825697,-0.010455886,0.0077063655,0.008675025,1.6055045,0.46403712,1.185,0.645,0.63,0.37496665,-36.027542,03
32.9683,0.13564603,31.346886,31.74715,34.836006,3.4891205,0.0,0.0,-0.00030110576,0.0,0.34916773,0.97771525,0.017636023,0.25905788,0.6654594,0.6478234,6.102126,3.829166,2.9461513,1.4114265,0.10130548,1.2005649,21.847984,0.8244087,8.496218,1.5292798,4.0328403,3.0688171,1.5884547,9.624117,0.009342863,1.4064107,0.77902585,1.1321182,9.191852,0.4975112,0.7625701,12.1163845,20.18525,0.39584202,512.9499,0.524073,1131.125,0.21385811,-92.78637,-1.0099335,1412.2823,0.21957228,877.3988,0.2876123,-94.78072,-0.93812215,2531.9312,0.1317843,647.50037,0.62010187,-100.1565,-0.83724993,-14.824261,-0.6445779,25.877079,0.4025019,0.07772982,0.5458879,-0.016736887,-1.0000052,0.17019811,0.6994266,32.02669,0.48943248,9.869567,1.4128624,2.7873068,5.2559896,-2.0585525,-8.878728,-9.693323,21.227743,0.0033263115,0.007885669,0.008543686,1.5837104,1.1441648,0.5,0.31400636,0.435,0.42222625,-35.71668,03
32.759865,0.08636093,31.435139,31.953062,35.166203,3.7310638,20.731647,12.224823,416.4918,531.8818,0.35326725,1.1361793,0.010307536,0.18529275,0.68230075,0.6719932,6.7579565,4.5294733,4.131853,1.8268452,0.11650585,1.305763,21.489704,0.73282355,9.089552,1.2747655,7.4008512,1.8721602,2.8679514,6.9573703,0.0142709585,1.3550725,0.84686047,0.94236904,9.076191,0.40319386,1.2123022,5.740499,20.299597,0.4377042,495.04083,0.45893052,1138.086,0.22879954,-98.59929,-0.9751749,1414.981,0.2082011,851.2218,0.26430884,-97.815056,-0.93563586,2517.302,0.12442531,589.0113,0.5046993,-103.18101,-0.8377865,-15.523738,-0.53377986,25.794622,0.3417762,0.07200041,0.56476146,-0.01796791,-0.90773666,0.20782337,0.7332373,32.071102,0.3727173,7.9053636,1.6398172,2.9524105,5.575951,-5.665192,-4.013594,-14.296402,25.103394,-0.017386496,0.008127241,0.0043218913,1.8779343,0.2375297,2.32,0.0,0.61,0.4130375,-34.543915,03
32.589195,0.058268737,31.485283,32.09508,35.196632,3.7113495,19.106026,3.2301018,15.300378,6.634249,0.3508415,1.0900712,0.010585244,0.22023748,0.6389652,0.62837994,5.749015,2.6939585,4.5374837,2.5554996,0.12786481,1.3140538,20.097382,0.828418,10.314245,1.1066846,7.0471587,1.8671271,0.7401149,25.932072,0.012117635,1.630176,0.93491435,0.88267666,9.060305,0.4003169,2.414056,3.459081,23.020641,0.39860016,472.0264,0.42142624,1162.9884,0.18936694,-100.1821,-0.9596321,1390.5023,0.19111842,839.79443,0.32543117,-102.33936,-0.8891304,2525.6206,0.11977338,632.8759,0.5019528,-107.89274,-0.79305214,-15.837709,-0.5016331,26.93644,0.28083545,0.060890656,0.87636614,-0.018459212,-0.8919977,0.23196243,0.73770595,31.939453,0.37274444,9.2656555,1.333846,3.4157016,4.7603893,-7.151088,-3.2043312,-12.485014,23.075472,-0.0021490438,0.006787155,0.010567696,1.6587678,0.7194244,0.7366666,0.26612446,0.62666667,0.42129427,-34.700623,03
32.418262,0.056446385,31.517326,31.73445,34.781456,3.2641296,33.495197,29.100767,10.297869,5.2227645,0.3219399,1.050525,0.010750684,0.12910269,0.655969,0.6452183,5.597314,3.8328779,3.8559325,2.3971174,0.098808296,1.2793138,19.618872,0.8937698,11.708754,0.94505554,7.702885,1.542544,3.1018848,4.968457,0.010753201,1.3961568,0.84318596,0.9688678,9.364264,0.4287413,2.8658016,2.65857,22.811623,0.256839,535.49756,0.50688034,1108.1217,0.22277862,-105.26125,-0.9054953,1445.2964,0.22528672,868.8073,0.32173002,-106.4665,-0.8533123,2562.6768,0.1357917,574.4291,0.4059719,-111.81648,-0.7639577,-15.206774,-0.50650114,26.657858,0.3375857,0.07964635,0.49359548,-0.016792484,-0.89154047,0.18561368,0.66878223,32.53143,0.39999884,11.110135,0.97616065,4.7100387,2.963652,-3.2781324,-5.54772,-12.061376,22.533987,-0.0076959473,0.007773666,0.008095146,2.3136249,0.5208334,0.98499995,0.525,0.6066667,0.39203173,-35.731087,03
32.388577,0.05499155,31.336739,31.73824,35.039997,3.7032585,16.36079,7.84034,9.975619,6.9017277,0.38558635,0.9829997,0.020723438,0.29650357,0.73603725,0.7153138,8.1615925,6.4382176,3.9576776,2.1375403,0.11621925,1.223725,19.491474,0.9768029,7.7264714,1.5828912,8.218073,1.4464092,0.71393555,25.274946,0.009704831,1.2616028,0.75380105,0.9180547,9.489778,0.37923732,1.2039409,7.9715476,19.140196,0.31968865,494.19662,0.48411387,1109.699,0.21408166,-98.0398,-0.96537,1406.4583,0.21532798,772.7476,0.29238346,-97.76514,-0.9278842,2517.2104,0.12230924,558.53296,0.51737046,-103.00131,-0.8335088,-14.551154,-0.45800555,25.339401,0.31605572,0.07597156,0.49997613,-0.018354332,-0.8833976,0.20011488,0.7022835,32.386784,0.4135606,8.654107,1.338258,5.3084707,2.5901825,-6.115122,-3.3939052,-6.614697,16.000782,0.0003837325,0.014977503,0.011984673,1.8348624,0.46403712,1.2049999,0.645,0.6166667,0.3579882,-34.504303,03
32.287678,0.044721417,31.459864,31.861763,34.338623,2.8787594,27.162527,21.841433,8.712016,6.6555696,0.26798669,1.0106354,0.008876246,0.21601883,0.49015823,0.481282,2.9513266,1.5200355,2.6102016,1.3974041,0.06402216,1.2011125,23.200846,0.8089465,12.360897,0.6955198,6.3854194,2.2576716,2.978003,5.548852,0.0086316895,1.5331776,0.74462765,1.2468754,10.085519,0.33453685,1.7711074,3.9376686,23.725502,0.40705833,493.74475,0.465512,1186.1906,0.22210215,-91.913765,-1.0324992,1402.4583,0.20385323,911.54803,0.25698462,-95.892944,-0.9330858,2483.9988,0.11202555,686.12787,0.35210946,-102.08868,-0.82236814,-16.804815,-0.50871223,28.108583,0.33259934,0.08487711,0.45769438,-0.020138381,-0.7020162,0.107662976,0.7059763,35.618126,0.35728437,11.624596,0.8520296,2.3766682,7.3421297,-3.9877813,-4.3497095,-12.813882,22.94255,-0.011523884,0.01076293,0.005981884,1.6806724,0.6369427,0.89666665,0.56758744,0.48749998,0.46321568,-38.09503,04
32.20525,0.041570704,31.365395,31.919897,32.65932,1.2939262,15.858106,12.984283,14.083062,10.403266,0.28618395,0.9211697,0.0213684,0.27993047,0.47364622,0.45227784,3.4960458,1.5588076,2.5637994,1.4533592,0.06534682,1.2380875,26.269825,0.6563425,9.430113,1.3906186,5.710876,2.378124,-1.1668527,-15.260161,0.008595015,1.5929029,0.63047177,1.0682044,10.192573,0.32350725,3.2448192,2.0970194,27.32446,0.41778025,471.03174,0.4236996,1215.4523,0.19573456,-83.81619,-1.126646,1380.7054,0.19774595,884.83655,0.27230498,-89.741806,-0.9798983,2533.4133,0.09628967,764.9105,0.46837267,-97.36111,-0.8389894,-17.924492,-0.50693184,28.888285,0.30825794,0.08478792,0.46030378,-0.021101292,-0.76282626,0.10155508,0.82928294,36.110935,0.35887906,13.493311,0.91235745,4.5723,3.603412,-7.026454,-2.7873297,-7.9133353,20.087904,0.009298913,0.012849609,0.009860398,1.5717093,0.5952381,1.02,0.35279834,0.4775,0.44639528,-38.24688,04
32.281273,0.04448859,31.381783,31.998768,32.75383,1.3720474,37.165253,48.12532,11.069373,10.281226,0.3026367,0.8887342,0.02812574,0.2954714,0.5094903,0.48136458,3.2119713,1.299225,2.5134237,1.564439,0.07656674,1.0850387,24.771072,0.76753104,10.266887,1.2374039,6.584631,1.9692782,-0.82750595,-18.493263,0.008484543,1.6297643,0.6740226,1.0722703,10.224624,0.3180733,4.265588,1.930455,26.428652,0.3163727,480.78168,0.43530226,1264.0448,0.24009244,-86.90176,-1.0884883,1384.9257,0.1804708,936.4922,0.30764008,-89.91085,-0.9827108,2496.8135,0.101908125,736.9018,0.40589416,-97.595535,-0.8389627,-17.283709,-0.43910575,29.217272,0.284541,0.087767616,0.44932863,-0.0183499,-0.8497752,0.118814446,0.6748327,36.590134,0.35694006,11.952274,0.9168124,5.376839,2.8440328,-5.1712112,-3.364491,-8.414337,18.948708,0.005121594,0.008880869,0.013286052,1.5250546,0.88105726,0.68,0.3029026,0.42999998,0.38059166,-37.44411,04
32.268787,0.045199998,31.44261,31.921185,32.80294,1.3603306,44.764164,58.916317,14.725173,13.589055,0.27971017,0.95820373,0.016846335,0.24270046,0.5125126,0.4956663,3.7024198,1.9966637,2.5385647,1.0786384,0.06759604,1.22784,24.090176,0.72765434,11.3847685,1.120784,6.7432632,1.8147621,1.8157018,8.729215,0.008220542,1.554837,0.67282975,1.2852241,10.221214,0.31435728,5.2277026,1.5471313,26.697449,0.33241576,487.5764,0.501447,1241.8278,0.22408701,-90.15032,-1.0549413,1368.8372,0.18612157,944.3522,0.2507545,-95.29251,-0.9286364,2474.2258,0.1075853,681.01953,0.29301032,-102.15622,-0.8073635,-17.775526,-0.45856377,29.316654,0.29394308,0.088299364,0.43435976,-0.018658511,-0.86866367,0.107388504,0.78742695,35.00172,0.37191087,15.146862,0.7476764,5.9452553,2.4855943,-3.9982228,-4.4934645,-7.5976453,18.794085,0.008097717,0.014011279,0.013710175,1.8789145,0.84566593,0.68,0.5053217,0.384,0.40897918,-37.951836,04
32.13913,0.050451837,31.155682,31.791962,33.56945,2.4137688,15.055586,5.7415566,11.201553,6.0675907,0.33668748,0.98084164,0.009765404,0.26570845,0.58972317,0.5799578,3.8628798,1.9236281,3.523383,2.946669,0.10670925,1.111309,25.342447,0.7255987,10.564372,1.0216053,7.461319,1.8170086,0.25899252,71.3629,0.010390955,1.3236824,0.73038673,0.912988,9.8205185,0.2784979,1.6324308,4.2329803,24.801607,0.3530881,477.73694,0.39941666,1256.8112,0.21925269,-84.63718,-1.10697,1417.0057,0.20473763,1009.83057,0.40372944,-89.00195,-0.98085165,2478.3115,0.11040208,756.413,0.33006468,-95.04853,-0.8650562,-17.88067,-0.47305983,28.47187,0.3058639,0.07250124,0.65076655,-0.02112598,-0.69775486,0.16893172,0.66239786,36.729958,0.32935986,10.285454,1.2008599,6.266046,2.6361394,-5.9086456,-3.4930885,-10.75777,20.480911,0.0024415925,0.00738005,0.0074436106,1.5625,0.39447734,1.5699999,0.85999995,0.62666667,0.42034376,-35.39182,04
32.241264,0.04742877,30.98818,31.88768,33.97472,2.9865398,16.310215,6.770464,17.82187,14.953816,0.34984103,1.0155251,0.013482868,0.26598948,0.6183582,0.6048753,3.9437041,2.267038,3.0908144,1.7096149,0.119125485,1.1297618,24.711588,0.68788874,8.685896,1.4171089,7.718612,1.6981381,0.41301426,44.742172,0.0100912955,1.6787819,0.7469919,1.0012023,9.660188,0.29125878,1.1903481,7.149522,23.774172,0.33725518,476.05664,0.3915568,1243.6228,0.20063403,-92.888756,-1.0352887,1429.5668,0.20528641,969.70056,0.32946905,-95.96102,-0.9372216,2501.7126,0.12918031,742.0754,0.42348665,-101.38513,-0.8373005,-16.956696,-0.5371599,27.789024,0.29441088,0.079234585,0.5304656,-0.019913001,-0.7372927,0.20130618,0.6210088,35.87265,0.33856627,8.059459,1.7110533,5.5728726,2.9295497,-6.472376,-3.2671719,-12.47552,22.394363,-0.00013180963,0.004743089,0.010586038,1.4705883,0.42462844,1.3399999,0.79999995,0.65999997,0.40603775,-34.745506,04
32.181007,0.04635336,31.13395,31.72962,33.47566,2.3417091,17.286718,7.358548,4.54223,6.1845965,0.3444052,0.9889623,0.013414766,0.2902211,0.62940675,0.615992,5.3346205,3.9216862,2.991211,1.4631914,0.101304814,1.182668,24.045586,0.7415917,10.3243,1.1775551,6.1040463,1.9682099,2.2126997,7.510784,0.009652134,1.5186914,0.8626311,1.2244272,9.868357,0.30994076,1.4825063,6.374217,23.756836,0.3505174,468.2223,0.42390576,1235.2656,0.20265181,-92.30359,-1.0370572,1407.3173,0.19301839,908.64136,0.29711282,-93.0672,-0.9707025,2459.2087,0.11269096,717.8061,0.41849262,-99.61469,-0.84892714,-16.800741,-0.483504,28.025454,0.2741052,0.09277617,0.38236514,-0.01947341,-0.8164073,0.16871347,0.6905211,35.602165,0.33819285,9.53914,1.3569852,3.4977274,4.1989837,-4.032477,-4.5862303,-10.840283,20.689634,0.0015903825,0.007726743,0.008948119,1.502146,0.6507592,0.89,0.23790754,0.62,0.37211108,-35.339115,04
32.170033,0.06473911,31.285732,31.795847,33.22661,1.940876,135.6263,209.91318,19.564201,11.894692,0.38374108,0.9616019,0.019372946,0.32053182,0.6964136,0.67704064,6.1566696,3.4587321,3.1818962,1.4263262,0.120725,1.064223,23.191048,0.79732,8.802816,1.4948053,5.0992475,2.3654375,2.647938,5.5126414,0.01693719,3.3452916,0.8048058,1.0128875,9.493241,0.34966817,3.3172693,2.914237,23.246468,0.3707112,509.3283,0.4509809,1231.1909,0.20267269,-93.63282,-1.0129789,1460.234,0.21308167,922.4802,0.29513082,-92.29632,-0.96444345,2484.922,0.122071415,758.6828,0.3718062,-98.0584,-0.8572167,-16.281853,-0.5167779,26.798378,0.3288725,0.08568461,0.4447181,-0.018700337,-0.8436374,0.19351678,0.60096174,34.566902,0.392623,9.725364,1.3828181,5.4484925,2.5934672,-2.0327573,-8.281527,-7.428606,17.720982,0.010402513,0.010640627,0.01704996,1.6129032,0.6122449,0.9633333,0.74593717,0.6433333,0.37383896,-34.54271,04
32.19993,0.04563572,31.230953,31.745481,34.13418,2.903225,31.615757,26.369581,10.35674,3.9662313,0.3774056,1.1036884,0.014263959,0.20085245,0.66325873,0.64899474,5.9945364,3.2254703,5.4424067,2.962988,0.14755128,1.321449,18.621256,1.0194238,6.117912,1.713785,9.728099,1.4545046,-2.7792056,-5.8475676,0.009498306,1.0403508,0.8821671,0.8954106,8.583032,0.3609248,-0.19793057,-34.273476,20.669683,0.43744683,537.05145,0.48800474,1153.6057,0.22809663,-106.278656,-0.8938858,1456.449,0.2033329,898.9677,0.3775028,-105.07519,-0.8684409,2584.101,0.118620545,651.1219,0.38730225,-110.10755,-0.78272605,-14.237577,-0.6170801,25.573658,0.38175538,0.0745796,0.5783134,-0.018227186,-0.88127047,0.2734836,0.72265005,31.926884,0.47937393,5.6067696,2.2164886,5.647307,3.0203578,-6.8448563,-2.9984787,-5.927874,14.513954,0.018046392,0.0097842775,0.014489322,1.7412935,0.7556675,0.68,0.23280893,0.465,0.4405962,-34.55531,05
31.84436,0.08481347,31.145191,31.72722,33.2376,2.0924072,111.62245,105.349106,11.674911,7.8353925,0.40380672,1.0873553,0.00976776,0.22377475,0.7688674,0.7590996,6.6433263,3.6405578,4.8368406,2.6182864,0.14766452,1.2191693,20.013365,0.85798216,8.284848,1.3460242,8.776743,1.5086735,0.24427548,71.83271,0.0130217625,2.1747165,0.9435574,0.90512496,8.749037,0.36518884,0.43784282,17.674671,19.86472,0.45037547,483.89996,0.42304742,1159.3945,0.24280451,-103.78429,-0.9198782,1441.2433,0.20141423,797.4563,0.3333411,-104.252335,-0.8747041,2553.2588,0.10403972,672.18146,0.5062619,-108.530426,-0.8002092,-14.258192,-0.62716633,24.51684,0.38170955,0.0706383,0.6372895,-0.018995712,-0.82759327,0.27581826,0.60307693,31.958195,0.42517608,7.148241,1.7517389,7.8441987,2.2283242,-8.452734,-2.3898282,-12.178152,23.016396,-0.009348238,0.00741794,0.009757589,1.8648019,0.7075472,0.73333335,0.24580932,0.65333337,0.44850367,-33.62342,05
32.228832,0.049359582,31.3871,31.805359,33.243965,1.8568649,33.74261,21.396368,19.216679,12.197966,0.43706605,1.100274,0.01049757,0.18126595,0.86587995,0.8553824,6.882723,3.510356,6.3219175,4.150284,0.17007773,1.2451833,18.687191,0.8793084,11.946308,0.98610944,10.266878,1.303804,0.13752079,119.460594,0.013810948,1.5610905,0.87781066,0.90664566,8.726185,0.37971848,3.8091924,2.3341227,20.625479,0.38294935,491.75903,0.5067982,1165.8577,0.17665204,-111.30669,-0.84759015,1428.6721,0.21807337,813.87885,0.34016913,-107.58461,-0.8447711,2546.213,0.108470276,614.4734,0.5130628,-111.876915,-0.7718282,-13.848357,-0.58116657,24.187256,0.3722074,0.07147535,0.5661642,-0.017815825,-0.9907622,0.31839412,0.6395237,29.464092,0.4716296,9.795686,1.2697165,7.72367,2.315325,-6.909935,-2.875744,-12.255572,22.229628,-0.0026886943,0.004568439,0.021794608,2.0050125,1.0152285,0.48999998,0.21482551,0.47,0.409695,-32.69919,05
32.174103,0.04707645,31.418234,31.910347,32.917656,1.4994221,20.697313,15.100253,20.35538,12.713672,0.4574587,1.0808743,0.011965107,0.25568414,0.8718021,0.859837,6.6611547,2.6759672,6.7082777,4.1174264,0.17819196,1.2635305,18.846071,0.8358916,11.344842,1.06988,7.4649334,1.7744981,-0.8487143,-20.42135,0.012006621,1.2624518,0.94742393,0.91945684,8.611831,0.41943842,3.2715573,2.5775213,21.742115,0.33623087,535.9221,0.47476736,1149.1887,0.19782443,-109.69408,-0.8675625,1484.5295,0.22466742,808.6488,0.381496,-107.9945,-0.8496428,2623.2092,0.11179082,647.75574,0.54830647,-112.88167,-0.76665217,-13.16797,-0.583548,24.370281,0.3259197,0.06790312,0.56515324,-0.018896135,-0.8304963,0.34098387,0.6407589,28.440283,0.48481965,10.106419,1.3563731,5.150868,3.3741379,-11.403307,-1.6300836,-12.633422,23.430834,-0.011474405,0.0070441924,0.019200057,1.6826924,0.97323596,0.505,0.21053502,0.39999998,0.41809088,-32.08963,05
32.422726,0.053246748,31.54131,32.20044,34.33656,2.79525,57.43341,40.749454,19.22594,5.369727,0.5077275,1.2165524,0.00932314,0.14917272,0.96146226,0.95213914,10.500857,6.6357465,7.7786636,5.6770406,0.24045141,1.3659655,16.951796,0.9097434,8.826515,1.2684096,10.174317,1.3743491,-2.937412,-7.2475605,0.013339609,1.1573062,0.8332263,0.7961725,7.7424574,0.45029485,0.23297003,31.752493,17.81804,0.54859847,595.9763,0.46144846,1135.7322,0.2060156,-117.543686,-0.80412203,1640.2181,0.21483557,800.5752,0.51183146,-113.57826,-0.79817605,2698.9673,0.12257238,737.42084,0.51838255,-115.76642,-0.7617167,-11.463958,-0.7092123,21.376795,0.42070287,0.058160044,0.99185854,-0.021722632,-0.7249241,0.48996234,0.67534155,27.226019,0.4859935,4.447655,2.9812195,8.780366,2.1660767,-16.303745,-1.4900012,-12.213771,22.513529,-0.0055198167,0.0062256367,0.023228213,2.3316064,1.3157895,0.35,0.3102902,0.63666666,0.42757714,-30.60636,05
32.197987,0.05888861,31.201172,31.834915,34.15947,2.9582977,60.572502,35.692123,8.744885,4.029201,0.49726874,1.19588,0.011879453,0.15254973,0.97076666,0.9588872,8.290412,4.275591,8.869068,6.3742437,0.21618965,1.3675762,19.517683,0.7250029,10.259625,1.1613965,11.1233225,1.243782,-2.7881534,-7.4540405,0.01641811,1.426267,0.8399774,0.7157011,7.8642845,0.46521443,0.90565133,8.469811,18.255602,0.45514712,543.0705,0.4496977,1121.09,0.2136771,-113.38315,-0.83776486,1582.7195,0.23809673,743.3943,0.40449956,-109.73119,-0.8296071,2677.1638,0.124656364,767.39777,0.7033508,-112.695305,-0.7785014,-12.749371,-0.6228875,22.607971,0.3822048,0.059016738,0.7953621,-0.020645408,-0.77669156,0.42552337,0.70806277,28.430063,0.42403632,5.7890267,2.1943815,8.938943,2.05659,-15.289953,-1.4896413,-17.515291,28.198324,-0.028044337,0.0024109865,0.019558523,2.0565553,1.0498688,0.46249998,0.3136379,0.465,0.44195586,-30.774324,05
32.004,0.06528531,30.933062,31.764582,33.584686,2.6516247,159.91832,114.861534,20.254293,8.448959,0.50522417,1.1418426,0.020321514,0.15720372,1.0011488,0.98082733,8.3438225,4.0876236,7.0855412,4.3207827,0.27037317,1.5201448,14.301802,1.0993061,9.763062,1.3169992,10.27694,1.2906481,-3.8635378,-3.9334192,0.0168576,1.1424073,1.0397708,0.9136143,6.8391066,0.52712166,3.9132183,2.0812511,20.42097,0.30326337,566.8031,0.49295953,1118.8384,0.23052731,-115.223015,-0.8230314,1590.9785,0.2494043,829.9395,0.36688948,-112.948654,-0.80446345,2643.884,0.11956185,701.7739,0.5828428,-115.91786,-0.75428957,-12.646827,-0.56272626,22.55192,0.34679455,0.069250144,0.67908555,-0.018556548,-0.80000544,0.54607064,0.8378559,26.29101,0.4940852,8.782011,1.5321457,8.697192,2.022851,-12.759095,-1.3532964,-8.167646,16.813465,0.001580676,0.0068829465,0.024916952,2.0408163,1.0335917,0.4525,0.21299942,0.394,0.42026657,-30.809738,05
32.42927,0.053337865,31.125393,31.90696,33.74604,2.6206474,81.7169,54.071033,15.423298,7.326586,0.5718691,1.0318652,0.016136916,0.31736755,1.0988535,1.0827166,6.8049316,3.7761335,6.282125,3.2247875,0.25648347,1.3241057,16.107077,1.0288234,6.807712,1.8356462,8.191202,1.6163822,-4.071474,-4.095844,0.012040642,1.1264689,0.9620856,1.0210892,8.158123,0.37618822,4.5983653,2.0905015,19.453476,0.31708932,596.14636,0.45882824,1095.4092,0.21245353,-110.123825,-0.8654094,1674.9464,0.23981386,760.81635,0.52276504,-108.45732,-0.8301507,2692.148,0.1443801,746.0263,0.518305,-110.78279,-0.78989995,-12.924277,-0.53934205,22.344936,0.332012,0.07508789,0.57061,-0.01864732,-0.87961835,0.47785276,0.7386252,26.955532,0.47636393,7.2524724,1.8600099,9.425749,1.7817723,-10.984223,-1.8784728,-6.8397865,17.652029,0.008167923,0.00815572,0.03668081,1.923077,0.97323596,0.5125,0.21981525,0.48999998,0.40031236,-30.055784,05
32.040844,0.0727711,31.124521,31.930481,34.28943,3.1649075,190.40094,249.18257,17.049463,10.847704,0.36206937,1.0814434,0.010712596,0.23193645,0.6641608,0.65344816,5.7075863,2.5698514,4.2540245,2.3822627,0.1181367,1.2264477,18.678833,0.9138994,7.9021425,1.1803828,6.030411,2.1358154,0.838168,21.78907,0.023542855,2.900178,0.8534659,0.8502645,8.579498,0.46805584,1.3391964,5.1507053,20.91564,0.40283558,508.93677,0.528017,1159.1154,0.2547768,-107.257706,-0.8883088,1433.8696,0.22178625,878.3096,0.35694435,-105.59403,-0.8617837,2513.8806,0.1145595,642.03644,0.46822426,-110.15241,-0.7846158,-14.118349,-0.55300707,23.98814,0.35970902,0.08093588,0.43994612,-0.018122468,-0.8032762,0.21934433,0.63187414,30.308851,0.43556094,8.000669,1.3285258,5.8580303,2.6496842,-6.9004498,-3.038506,-9.030957,19.782179,0.0059292037,0.011294884,0.012594003,1.8957347,0.7194244,0.70666665,0.27980152,0.49499997,0.46698502,-35.380768,06
32.379017,0.043056194,31.416212,31.990822,34.116184,2.6999722,39.92972,35.94038,10.388272,5.7716765,0.3608742,1.0650518,0.013181701,0.24044101,0.6763425,0.6631608,7.117738,3.5027478,4.0706697,2.4370542,0.12160335,1.272567,19.985622,0.8037706,7.1280246,1.3525537,8.452869,1.4652656,2.4571104,7.795513,0.008673081,1.3163732,0.77068126,0.97192675,9.048575,0.34803396,-0.84359586,-8.443781,19.242718,0.4093601,530.3319,0.49816743,1163.797,0.23597991,-108.12435,-0.87709373,1486.2526,0.22186849,878.59906,0.34827676,-105.29043,-0.8600596,2549.7314,0.10834858,718.3864,0.434399,-109.508995,-0.7874242,-14.073833,-0.5638726,24.009151,0.3586158,0.078719616,0.50654054,-0.018065613,-0.84128195,0.22383659,0.6909436,30.430191,0.44809785,5.882703,1.8307033,7.9467993,1.9389896,-7.3785205,-2.8877947,-12.224913,23.772278,-0.008901158,0.0103301145,0.012943874,1.9093078,0.9661836,0.53,0.35376543,0.63666666,0.44032812,-35.730713,06
32.400997,0.04746044,31.412148,31.927565,34.461815,3.0496674,38.04446,44.866123,10.117494,7.5551004,0.41596907,1.0153095,0.010271724,0.254225,0.7816814,0.7714097,5.867474,2.9689648,4.0963273,2.227783,0.13472521,1.2208127,18.151665,0.94884527,10.498132,0.9769383,6.284927,2.126283,-1.2658756,-12.598206,0.010286884,1.1958088,0.79178065,0.91955096,9.082225,0.350353,3.6540189,2.4195879,22.958237,0.33947393,496.57047,0.5058274,1169.1523,0.21182223,-113.88365,-0.8362672,1419.9272,0.20568953,831.5648,0.3313081,-107.729294,-0.8499123,2513.8643,0.11040124,621.511,0.3007995,-112.767914,-0.766655,-14.161301,-0.5091844,24.515156,0.3560111,0.091918126,0.37862173,-0.019909441,-0.77114445,0.25236169,0.61790925,29.454178,0.48952475,10.579183,0.9113768,4.8969784,3.4339144,-10.530311,-1.5969278,-10.7946005,21.648754,0.00578861,0.008266168,0.018472254,1.9559904,0.4950495,1.015,0.575,0.65333337,0.38594761,-33.74034,06
32.513336,0.0471668,31.442535,31.895071,34.433765,2.99123,26.101898,14.189349,9.384928,5.124077,0.36350244,1.0576202,0.009209504,0.2014051,0.6816096,0.67240006,5.3026934,2.2028642,4.687476,3.0495455,0.13095005,1.2426122,18.432539,0.96809506,11.425923,0.9233829,6.232744,1.9232576,0.5422603,30.02202,0.009263262,1.0540688,0.8872016,0.9707401,9.295229,0.30020288,2.561268,3.3314059,23.107698,0.29901117,510.34918,0.50987405,1141.1803,0.20391178,-111.42805,-0.8489756,1446.1655,0.21322885,831.48346,0.32935753,-108.97307,-0.82430875,2529.9475,0.1260986,632.409,0.35075,-113.33583,-0.75278,-16.047384,-0.41547307,26.633205,0.26304203,0.091574684,0.387122,-0.020583063,-0.7431024,0.24345718,0.6527537,31.481201,0.40672782,10.842273,0.9541642,5.9251184,2.5349615,-7.2556386,-2.5448232,-9.17985,19.351639,0.007772692,0.008717958,0.019033436,2.1634617,0.729927,0.6866666,0.2747524,0.65666664,0.37464058,-34.420517,06
32.727398,0.047717977,31.42076,32.474644,34.370625,2.9498653,42.603867,36.226048,18.998383,6.802602,0.3654994,1.0927311,0.0095323045,0.18461818,0.7115843,0.702052,7.8096085,7.1225786,5.121176,2.8185174,0.16728579,1.3541576,17.320107,0.8508376,9.426641,0.98459053,6.6369715,1.9190717,0.88060755,21.427591,0.016497094,1.0345755,1.0597103,0.72483546,7.1375084,0.53041023,1.1798913,6.6780195,20.59938,0.38343912,490.37265,0.46905705,1136.1519,0.22277197,-114.35937,-0.8324857,1437.291,0.1998613,813.2489,0.33696446,-111.893036,-0.8119942,2537.495,0.10085789,667.3587,0.4187103,-115.79874,-0.74772316,-13.695381,-0.5270871,23.104591,0.30380586,0.0748417,0.6055677,-0.018815452,-0.79911,0.33665606,0.6725756,27.788898,0.43167654,8.844569,1.2538128,4.9543023,3.4697604,-9.324532,-2.369577,-11.935261,22.489864,-0.009761797,0.008287279,0.012909178,2.3746703,0.53475934,0.89,0.52,0.47,0.45447773,-34.88263,06
32.659264,0.04391386,31.559326,32.307667,34.06963,2.5103035,37.3939,31.183365,15.498658,6.353542,0.41423488,1.0868789,0.016287843,0.20958066,0.8222393,0.8059514,8.02288,7.349326,5.670027,3.708516,0.18231918,1.3049589,16.347618,1.000842,7.248189,1.3648876,7.088368,1.7904775,0.7911097,24.006588,0.016482268,1.6566695,0.97635907,0.7394735,8.145903,0.40295732,2.1311998,3.6690412,20.410288,0.38569295,525.86005,0.48929924,1192.8611,0.23241936,-118.98112,-0.78795165,1485.0037,0.19601953,870.25085,0.37813905,-112.715805,-0.8031981,2586.47,0.11332899,673.2394,0.44511455,-116.41704,-0.74281347,-13.898933,-0.50486344,22.70098,0.2984847,0.05779295,0.80423856,-0.01822729,-0.9250788,0.365182,0.6327561,28.22752,0.43989435,7.7038383,1.4310225,7.7239485,1.996368,-8.180954,-2.8229747,-8.754106,19.245228,0.0026086576,0.011115418,0.019122988,2.094241,1.061008,0.4425,0.31267995,0.382,0.44660494,-33.256012,06
32.494736,0.045291245,31.579464,32.088474,34.411232,2.831768,101.87561,152.45517,12.973796,7.2880273,0.35665864,1.0669146,0.009734306,0.20125857,0.7114808,0.70174646,7.99242,5.7299037,4.6367164,2.5472102,0.12813978,1.2913119,17.419483,0.96296114,10.460969,1.0031369,9.464285,1.3181033,2.480666,6.601946,0.014201371,1.4127531,0.90545785,0.9598069,9.032884,0.36997506,3.524412,2.7969823,21.378708,0.25195685,543.34906,0.48926812,1150.0765,0.19074702,-113.65687,-0.8412518,1497.5809,0.21268594,860.5689,0.39503884,-113.53316,-0.80063874,2575.4214,0.12687607,653.9064,0.41133094,-117.22127,-0.74128455,-14.066562,-0.4407858,24.468365,0.32281142,0.08605052,0.4676712,-0.015431992,-0.8819879,0.24994008,0.6487201,30.204353,0.4160925,7.48419,1.426792,9.727371,1.5559795,-6.0610585,-3.0775583,-12.553216,22.983343,-0.0134161515,0.008324448,0.020756459,2.393617,0.5405406,0.875,0.515,0.6333333,0.3814301,-35.223083,06
32.452187,0.04289406,31.384996,32.151947,34.128918,2.7439213,21.3582,6.890942,10.172641,5.19035,0.348798,1.0815381,0.01611484,0.17512989,0.6778818,0.66176695,5.9391584,3.4430447,5.2534685,4.009222,0.13137636,1.3503886,17.10159,1.0214822,8.311114,1.3027074,5.7111583,2.218143,3.0510092,4.5966153,0.0138915405,1.2536178,0.9115012,0.8812731,8.885421,0.34661195,3.6988697,2.5104716,22.265207,0.31190348,498.52286,0.50656635,1186.3206,0.24273251,-118.27404,-0.79993373,1423.7203,0.19800667,875.2204,0.39267334,-116.25907,-0.77749157,2477.7615,0.10429715,705.71954,0.46131212,-120.40415,-0.71218026,-13.856201,-0.45483708,25.035051,0.30211076,0.086362876,0.4590717,-0.014911458,-1.0035489,0.2667034,0.6751803,30.65682,0.4466742,8.590243,1.1998222,6.969917,2.2930157,-2.8031576,-6.281519,-7.8819585,19.201527,0.007202259,0.010942525,0.018941976,2.0725389,0.5263158,0.875,0.515,0.6666666,0.40102646,-35.079147,06
44.224678,0.02825715,43.446968,44.076305,45.78376,2.336792,18.964016,15.781154,27.593445,36.786682,0.41654244,1.0500525,0.007680464,0.27314565,0.8196295,0.811949,5.0946817,2.684169,6.312317,3.5029526,0.10860944,1.1860129,10.0206785,1.3289781,-9.67924,-1.7104932,-6.46983,-2.1730158,-18.058107,-1.0303993,0.008589361,1.874572,0.7423152,1.189758,13.545784,0.38856447,11.032137,0.6052824,15.4454975,0.55396205,631.6206,0.5250556,1178.1455,0.28817475,-137.39551,-0.6350312,1606.8083,0.21947773,869.57135,0.36959395,-92.06999,-0.9960966,2692.9656,0.1244353,786.3697,0.42255244,-95.52632,-0.9277922,-7.386395,-0.7405302,18.405495,0.3642914,0.16922987,0.17393184,-0.0020780605,-3.68879,0.18521664,0.66041327,17.30712,0.655948,-20.325163,-0.6528238,-12.038795,-1.2637559,-30.508507,-0.46782005,-1.2504576,8.964362,0.09100483,0.008747579,0.0055324254,1.923077,0.48661798,1.1899999,0.96,0.56,0.43011627,-35.325535,01
44.329548,0.026691,43.672157,44.088634,45.899586,2.2274284,13.399121,10.642935,11.763718,11.043528,0.4012063,1.0915232,0.0101612825,0.22435395,0.8480443,0.837883,4.5295753,2.2100415,6.498801,3.32002,0.09778545,1.1771244,10.6556225,1.1046098,-11.357031,-1.3055108,-7.241536,-1.7739401,-16.512033,-1.1079786,0.011252136,1.6114465,0.80592173,1.2460421,13.419846,0.4292326,11.111593,0.626076,15.96416,0.542934,586.75946,0.5103303,1235.0033,0.24951705,-145.42761,-0.582716,1566.9491,0.20086014,910.0582,0.39002472,-97.0308,-0.954461,2669.4316,0.11546136,774.14044,0.47748917,-100.60365,-0.8883243,-7.687506,-0.7213379,18.279339,0.3826517,0.15437217,0.25492412,-0.0037232144,-2.3664165,0.17520554,0.5928218,18.024931,0.53383887,-19.747406,-0.74873513,-11.080922,-1.4210339,-28.368946,-0.58904016,-0.26629272,8.608958,0.11463269,0.01575182,0.005419961,1.7057569,0.4310345,1.28,0.35,1.01,0.07,-35.164238,01
44.13908,0.027850049,43.370743,43.959812,45.29131,1.9205666,13.262527,5.866706,17.284943,10.190635,0.3736947,1.0811502,0.028533941,0.17813721,0.84270096,0.814167,5.0212665,2.9802186,6.046943,3.7388916,0.0918256,1.2089053,20.01479,0.42317995,-8.367955,-1.9076031,-4.3868604,-2.7262626,-14.608959,-1.5963362,0.009401836,1.4870673,0.6181962,1.0413729,14.046425,0.3109225,9.728534,0.61307085,14.605271,0.5459005,605.07495,0.56626487,1169.135,0.30607194,-154.54733,-0.5018707,1589.5192,0.24006069,874.1465,0.47159788,-106.61988,-0.86612993,2716.7073,0.121884786,791.6187,0.63942266,-109.82175,-0.81077075,-8.419488,-0.6953311,19.300877,0.314848,0.16353807,0.18902287,-0.0034137703,-2.5387063,0.17767052,0.5580816,19.345484,0.4984876,-20.709908,-0.6355521,-5.8522415,-2.7371032,-34.652126,-0.46393445,-8.94462,22.030998,0.04111034,0.0069662356,0.0061723217,1.6055045,0.69767445,0.71666664,0.68946034,0.52,0.4622229,-36.81081,01
44.11378,0.028814834,43.32111,44.05015,44.80436,1.4832497,21.179632,12.900331,12.465364,5.3376656,0.3826719,1.1162578,0.0100384,0.20475665,0.8177821,0.8077437,5.5481453,3.0149503,4.4889307,1.8100911,0.094372585,1.2125715,9.468915,1.2846506,-8.009863,-2.4016848,-5.079642,-3.0041203,-14.307805,-1.5774153,0.012361278,1.7705331,0.70123816,1.0740492,13.327122,0.40090814,11.282662,0.4859222,16.262676,0.4971567,615.6653,0.49824408,1234.7604,0.28185406,-146.74272,-0.5699667,1624.7811,0.21452741,881.42993,0.4511141,-101.03193,-0.91358036,2696.6108,0.11853794,849.0615,0.4540053,-104.04918,-0.8593374,-7.9531918,-0.72748846,19.908278,0.32578382,0.16609302,0.17762008,-0.0021940349,-4.2899876,0.17539954,0.5854337,17.244146,0.6153579,-20.514116,-0.8116988,-12.26112,-1.1914898,-30.195927,-0.5891041,-4.4860706,13.02914,0.06394201,0.010421641,0.0024381443,1.5837104,0.45766592,1.165,0.48499998,0.66333336,0.42897812,-36.672115,01
44.61287,0.04909297,43.4233,43.883774,47.607487,4.184185,22.221113,16.801205,5.086117,5.668419,0.40195894,1.0262562,0.011935402,0.25823706,0.8490168,0.8370814,4.895551,2.8252635,5.700505,2.297777,0.106783874,1.1718278,9.535554,1.1286126,-9.7793,-1.664617,-3.502535,-4.001758,-20.725958,-1.0893183,0.011137161,1.9779769,0.67709494,0.98273003,13.252164,0.3760326,10.213464,0.6276695,14.459785,0.5350192,653.058,0.52532756,1096.2362,0.23833004,-141.6991,-0.59722614,1684.9302,0.23757857,876.70404,0.4512668,-98.93358,-0.9220202,2779.4119,0.12356252,667.6651,0.5104108,-101.70226,-0.8701339,-8.161857,-0.5929745,17.808556,0.33038637,0.15813147,0.2398143,-0.0034377195,-2.4265845,0.19106829,0.5979955,15.822911,0.5973683,-20.875284,-0.62303656,-7.2501297,-2.3621492,-37.03854,-0.45689064,-2.0412674,8.795826,0.08788532,0.006444606,0.0067046327,1.6597512,0.8385744,0.6475,0.42909062,0.41799998,0.4795164,-36.16508,02
44.69764,0.045232452,43.555798,44.00284,47.63861,4.0828133,18.735764,7.4387097,9.559946,9.097576,0.36463615,1.0132978,0.009243092,0.24323145,0.7605144,0.7512713,4.918475,2.5762074,5.2892,2.9449294,0.086397134,1.2102611,9.383739,1.2340415,-10.018669,-1.5714953,-5.488479,-2.5447376,-18.208134,-1.2317041,0.008811686,1.5045775,0.69995564,1.1238557,13.670995,0.39431873,9.621264,0.6028336,14.320726,0.6709433,619.7742,0.5918263,1149.2413,0.31166914,-148.44809,-0.5481848,1579.9401,0.23742308,849.8341,0.42448583,-97.68607,-0.94803613,2710.3113,0.123362206,709.38544,0.5846258,-101.54068,-0.87628025,-8.066174,-0.5261714,18.670338,0.32793257,0.16515857,0.20799473,-0.0032653564,-2.5934145,0.15413521,0.64115536,16.467682,0.6028606,-20.364653,-0.5931687,-10.381883,-1.5371203,-33.99107,-0.5013274,-1.7458222,9.230525,0.08078238,0.009955036,0.0051758275,2.282158,0.4192872,1.31,0.75,0.7,0.4626734,-37.22641,02
44.421288,0.05050692,43.36802,43.975224,47.5667,4.198681,23.071218,11.452729,7.381853,7.949889,0.38288844,1.0987753,0.01205014,0.18246846,0.8292403,0.8171902,5.380838,3.296619,5.7082243,3.0224462,0.09911273,1.1813291,9.332731,1.2104946,-10.600769,-1.5472779,-6.1407094,-2.189899,-19.35749,-1.2705809,0.010374974,2.7536895,0.75156385,1.2800227,13.07595,0.39867428,9.585617,0.5406742,15.672645,0.5673996,655.5718,0.5247151,1145.2181,0.25661206,-144.71857,-0.5789753,1646.5928,0.23415627,862.0417,0.44979647,-104.25995,-0.8889589,2757.1333,0.11371681,712.4744,0.5712862,-107.54313,-0.830253,-7.550334,-0.6520583,18.321539,0.33511034,0.16623841,0.18543224,-0.004159104,-2.3986516,0.19008714,0.52545536,16.471098,0.60823464,-22.486202,-0.62371975,-11.206923,-1.3916193,-38.822906,-0.47544727,-1.4582753,9.348434,0.09525073,0.008546162,0.005108689,1.754386,1.1086475,0.454,0.12626955,0.424,0.46517095,-36.72676,02
44.375328,0.048737735,42.984013,43.898518,47.51407,4.530056,20.073206,6.57452,13.990447,9.594007,0.36988235,1.0480587,0.013745874,0.19446677,0.78073364,0.7669878,5.054701,2.74213,4.787261,2.2153392,0.09233406,1.1726922,11.961324,0.82549214,-9.42141,-1.7378284,-5.848803,-2.1288385,-20.038473,-1.1685187,0.009539846,1.5364504,0.6810668,1.0491636,13.611662,0.33495614,9.389838,0.654283,15.258112,0.5686416,709.482,0.52977854,1120.4277,0.28110412,-139.44353,-0.61355036,1676.174,0.25251263,931.4702,0.49692714,-101.144615,-0.90969485,2767.0852,0.1274695,697.72546,0.6234497,-104.78087,-0.84504986,-9.13003,-0.47077823,19.23946,0.30089346,0.1623844,0.19136316,-0.0034297332,-2.2841005,0.17072521,0.5597589,17.233837,0.53779835,-21.034784,-0.6624457,-9.621134,-1.5624228,-37.674164,-0.4821978,-4.217735,12.299932,0.080139674,0.0046319603,0.005475197,1.6460906,0.8368201,0.63,0.035355337,0.43400002,0.45749754,-36.96067,02
44.292202,0.047411047,43.199146,43.75246,47.461395,4.262249,35.393894,30.796162,17.0941,8.329532,0.43629083,1.0543379,0.012582216,0.25829956,0.9233763,0.9107941,6.679606,4.8560257,6.2975173,3.6414864,0.118208654,1.2073796,9.696998,1.1441305,-13.009903,-1.1394506,-6.420674,-2.221525,-19.100683,-1.0996519,0.01747428,2.3741102,0.7369853,1.091314,13.091908,0.39340788,8.879094,0.71491057,14.961051,0.58767766,625.2529,0.53959185,1229.7858,0.2877633,-142.97815,-0.59462214,1576.3385,0.20871228,895.16095,0.4594488,-98.942604,-0.9479689,2714.2256,0.11640084,688.5962,0.51991576,-102.832466,-0.87401354,-6.8315806,-0.8116294,17.644867,0.37153873,0.14913237,0.21045639,-0.0036247703,-2.8194363,0.21734114,0.60225856,16.41921,0.61123747,-23.132402,-0.56349546,-10.625907,-1.6684518,-34.72014,-0.4771163,-0.03597771,7.7420516,0.10552264,0.00911393,0.005866042,1.9067798,0.856531,0.6175,0.39877155,0.6966666,0.46190426,-35.19462,02
44.369896,0.045615036,43.425423,43.954067,46.0946,2.669178,25.785065,19.483866,4.140239,7.4556394,0.39449072,1.0454755,0.013045925,0.22628203,0.8415167,0.82847077,5.886897,3.2368886,6.267309,3.3080728,0.10849318,1.1896827,9.875831,1.0860623,-12.085544,-1.21088,-3.8455727,-4.026169,-18.621769,-1.1875321,0.017168108,2.4138112,0.6884311,1.0756932,13.068601,0.4043218,8.810841,0.6645801,14.70885,0.63128096,683.3729,0.52680314,1154.1902,0.32002813,-139.77208,-0.61570483,1630.6731,0.2340036,907.64185,0.46864226,-99.60914,-0.93461823,2754.7043,0.13196327,704.85614,0.609887,-103.38691,-0.8659589,-6.817264,-0.830283,17.662823,0.39914447,0.15745437,0.2121442,-0.003015889,-3.423602,0.19882485,0.5886448,15.6960125,0.6617354,-20.867353,-0.6496004,-10.235014,-1.7043241,-34.51067,-0.53324014,0.2557684,8.926997,0.084977135,0.008232628,0.0058784746,1.7167382,0.6507592,0.81333333,0.53804165,0.525,0.49297565,-36.382755,02
44.526226,0.04478059,43.3573,43.851738,47.354435,3.9971352,17.825108,6.6692615,21.727076,10.412796,0.43452007,1.0693327,0.0147227645,0.23559046,0.8509519,0.83622915,6.2871885,2.9034297,5.4776263,2.3023438,0.11839486,1.2214788,11.544191,0.9009794,-14.072677,-1.0736942,-4.850029,-2.2993093,-18.021626,-1.256465,0.010055411,1.8317862,0.6429895,1.0145873,13.66455,0.33814812,10.700231,0.5507114,14.639904,0.58754474,628.6127,0.5685746,1084.4727,0.26563135,-151.82222,-0.5236903,1629.842,0.26425794,853.19995,0.31467736,-102.327255,-0.91010135,2683.6497,0.13228954,765.25055,0.49908206,-105.94984,-0.84528416,-8.375059,-0.4669484,19.157879,0.26546013,0.16191809,0.19766364,-0.0027858596,-2.8947592,0.22134396,0.6035671,17.933954,0.518503,-24.392225,-0.522807,-7.762778,-1.790673,-35.553833,-0.49301195,-0.40243995,10.08649,0.09779572,0.0068824138,0.0074735424,1.7167382,0.6507592,0.7966666,0.76630425,0.53749996,0.44868556,-34.457893,02
44.360264,0.047222134,43.064667,43.89442,46.06077,2.9961014,44.461075,35.25696,13.563121,5.942051,0.4758814,1.0826874,0.005072718,0.24245226,1.0406897,1.035617,7.313253,4.534188,6.74793,3.758605,0.13657217,1.2212179,8.486635,1.3098298,-12.1403055,-1.4504651,-4.071297,-3.0304234,-20.836153,-1.1401304,0.010981126,1.7390363,0.75112456,1.0114834,12.483635,0.45327488,10.998922,0.5229904,14.033027,0.61033195,638.3927,0.5871813,1018.3683,0.33307788,-149.07503,-0.5453077,1647.9968,0.27237928,752.7108,0.31038412,-97.97233,-0.9571625,2747.6094,0.14565904,661.8917,0.61699384,-101.45766,-0.89222485,-7.4304237,-0.6507375,16.863909,0.35774145,0.16532883,0.18261135,-0.004146522,-2.3841896,0.2513511,0.6035468,15.096526,0.64201844,-24.102974,-0.6499116,-5.768303,-2.7821057,-38.525276,-0.4836236,-0.3583394,7.9972477,0.10031303,0.01394024,0.0025685986,1.7316017,0.4376368,1.235,0.585,0.68333334,0.42897812,-34.533485,02
44.50585,0.05039471,43.110416,44.1342,47.3451,4.234684,40.926117,47.677486,23.254827,19.74113,0.5761049,1.1379093,0.018290645,0.27675086,1.2123518,1.1940612,9.080589,5.0591855,10.71725,6.654857,0.26967818,1.5568955,11.255406,1.0452213,-11.253266,-1.5601126,1.5554909,10.241546,-14.320336,-1.3381561,0.017338362,1.5543537,0.78439534,0.83929974,12.009008,0.3972011,12.437801,0.64180017,15.592756,0.55882746,578.05035,0.47161067,1175.2694,0.21098703,-153.35149,-0.53803784,1613.3127,0.17951618,911.06464,0.4514791,-101.310486,-0.9316285,2635.8257,0.10930003,865.41754,0.44649926,-104.356026,-0.87464964,-8.090898,-0.835285,18.808144,0.37507474,0.07972789,0.5692747,-0.0034599793,-3.7100253,0.5091799,0.9181633,19.11108,0.511693,-22.871145,-0.6598586,-2.6709483,-7.455524,-26.940388,-0.6443099,-3.1467037,11.876221,0.0646638,0.007330824,0.010458529,1.7937219,0.45351475,1.15,0.65999997,0.6866666,0.47316897,-30.22836,03
44.33567,0.065370604,43.350975,44.1868,47.270927,3.9199524,163.17278,212.18633,16.136553,10.588163,0.5281299,1.0919302,0.016468488,0.3059376,1.1442531,1.1277846,7.4131174,3.8894303,9.692761,5.374343,0.19110155,1.2554322,9.281336,1.2077991,-12.206982,-1.3396308,-3.412535,-4.8304462,-18.625694,-1.0323105,0.019394936,2.0999994,0.759264,0.8377076,12.56006,0.42207548,10.399821,0.6996638,15.25107,0.5601461,660.99084,0.5279775,1199.7976,0.26223117,-141.05103,-0.6204843,1643.0785,0.21401402,816.9613,0.3958681,-98.722534,-0.9591161,2776.86,0.11320368,747.3599,0.4967785,-102.505486,-0.88686323,-6.844533,-0.88913876,17.755173,0.38045114,0.1329063,0.28689545,-0.0019608014,-5.300529,0.3537362,0.64165986,15.813203,0.6543759,-22.411478,-0.65310895,-7.546985,-2.6917624,-32.07787,-0.5174335,-1.3095975,9.413353,0.10524997,0.009382581,0.0077082836,1.7937219,0.45351475,1.175,0.655,0.66999996,0.4626734,-32.208954,03
43.957546,0.074451394,42.872993,43.828625,45.52514,2.6521454,170.54414,209.59352,22.187172,22.479418,0.59956443,1.1034573,0.01381962,0.29715872,1.3260996,1.31228,7.392044,4.3263583,6.4812264,4.080939,0.22150764,1.2912647,10.007311,1.0412188,-15.288212,-1.1665444,-5.2012067,-3.042378,-19.28897,-1.1388562,0.016324822,2.7332947,0.7911005,0.875271,11.971787,0.44921812,10.657412,0.8813698,15.066466,0.5500347,703.7615,0.4881785,1112.1135,0.246529,-134.16743,-0.6751996,1734.7114,0.2193058,851.8559,0.4010386,-97.35501,-0.96867305,2814.9414,0.12061003,818.1402,0.47866786,-100.59787,-0.90641475,-7.0333443,-0.8201632,18.35638,0.31659296,0.15056732,0.25582367,-0.002180462,-5.0130835,0.40760604,0.6801233,16.375086,0.5446379,-26.378239,-0.6142954,-10.387924,-1.7732635,-34.87828,-0.5241404,-0.061704587,8.045076,0.10244327,0.008480869,0.004878397,1.9607844,0.44052863,1.23,0.64,0.6766666,0.42287377,-30.657711,03
44.42147,0.047856674,43.234978,43.974266,45.149857,1.9148788,95.16133,131.25893,20.401203,25.013372,0.6053191,1.1049762,0.015539,0.26670772,1.2812836,1.2657446,7.999794,3.279259,8.274598,5.0126605,0.2347311,1.2018173,10.903843,0.9170813,-17.37812,-1.052909,-4.6238556,-3.521524,-18.399137,-1.0684001,0.017721448,1.9369059,0.72962517,0.9637178,12.032745,0.47070768,12.381667,0.69469905,15.65125,0.5243661,768.053,0.4586862,1128.2493,0.24007562,-127.14042,-0.73095775,1781.1362,0.19780236,957.19977,0.4670674,-99.00821,-0.9525494,2822.2612,0.11665422,851.69025,0.5012498,-101.994965,-0.8950569,-6.4883347,-0.8651096,17.814108,0.31954193,0.15168965,0.24261162,-0.00047423202,-23.415928,0.43798882,0.5685838,17.080336,0.51495945,-29.18641,-0.5412819,-9.597823,-2.0574238,-32.38806,-0.52564526,-0.2561717,8.998981,0.10673234,0.0088366745,0.0060277,1.7817373,0.6756757,0.78333336,0.7050453,0.505,0.47589388,-30.775263,03
44.84403,0.05869042,43.173237,44.24478,48.02104,4.847805,41.361534,28.517448,24.571606,5.925169,0.78999674,1.1371214,0.015045298,0.33735144,1.7709541,1.7559088,11.771537,6.369106,13.3415575,6.553965,0.45596886,1.3186877,9.012562,1.2562577,-13.834343,-1.3806515,-0.26065755,-69.931076,-11.655053,-1.4615382,0.019751042,1.3851708,0.8434227,0.84310234,10.689393,0.41945824,12.06438,1.0000283,12.458647,0.8308832,672.6294,0.44396013,1128.8375,0.24679078,-143.21724,-0.626937,1685.8636,0.16774453,915.07086,0.40054733,-102.109985,-0.94116616,2715.0398,0.10021192,860.67224,0.4163265,-104.60397,-0.8929184,-4.680192,-1.243193,15.120186,0.44799206,0.065878116,0.57265013,-9.878546e-05,-147.85359,0.88995534,0.64820266,15.89824,0.5588532,-27.46499,-0.5891779,-3.709545,-6.371816,-22.565872,-0.73596555,-2.2040694,11.073601,0.058152046,0.0063759172,0.012491009,1.8223236,0.6912443,0.72999996,0.3149603,0.69,0.4684727,-26.65095,03
44.73639,0.06086785,43.180664,44.034046,47.900864,4.7201996,73.779495,47.652363,13.262965,8.73587,0.7368713,1.1194994,0.014639784,0.36589938,1.6584007,1.6437609,8.395947,6.1978045,14.067226,7.7452374,0.42254496,1.3411086,10.026667,1.11675,-13.920247,-1.2925206,-0.7734237,-23.757069,-11.374148,-1.5716311,0.015985478,1.4777337,0.7720466,0.7231613,11.593023,0.37239566,11.383492,1.1454362,12.708383,0.8894759,614.4272,0.45979434,1143.2758,0.22998504,-148.45735,-0.58908767,1642.7815,0.16642547,892.80774,0.43667153,-101.008965,-0.9502106,2693.571,0.10097293,772.0808,0.44236594,-103.479866,-0.89986444,-5.58892,-1.0258121,17.051338,0.43257684,0.06342979,0.7367369,-0.0022700247,-6.5247526,0.8112721,0.69283855,17.427366,0.4564163,-26.540583,-0.60507095,-4.3702683,-5.48454,-23.182438,-0.7396852,-4.0776696,14.985791,0.06634727,0.010955942,0.020433992,1.8348624,0.92807424,0.5475,0.060570206,0.66999996,0.4636809,-26.864439,03
44.388145,0.066215985,42.923965,43.964825,47.53751,4.6135445,33.94592,20.814747,19.990112,10.271584,0.8128847,1.1138116,0.017392587,0.3535524,1.910752,1.8933594,12.259064,10.102985,12.355248,5.6511607,0.44301572,1.318226,10.409668,1.04065,-15.858198,-1.2927393,-2.814157,-5.242,-16.472902,-1.1433579,0.018546345,1.5426533,0.87233436,0.82090074,10.810808,0.48120046,12.903674,0.7530553,14.939493,0.6290593,795.5995,0.42105657,1090.6532,0.25190976,-125.16626,-0.7523413,1819.2961,0.1845378,910.4744,0.36370793,-99.84315,-0.9474382,2835.654,0.10808798,928.4009,0.49286368,-102.45163,-0.89795387,-6.1086454,-0.92543936,17.180258,0.38744873,0.110484675,0.3553317,-0.003034098,-4.1782784,0.8326441,0.68855363,17.395079,0.43197078,-29.505173,-0.6365574,-6.3998895,-2.9794457,-28.922821,-0.6168405,-1.3351554,9.973201,0.10405279,0.00954631,0.016234016,2.2624433,0.6864989,0.7633333,0.32724437,0.6666666,0.4290558,-26.355888,03
43.96012,0.07990613,42.69365,43.648766,46.295216,3.6015663,88.07491,68.75975,60.445465,94.030495,0.76155967,1.1126723,0.017298307,0.28857583,1.7909054,1.773607,13.132324,10.858333,10.794702,6.758262,0.36738098,1.2782575,8.225579,1.2021699,-15.656816,-1.2136862,-4.8704224,-3.4911966,-14.758542,-1.250864,0.037797254,3.0272977,0.80438703,0.7396656,10.717021,0.51712894,10.288615,1.4108361,12.943322,0.97847795,843.15717,0.41649646,1009.3369,0.26578146,-123.458275,-0.7758886,1874.7183,0.20008744,928.21674,0.43917105,-102.63305,-0.9361762,2851.2212,0.1144955,886.3832,0.4853391,-104.65152,-0.8977373,-5.2690873,-0.86700046,16.795383,0.37736475,0.12676264,0.29333246,-0.0027493113,-4.4374213,0.71892965,0.6019208,14.747074,0.52544236,-29.519176,-0.54191065,-11.27108,-1.851142,-28.236643,-0.5990421,-0.3889427,9.914762,0.090688504,0.006099649,0.010076161,2.5462964,0.4683841,1.0799999,0.56,0.6866666,0.4296769,-27.744034,03
44.653156,0.047368538,43.481754,44.109272,47.119705,3.637951,39.80665,17.168243,19.609606,11.597955,0.44880274,1.1531212,0.013162594,0.22500086,0.9866626,0.9735,8.001263,3.580506,7.1078143,4.7594233,0.1851513,1.2688249,10.705982,0.99978054,-9.339482,-1.672411,-1.1698227,-12.308464,-14.698491,-1.2108701,0.014887561,1.3836825,0.8996277,0.8613398,10.987895,0.49362195,11.835763,0.6113366,14.16541,0.72501254,558.8685,0.5415582,1133.7958,0.23460324,-163.68668,-0.43822688,1554.0167,0.2139065,820.5976,0.36863935,-106.56642,-0.8692374,2619.7944,0.12782766,744.86896,0.41056055,-109.617004,-0.8149929,-8.064884,-0.7068051,17.504082,0.37440807,0.10177181,0.47746712,-0.0037472844,-2.9936268,0.36246666,0.6038089,17.71229,0.57681346,-19.740131,-0.75545025,-4.246631,-4.49128,-27.80176,-0.5661504,-2.5950103,10.344388,0.06831256,0.0071533276,0.0107855685,2.5056949,0.92165905,0.53749996,0.6377058,0.5225,0.5025124,-33.41459,04
44.500835,0.03778887,43.736263,44.17138,46.592216,2.8559532,26.418043,17.095835,10.844476,7.0102544,0.38844174,1.0286419,0.012550465,0.23557666,0.81678015,0.8042297,5.108225,3.2739058,5.472435,3.3052363,0.10532766,1.3130544,10.926473,1.2274387,-10.247067,-1.4443356,-2.6383047,-5.2506747,-16.415096,-1.1735636,0.011069462,1.7009224,0.72040015,1.222471,14.039379,0.34120592,12.351655,0.62913305,16.252739,0.5765273,549.19293,0.5066834,1272.6929,0.23281765,-155.60567,-0.5062625,1551.4553,0.18589771,892.67444,0.38901263,-105.4448,-0.86655587,2648.473,0.11636989,806.813,0.5257799,-109.10271,-0.804451,-8.491172,-0.6554842,19.553474,0.30256793,0.13315777,0.3431666,-0.0040468434,-2.5267878,0.19467373,0.7364201,19.984692,0.53132516,-20.141483,-0.68061453,-5.977074,-2.9029007,-30.563892,-0.53456724,-0.80266124,8.976459,0.083147004,0.007471117,0.012646241,1.8518519,0.83160084,0.6125,0.41703567,0.454,0.50014395,-35.52818,04
44.4288,0.039318077,43.49434,44.13456,46.924812,3.4304733,15.143353,4.108188,17.660313,8.075159,0.44055402,1.079923,0.019139342,0.22751494,0.89561176,0.8764724,6.051658,2.779942,6.1540456,3.224959,0.13300334,1.2577455,11.3768215,0.9591529,-8.32084,-1.9760793,-2.1402178,-6.681084,-16.948994,-1.4242007,0.008276215,1.5870197,0.6426345,1.1151102,13.60425,0.36695102,12.977079,0.417302,14.38701,0.48181522,578.91034,0.54625034,1137.3575,0.22318092,-155.78055,-0.48529214,1615.8119,0.23216431,766.9847,0.34534168,-103.4277,-0.8872585,2725.6448,0.12792861,676.5564,0.52980787,-106.335526,-0.8351671,-9.000455,-0.5385353,18.648325,0.28247482,0.16525038,0.18404302,-0.003728166,-3.0017207,0.24170202,0.7052719,16.97703,0.5472758,-19.872644,-0.6625792,-7.6276875,-2.0411096,-35.173065,-0.533224,-9.612772,19.563187,0.062028274,0.008271303,0.017273702,1.7699115,1.1185683,0.45799997,0.16797619,0.412,0.44260138,-34.180626,04
44.358322,0.044608697,43.470825,43.99128,46.315033,2.8442078,24.865189,14.702561,18.185846,8.99042,0.5507057,1.148065,0.020024361,0.23117286,1.1266813,1.1066569,8.990521,4.3549376,8.033767,3.8840854,0.2108051,1.2671996,10.629027,0.99247456,-11.022589,-1.5860177,-1.6021847,-9.718817,-16.72448,-1.4533191,0.012805728,1.7221773,0.682134,0.9002591,12.135521,0.446149,11.762589,0.5456739,13.675544,0.5883121,592.52313,0.6035793,1129.704,0.27101612,-153.71841,-0.50909454,1606.9629,0.2461598,781.684,0.41476658,-106.390114,-0.87089634,2675.4292,0.13747922,640.16364,0.46662685,-108.77701,-0.8280879,-6.6083994,-0.772843,16.81697,0.385435,0.15855707,0.19693096,-0.003729976,-2.8968163,0.3985327,0.66630393,15.720624,0.6210066,-23.346989,-0.61221784,-7.710643,-2.2829223,-36.134396,-0.52127063,-9.608073,19.868864,0.06683489,0.009254822,0.027169095,1.7937219,1.1337869,0.43400002,0.14664243,0.5275,0.46831477,-31.465738,04
45.30473,0.07257588,42.83526,44.301025,47.827866,4.992607,124.53991,87.46995,60.642582,43.136494,0.68332815,1.1116097,0.014456066,0.40465134,1.4304658,1.4160098,11.013148,8.885562,13.217716,8.583838,0.52019465,1.634314,12.052137,1.0868405,-11.707348,-1.3717422,-3.7528665,-4.0255837,-13.133546,-1.2627705,0.022542756,2.1420958,0.8419155,0.7398324,11.07611,0.3847449,12.123053,0.7201412,15.934294,0.65572345,642.9801,0.4758775,1202.0524,0.28090286,-146.49257,-0.5751809,1627.8195,0.21404059,926.4031,0.3546884,-105.74693,-0.8759986,2675.519,0.11120023,768.97345,0.42607847,-108.86067,-0.82012767,-10.201208,-0.5285692,20.207752,0.2584065,0.08316133,0.5931485,-0.009775672,-1.3583342,0.9932513,0.9919353,21.199884,0.45508766,-22.05809,-0.676161,-8.399622,-2.1974335,-25.446115,-0.5623727,-1.1771139,9.672763,0.07472718,0.0075836154,0.045902267,1.9736842,0.886918,0.565,0.69316304,0.53749996,0.5066249,-26.12312,04
45.11697,0.06785827,43.34083,44.255722,47.198048,3.857216,58.263355,38.69378,44.68794,35.50363,0.6095948,1.1402315,0.013994912,0.30367342,1.2363334,1.2223384,12.290821,8.937428,11.409418,6.3395443,0.37613603,1.4144682,11.597903,1.1184801,-11.697363,-1.3305602,-3.4440105,-4.51904,-13.807804,-1.2501628,0.019794846,1.3261404,0.86268467,0.65823984,11.111346,0.39973357,12.361264,0.82181615,17.949835,0.5889524,691.56683,0.44709566,1279.989,0.28955778,-140.10786,-0.62112635,1665.1514,0.18539044,914.3898,0.35856873,-106.38536,-0.87287974,2730.331,0.11501093,861.8272,0.54138047,-110.88747,-0.7943358,-9.32397,-0.5873348,21.283466,0.34422728,0.11320402,0.33301583,-0.008565925,-1.2841922,0.7377337,0.74821806,21.034182,0.48028988,-21.063051,-0.7332314,-10.591858,-1.656333,-25.739916,-0.6227954,0.26063424,6.570213,0.08929856,0.008953483,0.016050322,2.1645021,0.65645516,0.7633333,0.3026916,0.5525,0.5313367,-27.53448,04
44.706734,0.05295819,43.091805,44.352173,46.67068,3.5788765,70.17336,43.005764,23.513355,14.692233,0.579664,1.2135564,0.01353192,0.21480937,1.1232517,1.1097198,8.397013,4.343196,9.055026,6.3255973,0.33112577,1.5826992,8.924894,1.4680489,-10.7953005,-1.4254115,-6.3650026,-2.1361554,-15.215361,-1.1460954,0.026844423,1.43189,0.866626,0.699859,10.774129,0.45901668,13.905771,0.61998457,16.882553,0.5655116,755.03876,0.402816,1165.2472,0.30950624,-135.58696,-0.65304136,1769.0956,0.19831263,959.1193,0.3559818,-110.38265,-0.8338568,2772.515,0.12236563,844.44214,0.40799677,-113.0943,-0.78670424,-9.048634,-0.7106422,19.937994,0.37010098,0.14642575,0.23594837,-0.0066879992,-2.0889068,0.673789,0.86543995,18.492544,0.6151006,-20.60979,-0.74907017,-12.190166,-1.3034086,-27.282627,-0.6445345,0.7033809,7.213182,0.105358735,0.009360776,0.010127846,1.6203705,0.7025761,0.6866666,0.19327585,0.53499997,0.46682438,-28.79945,04
44.431145,0.052548274,42.970963,44.081814,45.168133,2.1971703,71.41647,46.342377,23.096039,15.266803,0.59735215,1.3003285,0.012528074,0.15299776,1.3361549,1.3236269,12.269252,8.886613,10.346236,6.9179807,0.3141791,1.5263172,9.952826,1.1800668,-7.9131126,-2.3830488,-3.9730802,-3.4774752,-11.037155,-1.8665959,0.015265833,1.128362,0.99079657,0.7487308,10.341474,0.5219269,10.87852,0.70918214,15.905042,0.6237422,728.3317,0.50239754,1126.2742,0.31172737,-145.2366,-0.5727294,1756.4213,0.23338081,896.1353,0.515789,-113.37924,-0.81905794,2830.9353,0.14327481,870.98,0.4751479,-116.83968,-0.7610882,-7.2414093,-0.93779796,18.16757,0.37041217,0.14518854,0.2227008,-0.0058686757,-2.3173234,0.6676243,0.77776575,17.096682,0.5879994,-23.03381,-0.7527256,-10.710591,-1.5598284,-28.379015,-0.6059396,-8.983418,18.538244,0.043956522,0.008238482,0.014989161,1.6055045,1.1600928,0.39,0.2740073,0.5575,0.47845453,-28.092411,04
43.88514,0.04736179,42.68139,43.77072,46.44804,3.7666512,43.76083,28.622654,20.24225,15.169112,0.51581013,1.1515087,0.014292657,0.28362548,0.9373826,0.9230899,9.653201,5.6871963,9.010049,5.95346,0.23582765,1.6527847,9.0518,1.4148169,-9.857633,-1.4807634,-3.1580112,-5.4419436,-16.13476,-1.2054195,0.020053871,1.766869,0.74843144,0.9001509,11.852239,0.4193774,10.863591,0.87641,16.524166,0.5615632,628.80383,0.49135214,1180.1672,0.24257068,-149.7738,-0.558446,1619.4562,0.18436211,913.47644,0.42031252,-107.05382,-0.88402164,2676.704,0.09768295,833.3567,0.6584527,-110.94384,-0.81541973,-7.1484733,-1.0342278,19.648508,0.31920975,0.104812264,0.4654914,-0.0060488293,-1.9060774,0.45633695,1.0057335,17.964401,0.54075205,-18.989483,-0.8242009,-7.5083423,-2.962892,-30.789812,-0.5614987,0.34593385,7.549527,0.083890356,0.0116230585,0.029966041,2.1786494,0.66079295,0.7366666,0.2922708,0.565,0.49711668,-30.999647,05
44.17149,0.048222944,43.02306,44.12313,46.742523,3.7194633,80.15135,121.3121,21.718533,17.195549,0.48396897,1.1981606,0.011409573,0.23187396,1.0062928,0.99488324,8.477665,4.3845696,9.546002,6.0668054,0.18269633,1.2918426,7.641999,1.4896072,-5.5671926,-2.6640437,-3.1584117,-5.581389,-15.148844,-1.342919,0.014667525,1.670973,0.8987374,0.9779237,11.928945,0.410778,10.188956,0.7749367,14.533469,0.63226426,624.7186,0.5010894,1154.5631,0.29784694,-149.59875,-0.5522761,1629.8716,0.2105348,787.4246,0.41518986,-110.91677,-0.83478993,2750.777,0.1316945,747.17676,0.71845603,-113.318886,-0.7941164,-7.261976,-0.86254066,18.13692,0.34019342,0.105358295,0.48879996,-0.0036226497,-3.8382556,0.3686084,0.60682005,14.50959,0.6987845,-16.100285,-0.9247693,-8.205519,-2.84848,-31.464216,-0.5549472,-2.3258636,9.940424,0.06880622,0.008571207,0.014941336,1.6806724,0.8492569,0.5575,0.38873997,0.478,0.534206,-32.336075,05
43.207375,0.07127184,42.03627,43.66402,44.812717,2.7764473,65.72251,40.240387,42.938324,27.030708,0.49546975,1.2085223,0.013339729,0.2540742,0.9770391,0.96369934,10.150872,8.716386,8.22996,4.8072553,0.20355763,1.4745407,10.447188,1.2049911,-6.5525045,-2.9340813,-1.971008,-8.199201,-12.557282,-1.8629303,0.020374168,2.0585227,0.67014825,0.8116802,11.664489,0.3990456,11.648144,0.5398938,16.875952,0.601674,690.27344,0.48217177,1198.0718,0.29210618,-141.37518,-0.6098026,1713.0183,0.21165681,929.0828,0.39656875,-108.70759,-0.84996396,2796.179,0.122503206,809.22217,0.4992709,-111.710686,-0.7974177,-8.658477,-0.9779664,19.566017,0.48107582,0.13513488,0.3638051,-0.004672207,-2.6833897,0.40080443,0.8117695,17.753376,0.6661726,-18.917183,-1.0342461,-7.5760956,-2.5479321,-30.32913,-0.6740425,-4.3732157,12.353204,0.056493945,0.009473751,0.015065575,2.2123895,0.8948546,0.545,0.32353514,0.5475,0.44706684,-31.914999,05
42.639484,0.08413692,40.674374,43.458187,44.49786,3.8234863,62.545544,25.112768,26.554502,11.755487,0.5300284,1.2533919,0.018191779,0.18959635,1.0513313,1.0331395,8.71674,5.3684783,7.605156,4.188808,0.24372461,1.4721901,11.358625,1.1263195,-4.823538,-3.8345838,-1.1343043,-15.295015,-11.357545,-2.015235,0.034590807,2.3933938,1.095948,1.1436192,11.2866335,0.4129787,10.730535,0.6341849,17.791988,0.5558828,691.3575,0.4588798,1177.055,0.29527614,-138.04211,-0.62763,1699.7472,0.21311474,925.12665,0.40158144,-107.7436,-0.850496,2765.3103,0.115182765,785.67065,0.4209906,-110.5657,-0.80131274,-9.664035,-0.96102285,20.716043,0.47449642,0.12042786,0.42719713,-0.0057202736,-2.1274378,0.47552162,0.81237125,18.617718,0.6243351,-15.421287,-1.2732048,-7.5161037,-2.8492277,-27.67267,-0.76937103,-10.111502,19.336542,0.04300537,0.00837011,0.012215428,1.8099548,0.91533184,0.54249996,0.3201855,0.422,0.41387925,-30.464508,05
42.67212,0.12653272,41.042744,43.977142,45.159897,4.117153,188.3596,187.85464,58.018166,40.618736,0.91181666,1.1359447,0.02900127,0.47770253,1.8365139,1.8075126,13.279639,7.936753,16.227251,10.021264,0.6425316,1.3911238,10.831461,1.063067,-10.647433,-1.49521,-1.1011548,-17.971106,-9.096756,-1.9577143,0.035383444,2.030598,0.8355494,0.7866577,9.460841,0.56904083,7.3790665,1.6910954,15.366313,0.6922973,669.41455,0.46018434,1138.772,0.2392249,-142.37518,-0.62034535,1648.0045,0.19012134,911.1967,0.40582496,-104.63225,-0.9189634,2751.124,0.123861566,775.435,0.47058624,-109.066765,-0.83758414,-6.045286,-1.3678156,18.543161,0.41318074,0.064868405,0.8716732,-0.0027888517,-5.064684,1.2148825,0.7805132,17.791553,0.4967438,-19.79443,-0.86748916,-6.8214974,-3.8202167,-21.565224,-0.7248837,-4.9794736,16.600513,0.029885853,0.0090726055,0.09587593,2.1645021,0.8752736,0.5575,0.7049246,0.56,0.49754396,-23.760952,05
43.73676,0.053697597,42.783978,43.93091,45.807068,3.0230904,80.27447,62.323627,61.7519,71.44694,0.96846014,1.1683829,0.034204908,0.41230226,2.2481713,2.2139664,16.582129,8.709835,16.871258,8.722879,0.61547554,1.3195496,11.034322,1.0900569,-12.140745,-1.4673508,-2.3758385,-7.634873,-9.334163,-1.89922,0.01968362,1.8232396,0.9314123,0.889696,10.347431,0.5102394,7.914723,1.3934263,16.03403,0.6046462,714.42206,0.43563733,1177.8499,0.20086968,-138.73514,-0.6534041,1708.958,0.1878584,961.88885,0.39153594,-106.42813,-0.90071875,2792.999,0.10938814,915.21234,0.49027005,-110.20731,-0.8330108,-4.9847374,-1.4699793,17.247746,0.43121552,0.06181582,0.85786706,-0.001817356,-6.9084983,1.2114228,0.66714543,19.033543,0.44471273,-24.749403,-0.6874296,-10.256129,-2.213438,-21.43065,-0.80242443,-3.7934124,13.090544,0.044855323,0.0077448566,0.063988924,1.9607844,1.1013216,0.432,0.16533601,0.3783333,0.48388758,-23.201332,05
43.02184,0.09333419,41.300163,43.884724,45.741344,4.441181,225.54956,247.25873,51.21939,30.018654,0.830819,1.2185576,0.02290528,0.25811976,1.8698812,1.8469759,12.069306,6.0381236,16.59813,7.826729,0.5472892,1.4569325,11.302137,1.1048164,-9.078263,-2.2603502,-5.3473964,-3.5853567,-9.432274,-2.0578182,0.026965765,2.1339152,0.86688966,1.07439,10.032761,0.59274995,8.787418,1.1615846,18.80525,0.5897182,795.8498,0.37362188,1207.3202,0.24169983,-125.925545,-0.7394109,1727.4663,0.17924729,1021.3097,0.3005853,-105.13265,-0.9078174,2830.8472,0.12076053,877.40326,0.5179701,-110.0512,-0.8204756,-6.575518,-1.481098,20.890833,0.47056112,0.11350296,0.363071,-0.0023411636,-6.232249,1.0942767,0.767528,18.501066,0.5989262,-22.827332,-0.8850613,-14.654256,-1.521091,-23.630804,-0.7429814,-11.199337,23.014977,0.050345603,0.011271153,0.02430698,1.7937219,1.1337869,0.42799997,0.33258983,0.53499997,0.48220843,-24.472132,05
42.674007,0.07952482,40.059105,43.449284,44.70216,4.643055,121.43085,185.95695,45.41529,33.024372,0.7752246,1.1183392,0.030014724,0.31112465,1.8487489,1.8187342,13.615902,9.561981,15.407423,7.748935,0.5218846,1.2799275,13.929512,0.97206455,-9.204027,-2.332445,-3.7397401,-5.563773,-7.9243283,-2.551128,0.026700204,1.6567253,1.0491276,0.92293006,9.992226,0.48962924,8.966799,1.0288855,19.605358,0.5566687,771.74536,0.3948855,1198.4763,0.20792194,-126.14766,-0.74869424,1707.9587,0.18322109,1079.5496,0.42002538,-106.55303,-0.8865893,2772.54,0.10565037,905.8456,0.5327113,-110.46249,-0.81581944,-7.4981422,-0.9857602,20.281237,0.43600535,0.09696998,0.54769486,-0.0057461816,-1.8514904,0.9985504,0.67318356,20.916746,0.46774447,-23.534817,-0.8768212,-13.703173,-1.7253916,-23.023294,-0.7176158,-15.20591,27.081251,0.023007395,0.007994718,0.07194796,1.7429196,0.88105726,0.555,0.66957074,0.44599998,0.42981857,-26.110723,05
44.361828,0.06774009,42.98786,44.17625,46.64982,3.6619568,132.65875,168.08707,35.163616,50.46844,0.53955907,1.0489575,0.026250944,0.32276264,1.0403806,1.0141296,11.704641,6.3918524,8.440263,4.7236342,0.30650458,1.2322401,11.044354,1.1291401,-6.5277843,-2.2730813,-0.72215766,-23.487093,-10.608272,-1.9672581,0.04362541,2.406918,0.95466906,0.7207715,10.254357,0.48474103,11.607357,0.52310324,14.320905,0.6838616,706.7877,0.43198097,1139.8967,0.25429666,-136.90672,-0.64616525,1729.7317,0.19675472,840.1343,0.41383982,-104.15175,-0.88136417,2766.7231,0.1318277,808.70746,0.47414693,-106.390976,-0.8413486,-9.6243305,-0.5600898,19.094072,0.32382658,0.114681914,0.4132325,-0.0054563833,-1.942914,0.55569345,0.68150127,17.172693,0.60790557,-15.623812,-0.92217386,-6.5106845,-3.2082605,-25.250212,-0.66116124,-13.134809,25.598856,0.040901776,0.010900708,0.050880767,2.8639617,0.4830918,1.0749999,0.655,0.965,0.114999995,-30.875347,06
44.710136,0.0511919,43.275654,44.057713,46.802765,3.527111,93.26463,139.07173,25.613623,10.909474,0.61080974,0.955482,0.029256474,0.48558697,1.0993164,1.0700599,7.2588186,3.3612285,8.97726,4.4851675,0.28929585,1.1394083,14.290988,0.77081615,-9.686731,-1.7688434,-1.2895652,-9.88819,-15.280476,-1.3703718,0.017949255,1.3649756,0.85796607,0.8846768,11.872825,0.4090155,15.825822,0.4954083,16.653917,0.5240253,592.7554,0.4359557,1195.112,0.23469417,-142.5581,-0.6020862,1602.41,0.1737852,912.75757,0.38752016,-91.15183,-0.988377,2679.0945,0.10900882,769.34467,0.44261795,-94.02743,-0.9305828,-9.813622,-0.7463642,19.86922,0.3465482,0.09026526,0.45830917,-0.0064765504,-1.7347274,0.47613522,0.66950226,18.763754,0.5357943,-18.747675,-0.7941648,-5.635803,-2.5219278,-27.889263,-0.59031355,-14.112546,25.421404,0.016009009,0.003940486,0.029001527,2.1505377,0.8174387,0.71666664,0.7310874,0.36249998,0.35379195,-29.664444,06
44.256683,0.06806584,43.538536,44.117035,45.989388,2.4508514,429.95248,744.2295,77.240875,100.71759,0.4534875,1.1788695,0.020613585,0.21749163,0.89706415,0.87645054,8.3351145,4.898131,7.1208625,4.980543,0.19453037,1.465947,9.149032,1.2945362,-7.677068,-1.9652389,-3.2971377,-4.4655437,-11.6165905,-1.7748088,0.02517282,2.7644284,0.7768611,0.87616515,10.975067,0.5136763,11.406027,0.7342125,15.8839655,0.5427374,717.9872,0.4384218,1123.5658,0.29428098,-146.59076,-0.56307447,1746.4158,0.21114999,865.6484,0.47762543,-114.38822,-0.7963105,2826.122,0.11809943,868.3348,0.5588417,-117.14388,-0.75137985,-8.409276,-0.6268065,18.740837,0.38025022,0.1509024,0.28519902,-0.0037775044,-2.836724,0.4084883,0.73906493,16.221954,0.65530664,-19.03677,-0.7068706,-10.735794,-1.6093714,-29.711008,-0.5524032,-1.797741,11.4175825,0.06574974,0.007984464,0.012457445,2.1479714,1.2077295,0.376,0.1253156,0.42799997,0.44843727,-32.824398,06
44.53042,0.048485126,43.34989,44.06639,45.848526,2.4986343,32.557095,14.876616,34.191788,23.56158,0.49176252,1.1291572,0.023810325,0.2201672,0.9972615,0.9734512,8.768551,5.7459965,7.7072625,5.301805,0.25247058,1.2622216,10.087552,1.1807771,-6.6309876,-2.5284908,-1.4960277,-11.399462,-9.320735,-2.4091678,0.016185667,1.2148364,0.80479723,0.7223063,10.642365,0.48461714,11.921867,0.5791061,16.157778,0.54427946,645.2944,0.48523232,1134.0161,0.28423893,-149.27724,-0.5432213,1648.6505,0.21294038,875.2278,0.37271935,-110.157814,-0.83332354,2729.4138,0.12968644,782.9596,0.3694895,-113.20316,-0.7823159,-8.404598,-0.7947332,19.256502,0.411183,0.14945304,0.25345597,-0.0037384967,-3.052656,0.45310107,0.7612899,15.4326935,0.6551108,-19.85788,-0.66425043,-11.056755,-1.6470194,-27.974207,-0.5892199,-14.776684,26.477766,0.003568192,0.0064731697,0.065072976,2.3310022,0.7075472,0.68333334,0.19601586,0.7033333,0.39852503,-32.12781,06
47.11769,0.08100237,44.046886,46.54569,51.094883,7.0479965,102.64253,62.359333,53.77987,50.25432,0.9688599,1.1310595,0.018346084,0.48685634,2.0339777,2.0156317,19.112068,16.733202,20.756338,13.290644,0.85824776,1.5266497,9.384395,1.2192271,-12.420066,-1.4291811,-6.188678,-2.6643803,-10.21064,-1.9480588,0.042172488,1.0507044,1.2113285,0.6807949,8.0515785,0.73363566,8.487359,1.0577874,16.59637,0.74347186,828.3609,0.36829573,1139.6244,0.36042634,-127.03818,-0.73100287,1776.1366,0.18621714,984.5584,0.4486715,-100.02706,-0.9383074,2864.5332,0.10955675,858.4736,0.4829142,-104.25258,-0.85447663,-5.577019,-1.2446232,18.36673,0.37638178,0.081772886,0.7197207,-0.007647679,-1.928878,1.614308,0.8902367,15.386936,0.7425259,-25.313425,-0.5722382,-14.776367,-1.230225,-24.959757,-0.6457104,-4.878269,15.935303,0.044066112,0.011038532,0.026714303,1.9900497,1.0075567,0.515,0.31092602,0.4525,0.39308873,-22.105352,06
45.95239,0.06432676,43.87812,44.818096,48.40882,4.5307007,71.28814,56.526142,83.382195,96.37505,0.81596184,1.0985602,0.02106936,0.4704759,1.6319625,1.6108931,12.979465,9.5562525,15.798998,9.542527,0.62936586,1.6163293,10.025516,1.1565479,-12.468733,-1.4510908,-5.626558,-2.9028614,-11.48913,-1.6281602,0.025457721,1.9820975,1.0024393,0.6500343,10.042213,0.50697523,9.395522,0.9089948,14.702392,0.7441733,789.469,0.37054774,1158.8474,0.2894101,-124.33811,-0.75761837,1746.0114,0.19306967,948.49994,0.3649742,-99.31701,-0.9491337,2818.11,0.120808065,786.1506,0.49654937,-102.626175,-0.88209957,-6.6519113,-1.0427806,18.341957,0.33004105,0.12208504,0.4021731,-0.0057579954,-2.2955225,1.1717974,0.97975546,16.936295,0.5972025,-25.433329,-0.5788671,-12.84076,-1.4652704,-25.940063,-0.5160469,-4.7659416,15.320804,0.05489842,0.009828877,0.016263384,1.9417477,0.49140054,1.0849999,1.025,0.6166667,0.37249908,-24.59185,06
45.393425,0.07418761,43.728867,45.111675,47.587486,3.8586197,213.51944,327.38828,104.47327,147.97237,0.88170695,1.137219,0.019967727,0.3681293,1.8615367,1.8415691,22.288206,12.367267,14.630214,8.376179,0.74145716,1.5080873,7.8765993,1.4128773,-9.419884,-1.8083733,-6.8275924,-2.6008363,-10.444194,-1.9865228,0.045800816,2.8799553,0.987486,0.632166,9.122137,0.5278656,7.2884316,1.126888,15.375238,0.7405343,758.22845,0.46966577,1163.151,0.28943005,-140.26454,-0.62541926,1720.4882,0.21670239,948.9527,0.44899675,-110.8342,-0.84810466,2812.333,0.11580975,758.31665,0.45377934,-115.01521,-0.7759649,-6.2909594,-0.7120394,19.368921,0.358141,0.1414859,0.23955598,-0.0060062655,-2.0836499,1.5378944,0.786193,15.295745,0.6219422,-23.595512,-0.5852364,-17.470171,-1.1322658,-28.226183,-0.54655755,-6.007707,16.63001,0.039804935,0.009720978,0.043053236,2.238806,1.0075567,0.45999998,0.2855696,0.5075,0.40941268,-23.315908,06
45.698833,0.08673665,43.928474,45.055557,47.774426,3.845951,60.427486,40.605995,-23.10929,55.362495,0.82815176,1.1229883,0.0064325114,0.37957895,1.6240265,1.617594,19.611404,14.069011,13.6796875,8.509602,0.6710604,1.4250485,10.71237,1.1670865,-9.719434,-1.7524183,-5.829607,-3.0885446,-9.40314,-2.0984619,0.0217474,1.1486527,0.92997885,0.68231887,10.392832,0.51085037,9.718486,1.2168298,14.959089,0.8379843,792.74854,0.39818847,1106.9731,0.30826426,-127.436966,-0.71383315,1765.4675,0.20509669,960.0479,0.35664508,-102.82915,-0.9012374,2830.7566,0.116248325,827.4827,0.4271721,-106.63882,-0.83255565,-8.642676,-0.7489783,20.717968,0.35526162,0.13497503,0.2830847,-0.007205015,-1.5044019,1.2275735,0.859143,17.188818,0.56576705,-21.778387,-0.66300213,-14.455456,-1.3607283,-23.858223,-0.6163841,-9.427723,20.698303,0.038354762,0.009132353,0.09054447,2.5462964,0.9367682,0.53999996,0.38878012,0.49249998,0.44160926,-23.82966,06
32.231754,0.038343467,31.350584,32.00748,33.6752,2.3246174,22.622852,14.898999,10.409687,6.391521,0.21462592,1.0705214,0.009842361,0.1236534,0.48539346,0.4755511,2.445777,1.066231,3.106042,1.3779284,0.048433054,1.1836557,18.594,0.81230366,4.7358065,2.2979398,6.8375635,2.0042624,4.1351385,4.597236,0.012944184,1.5485755,0.82044774,0.9399946,8.90551,0.3838802,-5.995265,-1.570471,14.437035,0.57817084,424.7098,0.38720965,1107.1687,0.18363915,-105.888664,-0.90157247,1376.1912,0.17635535,801.7753,0.35196555,-105.24234,-0.88677263,2382.9915,0.108136825,643.3686,0.32955024,-109.09141,-0.81873626,-12.375334,-0.43661112,22.586275,0.32480994,0.090174,0.38883755,-0.0197486,-0.6855386,0.09139147,0.5873013,29.697784,0.33342758,1.2761409,9.86695,2.591022,6.1668625,-4.3794,-4.9071326,-10.310537,20.486223,0.0010715397,0.011316276,0.005589957,1.8518519,0.9367682,0.53249997,0.21992896,0.41,0.46225536,-42.52816,01
32.141857,0.04024013,31.280027,32.030388,33.52805,2.248022,20.566643,11.649281,10.748465,4.969648,0.23386957,1.0927603,0.0069970307,0.12317801,0.5579924,0.55099535,2.9557478,1.5373039,3.206272,1.7859257,0.052306205,1.1642786,17.097927,0.9096663,4.743969,2.4949644,7.1430326,1.7603039,2.8048284,6.4057684,0.012184031,1.1926663,0.874252,1.0428685,8.86429,0.35237104,-4.9833016,-1.7551403,13.099865,0.68291724,469.70023,0.4790418,1120.0898,0.18185686,-105.165726,-0.91517246,1474.8995,0.22098899,754.3151,0.36013606,-103.902016,-0.8942574,2463.6077,0.14666784,647.8461,0.48670298,-106.40478,-0.84938455,-11.468202,-0.5033226,20.962326,0.32139602,0.09243734,0.31360382,-0.016897766,-0.81090105,0.0975267,0.55562687,28.609747,0.31852585,-0.5650907,-23.655071,5.6122766,2.8618717,-3.5325968,-6.221047,-9.089041,18.79555,0.010943422,0.008473657,0.0054663797,2.0833335,0.9367682,0.54249996,0.21741377,0.66333336,0.4364503,-41.955536,01
32.257473,0.03497257,31.398438,32.054474,33.793167,2.3947296,41.360947,32.505306,7.501708,3.7430902,0.2465161,1.059726,0.0070118913,0.13665563,0.5253454,0.5183335,2.5805464,1.3184046,3.3331497,1.9163963,0.050838515,1.1518312,16.510773,0.99646175,5.465321,2.0808053,6.983853,1.5673906,2.561237,6.5948844,0.008549526,1.0857695,0.77115583,0.92574334,9.349479,0.32888287,-4.289283,-2.1069589,15.418032,0.5251165,467.75854,0.47825143,1112.2957,0.19702213,-112.49902,-0.85034335,1437.7456,0.20363402,783.62805,0.32179648,-106.093636,-0.88303065,2452.1096,0.121470496,624.5982,0.29684058,-109.28276,-0.82825094,-11.273409,-0.48805672,21.342339,0.3385143,0.10322695,0.36976045,-0.018807039,-0.7075671,0.09863549,0.48745358,29.174028,0.34591088,-1.9649836,-5.626934,5.030748,2.758591,-6.6289296,-2.8521094,-10.552757,20.098013,0.006732146,0.00885351,0.0040099174,1.8518519,0.7025761,0.70666665,0.25197,0.69,0.41408533,-41.624077,01
32.266804,0.03380482,31.305471,32.032806,33.757263,2.4517918,62.214203,74.04577,6.8879075,4.0133944,0.23117456,1.0340414,0.007748356,0.14873151,0.5055151,0.49776673,2.6320677,1.616534,4.0606494,2.7530465,0.048540547,1.1230593,17.176842,0.9144276,5.751116,1.9733692,7.0047193,1.5971922,3.6100614,4.5297427,0.009811253,1.2081957,0.8142679,1.0115938,9.255433,0.34593502,-3.4287667,-2.7774289,15.84724,0.49225968,442.33658,0.4707642,1124.983,0.15949465,-109.74684,-0.88408744,1437.5962,0.21421172,764.84705,0.32731354,-105.662224,-0.8865072,2434.721,0.12531623,614.8867,0.23869105,-108.538925,-0.8362167,-11.76392,-0.4560105,21.776892,0.27960116,0.10447033,0.30480748,-0.017978415,-0.71637493,0.09286542,0.48146206,29.248695,0.31328171,-0.91566324,-12.726896,5.1138873,2.7710128,-4.980686,-3.671067,-12.380043,22.658754,-0.004574249,0.008559457,0.004786687,1.6431925,0.7125891,0.6933333,0.24635114,0.515,0.44082308,-42.491886,01
32.622616,0.058132872,30.989765,32.002934,35.242466,4.252701,20.646273,6.797169,7.4662433,8.964413,0.26211953,1.0688337,0.009101215,0.15049984,0.5657367,0.5566355,3.3965914,2.3961875,3.1675315,1.7019851,0.06825972,1.149721,16.676605,0.8592838,4.0291815,2.9492936,6.2838235,1.9610752,1.4235781,13.225313,0.010516421,1.2319058,0.8701905,0.93345076,8.530706,0.39245495,-4.691209,-2.098901,13.439528,0.5881786,500.02948,0.47380957,1110.297,0.17667106,-105.38537,-0.92167395,1535.6091,0.22604346,723.21967,0.39360332,-101.9328,-0.91499025,2557.8638,0.13827433,640.5634,0.33269265,-104.65913,-0.86412764,-10.805777,-0.5236202,20.640224,0.27202666,0.08861612,0.45320553,-0.016535472,-0.82121426,0.12683368,0.536142,26.975174,0.3484072,-0.67629415,-21.062706,3.1124842,5.028679,-5.9302325,-3.8660457,-8.237159,17.571512,0.016979178,0.007916284,0.0055238428,2.5462964,0.7025761,0.72999996,0.29439202,0.49249998,0.47409782,-40.65147,02
32.270397,0.07231376,30.977858,31.815323,33.180405,2.202547,130.46251,142.30997,15.509984,16.435743,0.19830108,0.9729071,0.010219861,0.15996394,0.3634553,0.35323542,1.6733631,1.0593759,2.350256,1.6440864,0.048073005,1.1726979,21.335346,0.7584874,6.661374,1.7311995,3.8720803,3.2384973,-1.0561831,-17.906393,0.013923372,3.312205,0.8216355,1.2284139,9.4510355,0.30625075,-5.6045814,-1.5056792,21.381527,0.38078213,417.92813,0.34174648,1184.0929,0.18458395,-99.060455,-0.97526944,1376.6649,0.17810597,839.58167,0.24109468,-96.76984,-0.95364577,2449.035,0.095999315,725.6073,0.41073895,-103.34545,-0.8341075,-15.643195,-0.4386343,26.656324,0.27903423,0.10049076,0.34636566,-0.02370929,-0.6492931,0.082777314,0.6691712,32.56009,0.28020734,6.302899,2.1896353,0.013291635,1102.5532,-9.565661,-2.1814175,-8.97186,18.963226,0.015020439,0.005083349,0.0065116356,1.7928287,0.804829,0.66749996,0.26864243,0.30714285,0.41808113,-43.35287,02
32.5145,0.053174425,31.245733,31.954798,34.383083,3.13735,37.668953,65.527084,10.913147,4.2103157,0.22942336,0.9777709,0.0071367356,0.18597046,0.4572965,0.45015976,2.4771903,1.5066872,2.4196067,1.3476427,0.047283445,1.1217346,19.0749,0.97391576,6.783722,1.6548378,5.1456027,2.3788824,1.0411991,17.064842,0.008426507,1.4386613,0.68736905,1.1355019,9.834648,0.26750746,-2.463842,-3.8128242,18.912258,0.37989825,392.2562,0.28951865,1150.0701,0.18434462,-101.18107,-0.964,1324.0657,0.13308257,812.4043,0.4452741,-97.465164,-0.95768696,2384.254,0.07688282,662.069,0.3330429,-102.3201,-0.8684341,-13.191766,-0.5384415,24.556608,0.32768917,0.10685281,0.3315164,-0.022730364,-0.6749224,0.08319016,0.5712304,32.043358,0.37293002,1.6861426,6.8324304,2.2507617,6.524243,-7.37535,-2.6350896,-9.415389,18.983984,0.011455012,0.00844132,0.0048525576,1.6597512,0.6289308,0.86333334,0.2735365,0.5275,0.41912857,-42.474907,02
32.276726,0.051081926,30.993626,31.769684,32.854443,1.860817,33.42408,45.60905,12.634215,5.574176,0.21718206,0.9655341,0.0065312237,0.1781493,0.41637453,0.40984333,2.659537,1.7697474,1.7626123,1.2892964,0.047550566,1.1897951,19.968021,0.92604077,8.47896,1.3194181,3.9656408,3.03821,1.2488984,14.771997,0.009592877,1.2715003,0.7487456,1.0155592,9.4332695,0.36455855,-3.4108503,-2.9835112,20.576557,0.39352614,437.5184,0.43056518,1109.6307,0.20912285,-91.15697,-1.0567743,1369.3578,0.16736239,797.4709,0.33500996,-91.1159,-1.0032583,2438.9963,0.10054921,707.63654,0.29675692,-96.66832,-0.8966276,-14.107943,-0.52772725,25.812887,0.362171,0.10743962,0.33326244,-0.02153188,-0.745745,0.07977966,0.6849538,31.70028,0.40398788,5.40748,2.2282844,0.8411368,16.740578,-5.4961176,-3.7024403,-9.609025,19.051313,0.015975975,0.0095548825,0.00285302,1.734104,0.5836576,1.0,0.279046,0.5175,0.44801646,-42.866325,02
32.603,0.05727205,31.263264,31.990314,34.643513,3.380249,39.404762,57.447056,12.360326,4.7291,0.23530683,1.0234923,0.007188732,0.1838927,0.46218646,0.45499772,2.3525612,1.126787,2.8808513,1.9099234,0.051544793,1.2055306,19.284105,0.92664146,6.7425838,1.7768462,5.740412,2.2986417,-0.13695644,-141.07457,0.008997173,1.728262,0.7766143,1.1256545,9.802004,0.2782563,-5.8199935,-1.6069283,18.323576,0.59327555,485.58206,0.49176076,1108.6285,0.18532945,-93.50048,-1.0306282,1445.0309,0.22146022,754.43445,0.3656635,-93.67897,-0.9764794,2541.3943,0.1314191,689.0604,0.30650607,-98.89136,-0.8813701,-13.548437,-0.571993,24.720486,0.4103302,0.082906194,0.54625785,-0.021362267,-0.8545563,0.08700267,0.7119988,30.328268,0.41346598,3.6030788,3.9821079,3.655259,4.422951,-7.4786396,-2.90875,-8.949421,18.982475,0.015618092,0.008815552,0.00552472,1.5209126,0.7677543,0.73499995,0.3256148,0.436,0.46641612,-42.112164,02
32.545357,0.058745615,31.217443,31.896357,34.657776,3.4403324,51.839756,68.36283,10.130198,5.6438193,0.22980109,1.014433,0.009350835,0.17702785,0.4188204,0.40946957,2.6064095,1.1601946,2.6843238,1.2341338,0.051086016,1.2040385,19.050673,0.8953554,4.263011,2.484851,6.655402,2.0016892,-1.097301,-18.571774,0.009318598,1.745452,0.74928236,1.0759828,9.52561,0.30381683,-5.556203,-1.6120363,16.920765,0.493176,459.34586,0.434488,1169.568,0.19876185,-101.45775,-0.9483102,1423.5842,0.20665996,811.43774,0.3714782,-97.51503,-0.9474221,2474.812,0.11750441,670.459,0.36011207,-102.096146,-0.8633394,-13.397454,-0.5355403,23.75886,0.31676167,0.08981572,0.4875534,-0.021028435,-0.806532,0.08915597,0.6834442,30.71927,0.36123353,1.0751741,10.904565,4.0458713,3.9257612,-9.297121,-2.5036623,-7.3447504,16.475475,0.023340087,0.009102058,0.0063559227,1.6460906,0.6237006,0.87,0.32259363,0.53249997,0.43962342,-42.29415,02
32.487587,0.053433526,31.260738,31.85774,34.27811,3.0173721,32.06412,52.379944,7.9689846,5.94778,0.19586866,0.9811336,0.0070471517,0.15609819,0.3545354,0.34748825,2.588554,1.6298641,2.2372386,1.9182043,0.03558883,1.1284597,18.747606,0.9751578,7.529013,1.4173472,4.645676,2.3135555,1.4575351,10.837396,0.007445675,1.5790539,0.66196495,1.2466686,9.824731,0.3289934,-3.3537126,-2.8547642,18.633802,0.35983422,438.6954,0.46589184,1134.8766,0.1764798,-103.5211,-0.93327236,1386.129,0.18946736,806.32025,0.3542421,-100.316925,-0.92406607,2397.7415,0.12072983,707.59216,0.35964382,-104.79637,-0.8441133,-13.46837,-0.4929562,24.126814,0.33512902,0.11361323,0.2907998,-0.021626046,-0.70917624,0.063186035,0.57286894,31.053835,0.41904753,3.672495,3.1726055,2.2507465,5.907868,-6.3724985,-2.7421243,-7.925087,17.321896,0.023905884,0.009010343,0.004662746,1.4522822,1.048218,0.5,0.20542638,0.53499997,0.43528724,-44.453785,02
32.717377,0.09973164,31.179731,31.824188,34.379517,3.1997852,24.254517,16.208004,28.253794,0.0,0.24204206,0.9544917,0.008110712,0.20253885,0.47720733,0.46909663,2.8842494,1.8617032,2.4153857,1.1163046,0.052100074,1.078918,18.134659,0.9310958,6.8331304,1.5212617,5.8059998,1.813026,2.677473,6.9180446,0.008976126,1.4282775,0.7893118,1.1067176,9.228458,0.40822053,-3.8789582,-2.6981153,17.02908,0.4324255,437.00272,0.4529354,1109.9288,0.1866329,-102.86291,-0.94104254,1397.1038,0.20791814,765.5144,0.37883028,-94.212425,-0.98391557,2430.3733,0.116056934,583.3171,0.2850856,-98.00945,-0.90734786,-12.562698,-0.53176135,22.560379,0.34247467,0.11332384,0.31925648,-0.018662948,-0.8080074,0.089565374,0.5427207,28.231974,0.45426896,2.1273847,5.0163174,3.0483553,3.9076004,-4.8033037,-4.328429,-11.480008,21.33599,0.0057424232,0.008396773,0.0045925155,1.4403293,0.83160084,0.6725,0.09120718,0.505,0.4354595,-42.040344,02
32.587585,0.06402027,31.047535,31.82809,35.4541,4.4065666,23.182014,4.501377,21.61647,16.394451,0.39973456,1.0561767,0.019036079,0.24394754,0.8125214,0.79348534,5.4402146,3.7911177,5.9372873,3.8572276,0.13890131,1.2086382,13.669703,1.0488433,0.34404987,36.128666,8.904362,1.4628503,1.5848264,13.724685,0.011652199,0.893745,0.9958489,0.74377584,7.3108525,0.39473093,-2.5923448,-3.8955345,10.843087,0.7598047,588.0928,0.51016754,1093.5406,0.25318757,-104.70588,-0.9407201,1658.7019,0.24936217,709.5432,0.6067882,-102.02052,-0.90871066,2632.5312,0.16741496,685.28033,0.30383933,-102.09552,-0.9061074,-9.064418,-0.564668,17.971394,0.32666036,0.068913296,0.75029397,-0.015475187,-0.936847,0.25881952,0.5951672,23.167982,0.44014707,-2.3613527,-6.07893,4.4992294,3.3618035,-6.6629205,-4.0121684,-4.8015594,14.689252,0.015748939,0.009200789,0.009158827,2.0642202,0.92807424,0.5575,0.37632266,0.49499997,0.46306044,-36.492542,03
32.64466,0.06509987,31.20253,32.084927,34.72022,3.5176888,28.89656,22.01127,20.29223,3.5420003,0.34214017,1.0989333,0.007068008,0.17843752,0.7415935,0.73452544,3.5022383,1.9222304,5.3798885,2.8566957,0.09889949,1.1663252,14.542675,0.9325532,2.7764523,4.128531,5.7664824,2.241655,-1.1974643,-19.190702,0.015330858,1.223613,0.91764766,0.82994604,7.7656884,0.3824803,-4.1746273,-2.1974614,11.067931,0.8351957,529.5354,0.5539663,1092.7781,0.15732156,-109.731804,-0.8915283,1614.0227,0.26093245,647.8098,0.48868555,-99.567726,-0.9464514,2618.7266,0.15499288,612.00336,0.31631455,-100.95181,-0.9198579,-9.6028805,-0.55222404,17.62153,0.31260875,0.09299846,0.45325637,-0.016901897,-0.7956217,0.18349524,0.5474571,23.706146,0.37563437,-2.3975337,-5.5242896,4.0941453,4.1682305,-9.997514,-2.8139856,-8.409226,18.046984,0.014960091,0.008795508,0.0051796064,1.8223236,0.46189377,1.14,0.72999996,0.6666666,0.40367752,-38.14227,03
32.107006,0.073932864,30.921879,31.644287,34.484043,3.5621643,71.935074,59.753826,14.32434,13.612088,0.37143108,1.0214345,0.010456591,0.26280427,0.76026577,0.7498092,4.034546,2.583612,4.1241465,2.4298742,0.100175664,1.0985781,14.056354,1.0268482,2.9848065,4.1555443,7.6693187,1.1941398,0.2221953,98.199936,0.013427583,1.919072,0.9035582,1.0777104,8.287872,0.3754575,-1.4773899,-7.1110435,12.699501,0.67300475,565.7885,0.5130114,1044.692,0.1902271,-108.69537,-0.8963199,1662.2255,0.24247164,624.3153,0.48873776,-101.464455,-0.9145166,2646.6343,0.15477483,641.60364,0.29985285,-101.47865,-0.9144819,-9.701821,-0.53958,17.315588,0.33896294,0.11163787,0.31576043,-0.01767698,-0.74606186,0.1852479,0.47341093,23.41137,0.43919304,-2.1395907,-5.5646405,7.587533,1.3754975,-9.436607,-2.7308156,-7.517272,17.458658,0.015878562,0.008541595,0.0065741614,1.7699115,0.8948546,0.5825,0.38699967,0.51,0.42854404,-37.79693,03
32.384167,0.05541335,31.005867,31.76872,34.02913,3.023262,20.41687,7.901244,7.960727,9.788775,0.40870637,1.0204482,0.007321424,0.2680994,0.82747734,0.8201559,4.511037,3.2987902,3.6822958,1.9576714,0.112023935,1.117244,13.11029,1.0738664,3.0715604,3.9644372,6.5448213,1.4043988,-0.8611328,-26.129057,0.0133681735,1.3228881,0.9371135,1.0467972,7.7908516,0.47264937,-0.99289346,-11.055451,11.156733,0.7923879,577.9697,0.56015915,1022.9985,0.22700989,-103.77922,-0.94205326,1681.5922,0.26454955,598.4072,0.5190402,-94.15723,-0.98736286,2681.1604,0.1659007,622.5036,0.2949816,-94.22721,-0.9856599,-8.89119,-0.5967982,16.639637,0.3720341,0.10314137,0.36791927,-0.017570604,-0.7398593,0.19745465,0.5398608,21.56556,0.47747248,-1.7205948,-7.9113073,5.9019895,1.9183633,-9.521967,-2.788306,-7.131115,16.524895,0.01677945,0.0107859215,0.0034850053,1.9911505,0.4474273,1.26,0.7,0.6333333,0.3868103,-36.870125,03
32.7645,0.07106872,31.153324,31.86829,35.35007,4.196747,31.991545,30.772303,21.16491,10.000321,0.3633352,1.0529547,0.011453506,0.19801527,0.7905376,0.7790841,4.5263515,2.437038,4.247437,1.767694,0.107271865,1.1338702,14.964467,0.88047355,-0.89976007,-13.0640745,7.0712333,1.8175136,-0.6329801,-33.56088,0.017744675,1.2710885,1.0372974,0.8287469,7.65678,0.40462145,-3.6734374,-2.962985,10.6768675,0.7673291,548.8922,0.5873573,1117.7704,0.19154185,-116.6814,-0.8280736,1597.323,0.26778486,740.7925,0.5113747,-99.64587,-0.9547375,2577.402,0.15618275,635.54346,0.55669224,-101.085075,-0.92590636,-9.7906885,-0.53155637,18.10903,0.29067025,0.06934322,0.45914903,-0.015021419,-0.8469013,0.19623522,0.5372157,24.030249,0.36944723,-5.4034495,-2.430428,5.243264,3.1289914,-10.973146,-2.16277,-8.468131,18.621244,0.0070420443,0.009499763,0.0098994,1.8223236,0.46082953,1.14,0.71,0.66999996,0.4636809,-37.81583,03
32.781013,0.0645674,31.29572,31.912407,35.48764,4.191921,22.39866,8.534113,15.411532,7.0920386,0.4091552,1.0473635,0.0079860855,0.24867776,0.8509018,0.8429157,5.678667,4.2390285,4.47817,2.472678,0.13622099,1.1413318,13.651442,0.968093,2.1082587,5.9052014,8.948064,1.2794343,-0.76250637,-29.709373,0.013597129,1.1784467,0.9263214,0.7872375,7.3351083,0.37259746,-4.2444706,-2.4764552,9.134765,0.7214204,646.4369,0.49428105,1027.0087,0.20157066,-105.03209,-0.93566424,1745.954,0.2438525,641.9528,0.7126902,-97.643105,-0.9640332,2722.3406,0.16159034,574.7575,0.34665176,-97.88749,-0.95771176,-8.135485,-0.5973518,15.969979,0.33947676,0.07606949,0.6696991,-0.014865461,-0.9622458,0.24853244,0.52915263,22.249084,0.39665744,-4.5712056,-2.8322515,8.27979,1.7603532,-9.664222,-2.8237972,-7.9841805,17.502296,0.012393371,0.009261132,0.0052908077,1.8099548,0.45766592,1.18,0.72999996,0.65333337,0.43560943,-36.50392,03
32.14482,0.077046275,30.810545,31.758976,34.39865,3.5881062,88.90354,131.90814,22.95568,19.546724,0.43609023,1.0479641,0.009713163,0.31715906,0.89774084,0.88802767,6.721524,6.0135355,4.303444,2.1886108,0.1450814,1.1658381,12.289924,1.2177036,2.7946362,4.4443536,7.990314,1.2345164,-0.34163776,-67.55242,0.012907904,1.1510377,0.9601691,0.87476844,7.3277397,0.46373218,-1.9388317,-5.329732,11.0879965,0.75059515,575.9782,0.519264,1028.1208,0.21709931,-111.595314,-0.8742612,1711.2487,0.24502105,598.55945,0.52541983,-103.27541,-0.8958548,2689.224,0.1587993,665.7729,0.30823088,-102.01204,-0.9186337,-8.697506,-0.64666146,16.601833,0.39625537,0.10545038,0.36852804,-0.0197131,-0.70085835,0.27134615,0.5443034,21.412022,0.5370495,-1.6266869,-7.8915834,6.617054,1.6524614,-10.058048,-2.7730575,-6.110303,16.18573,0.01947307,0.009142403,0.010948063,1.7937219,0.9070295,0.565,0.39398605,0.5125,0.41727537,-35.61517,03
32.59215,0.06171768,30.991943,32.051785,34.930893,3.9389496,24.52434,15.327725,12.394911,5.5993886,0.45146587,1.056009,0.008872598,0.2815444,0.95273507,0.94386244,7.148771,6.3526163,4.440546,2.4161403,0.1558572,1.2087132,11.36743,1.109255,3.24776,3.7121913,7.628741,1.3514849,0.4231996,51.995182,0.01568252,1.3760698,0.9535087,0.6903756,7.2192807,0.43885854,0.35697556,29.832962,11.500885,0.7277526,671.4477,0.4781563,1007.8104,0.21991453,-119.08448,-0.8110573,1801.265,0.23013203,634.06396,0.5885083,-101.859535,-0.92619956,2784.189,0.1489969,624.9107,0.294999,-101.69389,-0.9291061,-7.905863,-0.62276345,15.254074,0.32196385,0.10817349,0.31563678,-0.01767687,-0.71821976,0.2952975,0.5691922,19.618956,0.41088477,-2.5419753,-5.0465317,6.654771,1.9771267,-9.327,-2.785766,-7.320396,17.387115,0.011121659,0.008899041,0.0071190353,2.0833335,0.4683841,1.105,0.655,0.66999996,0.38218668,-35.32171,03
32.43529,0.0415394,31.480179,31.927801,34.497307,3.017128,32.668617,42.94329,8.472255,6.33393,0.14780822,1.1216972,0.0068650874,0.08841942,0.26674554,0.25988045,2.0956168,1.180465,2.3588219,1.3223746,0.030781597,1.2225223,19.259027,0.9715261,10.345465,1.1108329,6.2107997,2.1204996,3.6455543,4.428983,0.009522462,1.3672638,0.82733434,1.2287905,10.024343,0.26862177,-3.8921463,-2.0032098,21.890747,0.46340138,431.79248,0.3148329,1165.559,0.18648782,-113.95719,-0.8315632,1359.8622,0.17438787,918.6761,0.37503934,-118.34453,-0.75762594,2370.2468,0.10328859,862.7484,0.51357234,-122.39479,-0.69585985,-16.142462,-0.4718172,26.788483,0.34587243,0.09684681,0.37204203,-0.023663908,-0.7005042,0.060251787,0.6132812,34.26363,0.3453783,7.5989666,1.871484,1.6167578,10.292695,-4.375089,-4.2772374,-11.164036,21.14034,0.0120082265,0.006556077,0.0072230613,2.036199,1.1441648,0.38,0.25628108,0.33285713,0.42920905,-45.70962,04
32.330444,0.04265063,31.335619,31.869383,34.349964,3.0143452,21.50119,15.660592,9.296027,5.1248865,0.14183243,1.0111114,0.0077122524,0.106961936,0.24911761,0.24140537,2.1993582,1.7200807,1.829961,1.3504947,0.028440086,1.1860592,21.137947,0.85399705,14.356529,0.6838572,5.6664004,2.5655444,4.291055,3.4392319,0.008184676,1.225466,0.7101483,1.1631434,10.472589,0.18278576,-0.38597023,-19.978085,26.482628,0.3193569,429.14752,0.30343693,1194.8025,0.20113476,-105.87895,-0.9112734,1384.7157,0.15395506,925.2377,0.2928174,-110.538635,-0.80614924,2389.055,0.10908719,819.1136,0.30894405,-115.291885,-0.73169225,-18.402285,-0.39673126,28.737282,0.28813276,0.09306988,0.34855172,-0.02489751,-0.57869446,0.051200572,0.6564861,34.87227,0.31290144,14.72368,0.84806746,1.0598998,17.178053,-2.4353042,-6.8767033,-12.652993,23.209599,0.010660558,0.0065955217,0.0063053914,2.360515,1.3015184,0.3733333,0.25236657,0.37166667,0.4257314,-46.290455,04
32.357094,0.044971462,31.203682,31.816195,34.45892,3.2552376,21.944334,23.082237,8.419598,6.040382,0.15101105,1.005899,0.006397264,0.12325506,0.28271672,0.27631944,1.6265396,0.91334707,2.2437766,1.4914788,0.031723235,1.1444205,18.603655,1.0264322,12.022856,0.7755292,3.596096,3.054149,5.4948306,2.614552,0.009387495,1.2333925,0.7476929,0.99184394,10.091184,0.2251613,-0.5196237,-19.018991,25.688383,0.400272,404.2554,0.19988452,1170.5299,0.16393895,-103.28722,-0.9485834,1350.1913,0.13204621,889.4638,0.3684897,-108.22312,-0.84550285,2384.2607,0.092862524,844.62,0.49041304,-114.03362,-0.7532724,-16.65862,-0.40722978,29.70054,0.26658294,0.107549824,0.34636438,-0.021086644,-0.707668,0.060067516,0.5240963,33.79409,0.30839905,11.683621,0.91701984,0.09693792,141.3265,-0.017720854,-966.4036,-8.03562,17.801792,0.025210308,0.00906345,0.0039475,2.0642202,0.6960557,0.71333337,0.24580932,0.525,0.4167433,-45.700584,04
32.38652,0.047228392,31.10615,31.959717,34.76758,3.6614285,99.96516,159.32251,11.13483,3.9943075,0.17502272,0.9919276,0.008532964,0.12502457,0.3532788,0.3447458,1.9170784,1.1584337,2.4185567,1.3430706,0.03725283,1.1363281,18.978312,1.0026481,9.79882,1.0077,5.370317,2.061207,4.972838,3.1191907,0.009668636,1.1841687,0.7949167,1.1541008,9.872783,0.27887,-0.79877,-11.718694,23.866571,0.3153737,425.57227,0.38296095,1123.6517,0.1870846,-102.09734,-0.9560781,1365.4144,0.18508627,862.18494,0.3325566,-106.91928,-0.8625087,2365.973,0.11313632,812.21936,0.42795792,-112.608574,-0.76880604,-14.937493,-0.43284547,27.811668,0.2895929,0.10379685,0.29772535,-0.021118589,-0.7186435,0.06993986,0.5247795,33.548904,0.34799254,7.902349,1.2795757,1.2678254,10.651856,-2.0150127,-9.096874,-8.425559,17.897068,0.013384494,0.012637693,0.0050808177,1.9736842,0.6651885,0.75333333,0.25837097,0.545,0.43666348,-44.331738,04
32.485264,0.049661025,31.177916,31.925018,34.216953,3.0390377,17.568302,3.756874,9.206249,5.285475,0.20115739,1.1190253,0.007113004,0.10729394,0.42805684,0.42094383,2.5696454,1.307143,2.5311074,1.2228297,0.0524932,1.2071828,18.62051,0.9585659,5.3908577,2.182002,7.3475804,1.5652901,2.3501534,7.8837776,0.011105761,1.0817472,0.9236411,0.9926332,9.280852,0.2469759,-4.6281815,-1.8670689,17.907059,0.47457334,460.8888,0.44138858,1189.8611,0.2049068,-110.824135,-0.8733411,1437.9167,0.2006066,868.6849,0.46738458,-109.95461,-0.84187365,2425.7349,0.13653612,689.5045,0.3296805,-113.58935,-0.7810432,-14.3977785,-0.49801308,24.448374,0.2784186,0.09320632,0.3821064,-0.020895554,-0.73169494,0.10256919,0.5648328,32.907288,0.29871747,1.1048852,13.427698,6.445823,2.3311224,-5.230355,-4.3542175,-8.838727,19.039442,0.018181637,0.009747098,0.006368734,2.097902,0.9433963,0.505,0.20670027,0.42599997,0.4526632,-42.355263,04
32.47986,0.051601276,31.090723,32.081535,33.85057,2.7598476,19.351805,3.2941003,12.88874,6.07266,0.23441008,1.1230798,0.013331269,0.13530597,0.38130122,0.36796996,2.7822063,1.4946901,3.2847655,1.409269,0.06618553,1.2288607,17.516903,1.093518,3.1293,4.045728,8.7074,1.4593842,0.81848645,22.772013,0.013997782,1.4209733,0.8700065,0.9069776,8.828612,0.33313584,-3.6701925,-2.43192,17.734837,0.5897284,398.8887,0.32384896,1177.0829,0.1727369,-106.67928,-0.909559,1366.9053,0.15794785,838.1281,0.3334784,-106.0013,-0.87516886,2386.1145,0.10648662,729.15753,0.4102405,-109.62476,-0.81338114,-14.155214,-0.5401889,24.625257,0.3481933,0.092126824,0.4062867,-0.019716674,-0.7822917,0.12516928,0.6215706,31.880001,0.34431556,1.9039624,8.112588,5.820404,2.7608647,-6.2870045,-3.6249475,-3.8449385,13.37352,0.0293217,0.013761017,0.006946099,1.8518519,0.7025761,0.71333337,0.2904403,0.515,0.43797833,-40.98584,04
32.311363,0.051305458,30.968954,31.873999,34.68858,3.7196255,18.556562,4.7312202,14.113312,6.776445,0.19862446,0.9754584,0.010408547,0.12848136,0.42010903,0.40970048,2.3555021,1.2853717,2.0865614,0.91628265,0.046240218,1.1013634,19.648289,0.9632433,4.8703036,2.3462007,7.5805006,1.6452243,3.6360602,4.723518,0.012948974,1.8727535,0.86808115,1.0772488,9.094616,0.4180158,-1.4177973,-7.280676,20.957634,0.35204566,443.56647,0.43688807,1152.4423,0.18923996,-106.86421,-0.90677047,1405.7213,0.17414671,842.5052,0.29903823,-102.579605,-0.9031856,2405.61,0.11310161,724.80005,0.3245716,-107.32773,-0.82144487,-13.9978075,-0.45041993,25.622684,0.31595367,0.112343244,0.30833638,-0.018812653,-0.8137053,0.08624038,0.4707832,33.754784,0.35137615,2.7994943,4.332212,4.6515145,3.178108,-3.1513252,-6.5933003,-6.355379,16.26629,0.025504755,0.013465614,0.0032743784,1.8348624,0.92807424,0.555,0.3513901,0.4975,0.44336075,-43.13945,04
32.25369,0.050435282,30.860844,31.862833,34.59626,3.7354164,97.63246,170.80301,20.983505,7.1086454,0.21512096,1.0374671,0.007559859,0.131614,0.4480414,0.44048154,2.2816515,1.3418963,2.6676989,1.9754518,0.05382774,1.1222169,19.153818,0.9628647,5.718949,1.9034921,6.9479604,1.4719406,2.1881917,8.732106,0.012451674,1.3247606,0.8252761,0.99693006,9.143741,0.3019767,-1.6473906,-5.942447,20.31724,0.37916,454.87207,0.4065709,1133.2427,0.18596952,-108.382965,-0.89713377,1435.5635,0.20142081,812.02374,0.35415137,-105.828384,-0.8718402,2428.4263,0.1230585,701.2692,0.2636126,-109.46677,-0.8105402,-14.019891,-0.451177,24.480858,0.29434928,0.108290285,0.34214565,-0.020860104,-0.763684,0.10115895,0.49546117,33.70576,0.31592384,0.43156868,26.479189,6.769219,1.9041221,-5.2427735,-4.5170026,-8.705215,18.549616,0.019349055,0.007896861,0.005914865,2.036199,0.6864989,0.7366666,0.266625,0.5225,0.42534545,-41.989796,04
32.321884,0.057829343,31.061844,31.884304,34.627968,3.566124,30.572157,17.579332,22.527456,12.502064,0.31865692,1.119849,0.007635648,0.19538464,0.5964244,0.58878875,4.65682,2.5506995,4.994807,3.6773677,0.11673679,1.2306805,15.4686775,0.9532397,5.216585,1.9992678,8.840069,1.5276778,3.127187,6.3831873,0.017530318,1.2076603,1.0414021,0.76950926,7.0433893,0.38288194,-1.6680083,-5.774343,15.180521,0.50019413,519.8363,0.48594645,1105.6982,0.21211469,-106.40415,-0.91480255,1532.1193,0.2324875,733.19116,0.4201995,-104.913734,-0.88904786,2558.473,0.13928464,605.79895,0.37516886,-107.05742,-0.84958565,-10.228295,-0.6660436,20.172264,0.2994785,0.07483854,0.7003361,-0.013827018,-1.1445341,0.22092567,0.6088251,25.210497,0.4287067,1.0104856,12.092427,8.84427,2.0391471,-3.641637,-6.877107,-8.663271,19.11049,0.015675416,0.009499386,0.010931753,2.4271846,0.7371008,0.68333334,0.28110892,0.48749998,0.43222535,-38.363785,05
32.0386,0.052811366,31.011944,31.900368,33.36338,2.3514366,53.65005,36.760204,19.669617,7.469511,0.37316564,1.0746396,0.013203342,0.18630184,0.85975516,0.84655184,4.599009,2.5297034,4.7435045,2.619477,0.13162301,1.1646148,12.478464,1.1745204,0.9391333,12.099982,10.18518,1.4570925,-0.24206364,-95.01749,0.014481829,1.6993413,0.99043024,0.712298,6.733218,0.44956997,-3.633149,-2.645925,11.985326,0.6506611,661.18726,0.45611802,1029.4988,0.22337815,-107.79989,-0.8975829,1762.0648,0.22039236,643.15594,0.49993587,-106.143074,-0.872549,2777.814,0.14302513,627.4803,0.29562292,-106.243904,-0.869589,-8.466721,-0.7104721,16.961939,0.3560809,0.077708915,0.6753089,-0.01602867,-1.1348474,0.2557,0.50114214,22.089855,0.43228558,-0.9304282,-13.067926,8.88,2.1135356,-9.900155,-2.8871677,-4.3887453,15.5392475,0.021928187,0.01585346,0.009683713,1.8223236,1.1520739,0.42799997,0.23498085,0.3483333,0.44118842,-36.79422,05
31.930668,0.079273984,30.702127,31.809372,34.563255,3.8611279,51.403572,62.747334,21.554876,13.345836,0.40991879,1.0258441,0.007476918,0.2932575,0.8942833,0.88680637,5.7120757,4.0570765,4.546174,4.023572,0.14306334,1.0983369,12.427148,1.0986,3.6092556,3.1749659,10.7624235,1.2369316,-0.45988083,-48.95829,0.037178464,3.59865,0.91386503,0.88630277,6.8345866,0.5356755,-2.3924346,-4.0385146,12.026731,0.64164793,643.66,0.50599205,1029.8638,0.22457437,-114.463356,-0.84776974,1752.6702,0.22968163,611.5271,0.51863265,-104.587234,-0.8971274,2760.9226,0.14382507,614.14435,0.28943574,-104.38887,-0.9010028,-7.7803946,-0.71850353,16.190767,0.37724116,0.113319166,0.3461216,-0.017005034,-0.94512063,0.2749621,0.42458335,21.583323,0.42685604,-2.4148726,-5.0688286,12.949759,1.290707,-11.915213,-2.233768,-6.8087387,17.009356,0.020284612,0.012528656,0.011015288,2.097902,0.9433963,0.5275,0.3472301,0.408,0.41691244,-36.166218,05
31.959814,0.07115265,30.91019,31.913658,34.328976,3.418785,126.34259,173.82912,19.161955,9.542987,0.399801,1.0394186,0.0092159305,0.26068446,0.87078977,0.8615738,4.8567023,2.7186534,4.47642,2.628239,0.1260426,1.1157638,13.267804,1.0275396,1.1928792,9.706132,10.552144,1.2314707,0.3687666,64.06636,0.033710673,3.6459172,1.0595076,1.034783,7.138031,0.5776636,-2.7694647,-3.8074024,12.366529,0.644615,674.5368,0.47578418,1016.6009,0.22443055,-109.49897,-0.89124274,1792.5571,0.2275625,594.8708,0.501652,-102.396,-0.91350085,2797.4778,0.13979723,661.9799,0.5870211,-101.68708,-0.9257477,-8.13661,-0.6698597,16.45605,0.39034617,0.11048663,0.34683895,-0.016515488,-1.0527651,0.23857944,0.45830414,21.855364,0.44091088,-2.307846,-5.411122,12.843753,1.2648722,-11.727591,-2.3050134,-4.928166,15.873358,0.02046944,0.017906953,0.006382437,1.8518519,0.7025761,0.73333335,0.25037748,0.5,0.43145102,-36.20173,05
32.332844,0.08452164,31.175385,32.150997,34.773228,3.5978432,109.70678,141.93398,46.978127,38.087646,0.52093583,1.1438161,0.008689101,0.27181226,1.0950338,1.0863447,7.874663,4.9018164,9.454164,4.581999,0.2551587,1.2886314,13.093733,1.1086438,5.414909,2.2818558,7.753643,1.7760836,1.740191,12.094929,0.01676852,1.4311053,1.092265,0.8696996,6.6526065,0.5156622,-0.5017888,-21.124308,15.931763,0.50155985,702.7826,0.39274085,1028.7417,0.2513044,-112.422066,-0.85703045,1828.5461,0.20520376,673.4984,0.55504894,-109.89356,-0.83419585,2819.5,0.13693805,795.78796,0.5965191,-110.308174,-0.8256553,-9.707311,-0.82319725,19.09632,0.41985098,0.076821454,0.56208414,-0.016358072,-1.1461302,0.5086704,0.61179936,23.13502,0.45304197,1.1765612,12.8891325,6.3584332,2.9012008,-8.7735,-2.8786504,-9.566981,19.938229,0.0018618358,0.011035514,0.018076032,2.1126761,1.1876484,0.402,0.24749948,0.41599998,0.45204425,-31.487898,05
31.854881,0.110971965,30.818947,31.846008,34.517967,3.6990204,126.87446,147.5689,42.217735,35.112206,0.4894114,1.1953712,0.007778218,0.16844435,1.0845287,1.0767505,9.518889,7.0136967,8.361071,3.7712028,0.25464928,1.3388145,11.892041,1.220447,6.2177415,1.7836607,8.579283,1.6712997,1.2185918,17.616434,0.018413847,1.7569412,1.1776704,0.69915277,5.723248,0.63312036,-1.7858194,-5.2285066,14.406581,0.56570864,706.8945,0.409469,1033.7992,0.22731015,-115.6119,-0.8338441,1826.1698,0.20379563,618.0291,0.54196346,-115.08459,-0.7964391,2821.3774,0.14234482,708.01105,0.3593201,-115.18234,-0.79413503,-10.046721,-0.68013316,19.42509,0.3973993,0.0649723,0.8091305,-0.018793903,-0.9507275,0.53967875,0.59572476,22.318462,0.48540652,1.8662901,7.3644376,7.6661167,2.611518,-9.6793585,-2.7808485,-9.996851,20.39888,0.0026944752,0.010609919,0.016945867,2.3965144,0.88105726,0.515,0.18034689,0.59499997,0.5491129,-31.783422,05
32.093437,0.08628587,31.011402,31.945179,34.56405,3.5526466,124.10683,140.95464,23.455418,13.0377445,0.54287285,1.093336,0.007317839,0.2919688,1.1828889,1.1755711,8.52465,5.179398,6.824568,3.6772192,0.26491016,1.2842448,13.351481,1.1605161,5.1718087,2.6103282,9.311436,1.4086984,-0.92611486,-20.851246,0.02334033,2.1617339,1.0731891,0.85790074,6.7671747,0.5622129,-0.8688095,-13.40669,14.854716,0.42623958,728.08575,0.39082322,1043.2986,0.21795174,-113.43419,-0.8498452,1831.4426,0.19470537,657.4542,0.48107177,-110.45347,-0.8389605,2805.9343,0.12055188,733.64014,0.5322626,-110.67232,-0.8345189,-9.937007,-0.6633665,18.946571,0.35455275,0.101488315,0.44176763,-0.019312786,-0.9212245,0.5338982,0.59304494,23.98183,0.45486462,-1.4276505,-11.327769,11.16329,1.5414518,-10.975473,-2.0976439,-7.6683054,17.470976,0.017035948,0.009379429,0.020153776,2.1479714,0.9661836,0.49249998,0.34120193,0.5175,0.41685575,-30.922272,05
31.72548,0.11843103,30.955257,32.20111,34.360897,3.4056396,148.20857,122.6698,77.81726,85.84493,0.584719,1.0528451,0.0091292225,0.39724168,1.3084681,1.2993389,7.4589953,4.378324,6.9552755,4.035253,0.27884018,1.2469877,13.2682905,1.0720814,4.389472,2.8676279,8.786566,1.4753727,-1.3238949,-15.739932,0.03209934,2.1805768,1.1576043,0.74255294,5.9762993,0.69452107,-1.273687,-8.2050295,13.27715,0.6124749,676.1401,0.43275908,1076.3275,0.21359456,-115.02875,-0.8448504,1808.7081,0.20489313,676.9644,0.48718455,-105.10178,-0.89410913,2783.4895,0.13546108,721.80994,0.3729367,-105.238884,-0.89109945,-9.534083,-0.69791806,17.472885,0.4231506,0.09761432,0.47325683,-0.019337054,-0.89095885,0.5418145,0.58594453,22.048199,0.47505805,-1.6098434,-8.632547,9.781243,1.7212006,-11.981051,-2.0349007,-9.93044,20.101212,0.006714633,0.008495199,0.014301756,1.8779343,0.9501188,0.525,0.35273927,0.5025,0.4108756,-30.780148,05
32.177402,0.04809095,30.92797,31.790394,34.02857,3.1005974,18.392925,13.808383,25.724941,20.663063,0.2009003,1.2429587,0.0069062607,0.099124506,0.37672052,0.36981425,3.015616,1.4860276,3.1381664,1.925817,0.062152762,1.3060791,16.787872,1.0298102,9.455099,1.1339263,7.845755,1.6977146,3.8172102,4.770219,0.01338354,1.1137533,1.0387344,0.93633604,8.403289,0.38496867,-1.2267983,-7.968687,19.743896,0.48930836,453.90903,0.4448239,1126.8427,0.2041023,-111.378716,-0.8547925,1447.6592,0.21930532,838.9068,0.5348001,-115.414505,-0.7780129,2436.949,0.12171921,697.25165,0.38274994,-118.28046,-0.7316297,-15.796873,-0.49069175,25.254251,0.32032543,0.07657917,0.65044105,-0.020161971,-0.78837365,0.1258546,0.63823456,30.27483,0.39781287,8.186955,1.7178148,6.5087914,2.7006078,-2.4634116,-9.4229965,-9.719981,19.910835,0.009355867,0.00860981,0.008028979,2.1327016,1.1990408,0.378,0.24620317,0.432,0.45176986,-41.53925,06
32.457825,0.04714635,31.256828,31.878414,34.213985,2.9571571,69.25259,97.199265,15.135775,8.20611,0.15190342,1.0579877,0.00734947,0.09813179,0.30304793,0.29569846,3.3559783,2.470144,2.9075632,1.8474368,0.05347824,1.1844616,16.520634,0.9871551,13.614051,0.7071474,6.8787055,1.9206868,6.8755336,2.3185782,0.01619581,1.2534039,0.9930138,0.91613275,8.9114,0.2600449,0.95454043,9.462467,24.62701,0.31722498,476.34882,0.30250522,1204.6946,0.1610949,-120.14233,-0.77527684,1483.9719,0.18802398,923.018,0.35867232,-122.984184,-0.7018319,2479.4497,0.12905675,820.33826,0.55587244,-125.82921,-0.65871775,-19.56823,-0.3401756,28.54469,0.21560004,0.053426627,1.0783166,-0.023127118,-0.70009285,0.10553744,0.52554166,30.70666,0.34959534,17.616528,0.6201358,3.5430124,4.984551,1.037598,19.759167,-9.773229,20.129892,0.0070190006,0.0064504417,0.013612033,2.8846154,1.216545,0.354,0.218687,0.375,0.43384907,-44.338745,06
32.30357,0.05317879,31.002464,31.805601,34.89936,3.8968964,40.339096,31.156834,13.323857,7.3260293,0.19583791,1.0426575,0.0066215787,0.14800495,0.39249802,0.38587645,2.3998392,1.1812345,3.268355,1.983741,0.051759697,1.1072754,17.385927,1.0402485,10.204929,0.95401156,4.9862633,2.543462,3.6955187,4.4913497,0.0138987,1.3224291,0.9356501,0.8568581,8.560724,0.3972659,-0.9042397,-10.173725,21.81098,0.39256817,436.63535,0.39424405,1103.3479,0.19268824,-105.37969,-0.92497206,1379.8848,0.16281347,813.6448,0.3481453,-108.033424,-0.85537523,2429.8354,0.11341926,717.7032,0.34469983,-112.667076,-0.7781159,-14.26765,-0.3891432,25.86456,0.2574816,0.10990449,0.31322935,-0.02088064,-0.68024975,0.10072973,0.4260321,31.375494,0.33436725,7.7664337,1.4223123,2.6864746,6.2670593,-3.0134053,-6.810559,-8.237014,17.796125,0.021773761,0.008452403,0.0042127613,1.8518519,0.7025761,0.7,0.2673325,0.525,0.4372928,-42.942677,06
32.397243,0.047310226,31.348179,31.935028,34.864067,3.5158882,19.52764,5.3989496,12.195585,8.386591,0.20362988,1.040875,0.006815688,0.1461392,0.4324714,0.4256557,2.2514515,1.3863844,2.965901,2.2660725,0.050091457,1.1707414,16.375471,1.0944797,7.9460187,1.271268,6.7625213,1.6985359,3.0257554,6.020709,0.013684074,1.3268194,0.78924066,0.8056152,8.64073,0.44593796,-0.032039702,-340.11722,18.320198,0.42039678,453.80768,0.5118747,1074.3093,0.2213363,-108.63111,-0.88855106,1443.5923,0.23095581,722.3529,0.40685666,-108.61348,-0.8437833,2439.0566,0.11774911,711.05286,0.39795813,-111.330696,-0.7991827,-12.481975,-0.4640229,22.623817,0.35649145,0.10940916,0.3405563,-0.020385541,-0.717391,0.09451272,0.53495455,29.00317,0.45973796,4.993895,2.4186735,6.8812537,2.1921647,-3.3776324,-6.837676,-8.555517,18.690828,0.018788861,0.008847679,0.007435986,1.8348624,0.92807424,0.5225,0.4027018,0.42599997,0.44481906,-42.96538,06
32.60121,0.05210744,31.345558,32.22537,34.489033,3.1434746,32.967125,26.91117,19.615883,8.64288,0.38512066,1.1287363,0.007867482,0.20103818,0.8548195,0.846952,5.7609215,2.7409475,5.7715783,3.4122531,0.1537713,1.2077682,13.3055105,1.0409606,2.5974312,4.251007,7.1177025,2.0208106,1.7413331,10.8211155,0.015260497,1.208919,1.0027094,0.73947567,6.73951,0.49280927,-1.5676254,-6.9195743,13.099888,0.561313,696.9326,0.44357696,1062.724,0.26048914,-109.51587,-0.8831143,1730.8085,0.21337013,702.30066,0.46091172,-107.19624,-0.8661029,2718.9348,0.14674276,635.0592,0.38843942,-108.40896,-0.84501785,-9.914694,-0.5720962,19.381315,0.3249922,0.065105915,0.8883162,-0.015506004,-0.9540827,0.30023468,0.5441287,23.555035,0.40832046,-0.5112536,-24.523933,6.666293,2.9109764,-4.404842,-5.521209,-6.1167555,16.525826,0.013240205,0.0090231085,0.011432098,2.347418,0.7125891,0.68333334,0.488899,0.412,0.46747836,-35.99076,06
32.52162,0.050345775,31.195723,32.073616,34.384033,3.1883106,18.717602,14.347415,27.10385,13.13775,0.39669713,1.1220492,0.009953648,0.21264249,0.8061438,0.79619014,5.8374815,3.3646035,6.1157017,2.3453028,0.16330135,1.261,12.700706,1.2221651,4.1199565,2.6615982,6.117506,2.2769914,2.7267761,6.6785026,0.016008297,0.9750485,1.0511078,0.7156883,6.554373,0.570882,-0.7486713,-13.5496855,15.184895,0.4840078,668.79675,0.44694418,1099.2671,0.2678745,-111.330025,-0.8709341,1730.2585,0.21066484,713.6028,0.51782835,-110.96174,-0.8231995,2715.35,0.16061598,677.58606,0.44989038,-112.133316,-0.8024991,-10.551008,-0.5685384,19.37535,0.35596338,0.07061945,0.56518173,-0.017278064,-0.8782062,0.32015306,0.6059483,23.74079,0.47939748,2.5670502,5.111609,3.9249551,4.817593,-2.034306,-11.633663,-5.7637863,15.627883,0.019720392,0.00775663,0.019651877,2.1327016,0.95923257,0.4975,0.19942103,0.52,0.47238752,-35.395626,06
32.07066,0.07073755,31.111816,31.85679,34.669712,3.5578957,46.07578,44.492683,19.533403,8.726347,0.4163107,1.0689145,0.0071832472,0.26823115,0.88150144,0.8743182,5.4260507,4.161514,5.865032,3.4464014,0.13507548,1.1210685,12.205214,1.2045068,3.1279466,3.4637184,7.665534,1.5222461,2.1167312,9.284673,0.020568796,1.7522479,0.9614385,0.6890947,6.745785,0.5660912,-0.14849822,-60.85101,12.648771,0.6588762,644.93414,0.46463948,1040.1227,0.20020944,-112.6067,-0.85935515,1703.7965,0.21513985,648.3668,0.45438462,-105.62674,-0.8867507,2710.375,0.14076334,610.3032,0.26669627,-106.135994,-0.8789759,-7.62015,-0.6886525,16.585125,0.4190898,0.097441435,0.5011532,-0.016890656,-0.93244785,0.260538,0.44692448,22.367226,0.45550117,-2.6527858,-4.136667,8.0124445,1.8601497,-6.596195,-3.6642292,-5.991387,16.008772,0.018449867,0.011870155,0.011725658,1.6317016,0.9433963,0.5225,0.38499185,0.68,0.35505867,-36.486454,06
32.15234,0.073596016,30.983068,32.118786,34.05014,3.067072,33.125973,17.458979,24.014309,10.141902,0.44438508,1.0523347,0.013191727,0.31814903,0.96167624,0.94848454,5.923661,3.8346968,7.755588,5.9069614,0.17688255,1.1289873,13.215391,1.0663831,2.2291858,4.7271123,10.005393,1.1677464,3.3427072,5.4289155,0.012912029,0.9956283,1.04839,0.8779918,6.5349064,0.48672435,-0.030616885,-330.02487,13.492843,0.55204374,679.5085,0.46077806,1077.1804,0.22541091,-116.44188,-0.80690396,1750.8704,0.20284773,689.3663,0.5343209,-107.484474,-0.85793346,2759.3276,0.13461164,622.45,0.28572384,-107.60824,-0.8563762,-9.1658325,-0.66443205,16.902174,0.4094868,0.09330451,0.51061237,-0.018761666,-0.848948,0.33977363,0.4653602,22.581188,0.47371775,-1.6236359,-7.220112,9.736433,1.53334,-5.5860624,-3.8930202,-6.733293,16.850693,0.010670086,0.007590522,0.020476382,1.8957347,1.1990408,0.406,0.2674023,0.5025,0.41160506,-35.044468,06
44.493217,0.023828888,43.744762,44.13269,45.78798,2.0432167,13.892746,12.012407,11.098868,3.8716452,0.23653725,1.1504642,0.0010339657,0.0992467,0.54300284,0.5419689,3.5297596,1.9144381,2.9424589,1.411378,0.058293458,1.2803196,8.273909,1.5298901,-6.658381,-2.2194345,-3.3887415,-3.6925147,-21.42539,-1.0824919,0.008342043,1.2507585,0.83792365,1.0673836,13.352128,0.31022578,10.338531,0.7260402,18.286648,0.48776686,778.7644,0.27195898,1284.579,0.2476655,-128.23878,-0.7107781,1761.1407,0.1403171,802.8085,0.53056234,-118.6947,-0.7540101,3003.079,0.07042647,579.4722,0.80454826,-121.880646,-0.70364213,-9.227374,-0.88784087,19.924675,0.42911392,0.17739923,0.14487414,-0.0043552425,-2.771545,0.1254802,0.53694296,16.755577,0.675105,-16.360695,-1.0246681,-6.4578657,-2.6321766,-43.196056,-0.39653033,-2.211969,9.713384,0.13375597,0.015505968,0.0088958675,1.8648019,1.1792454,0.36599997,0.22852571,0.37666667,0.43808928,-40.910797,01
44.482895,0.023098104,43.716236,44.08815,45.75103,2.0347939,13.190649,4.8979063,15.048986,10.056263,0.26159415,1.1169295,0.0021483148,0.13806814,0.59861624,0.5964679,3.7583737,1.7396938,2.7383816,1.235883,0.06840876,1.210168,7.8518457,1.6082566,-7.2730827,-2.0989602,-4.075408,-3.0237494,-21.795748,-1.0976752,0.013568664,1.659164,0.7861462,0.8736744,12.702392,0.3882914,9.357587,0.8214415,18.06275,0.45659807,754.44196,0.3165824,1279.3119,0.24353766,-127.146736,-0.7200927,1739.596,0.16455862,853.0772,0.46703848,-112.182556,-0.8111445,2970.995,0.07999016,647.32605,0.9305463,-116.32383,-0.74350905,-9.321631,-0.9425252,20.363674,0.43864992,0.18005219,0.15254685,-0.0030863145,-3.9064462,0.13807328,0.5123769,16.066643,0.694162,-16.082705,-1.0769465,-8.050667,-2.008859,-42.2207,-0.43659306,-0.7586536,8.451514,0.13327466,0.01645196,0.008823279,2.050114,0.92165905,0.5125,0.18267114,0.44,0.4661759,-39.922157,01
44.422634,0.025674649,43.788174,44.149464,45.86213,2.0739555,16.272738,11.581531,6.550858,4.4555078,0.28055686,1.0553659,0.0052513164,0.17778885,0.6012513,0.596,3.3482578,2.470186,3.1883564,1.3596123,0.057745755,1.2576265,7.5035195,1.7858306,-6.5375724,-2.0479875,-4.0914154,-3.1599083,-23.58354,-1.058528,0.0075459955,1.1149362,0.6513367,1.0135417,13.499239,0.35601297,10.344505,0.9147242,18.493681,0.4200681,772.69336,0.28571117,1342.7947,0.2889287,-122.352875,-0.75751096,1715.0737,0.1530299,821.0352,0.5360964,-111.251816,-0.818227,2998.8975,0.06012354,534.90265,0.8288676,-115.5047,-0.7482807,-9.819476,-0.7099018,20.228598,0.38831273,0.18205534,0.17475997,-0.0066358517,-1.4745572,0.11577938,0.5729969,17.059778,0.6048213,-16.308475,-0.75274473,-6.8959827,-2.4811552,-45.383606,-0.4082877,-0.85949713,7.496945,0.12880342,0.011691532,0.0048925397,1.5837104,0.91533184,0.5225,0.33603385,0.438,0.44830343,-39.11038,01
44.487442,0.026092364,43.831715,44.135612,45.69785,1.8661346,22.4832,23.193718,7.0742598,5.995649,0.27524185,1.071605,0.0031204848,0.15424563,0.6087894,0.6056689,2.8763196,1.656201,4.9870105,3.1383634,0.06749803,1.1969197,8.027964,1.6277571,-6.217123,-2.282035,-2.9345157,-4.111936,-21.780413,-1.1325656,0.015162156,1.7288692,0.7778796,1.1856704,13.0627,0.41670984,10.659819,0.7867501,16.107162,0.4904555,782.9154,0.3273741,1334.3417,0.28363314,-121.2475,-0.7613321,1722.5741,0.15202159,812.70264,0.4172855,-109.86016,-0.82656395,2959.5642,0.064536616,544.3255,0.7718444,-113.36074,-0.7691517,-10.001278,-0.7200322,19.410603,0.4230382,0.18064035,0.14402483,-0.0062300586,-1.8286929,0.13318193,0.514044,16.67755,0.69963366,-15.024722,-1.0208263,-5.2287507,-3.0560977,-42.517857,-0.4546376,-1.3034415,8.543736,0.13120776,0.0153535,0.0061472473,1.5945331,0.6912443,0.71,0.261916,0.53499997,0.45135906,-39.641346,01
44.62774,0.046537884,43.338448,43.97716,46.34458,3.006134,23.52687,8.470963,5.8092895,1.906502,0.1972865,1.1522759,0.00242505,0.103629395,0.41497266,0.41254762,2.9537442,1.3527662,2.987559,1.4753755,0.04259686,1.2272711,9.603372,1.3337548,-7.1240764,-1.9154704,-5.30839,-2.6225703,-21.523247,-1.0907295,0.009690504,1.4052225,0.6742322,0.93194807,13.675895,0.28181776,8.319643,0.8373464,20.551153,0.49902552,806.3172,0.2797112,1255.1378,0.26858342,-124.28962,-0.7398822,1722.2225,0.13409808,855.5366,0.45656615,-118.112015,-0.75143754,2964.8174,0.0780406,596.001,1.0499097,-121.88554,-0.6925831,-9.593679,-0.73538756,22.2695,0.4134037,0.16931422,0.16560955,-0.0058365073,-1.8572975,0.08443921,0.53726405,18.696787,0.61510295,-15.857161,-0.9566894,-11.963113,-1.4090781,-43.28905,-0.38181227,-2.441861,9.332068,0.13018098,0.013983395,0.0133369565,1.7167382,1.3015184,0.3333333,0.18208668,0.34857142,0.43763745,-44.207767,02
44.800858,0.04631032,43.565063,44.08971,47.65966,4.094597,13.338646,9.288358,-14.280108,14.513635,0.18981183,1.243644,0.003303061,0.0826142,0.37274727,0.36944422,3.3094857,1.7824203,3.0654116,1.5559009,0.040657472,1.3196883,7.5356402,1.6510311,-6.0937657,-2.2184336,-6.327983,-1.9886855,-19.402145,-1.1482947,0.011618463,1.7921529,0.6843106,1.0947276,13.803896,0.24902411,8.282421,0.8999274,20.370436,0.44834888,812.00037,0.23888361,1250.7495,0.2322235,-134.09846,-0.6709304,1750.5533,0.13765578,910.084,0.4159845,-128.90776,-0.67838675,2974.0334,0.08832393,560.9513,0.89473474,-132.03993,-0.6333765,-8.397436,-0.82409936,20.35175,0.45249847,0.1695013,0.1730087,-0.0044327998,-2.96793,0.08938899,0.5879627,16.189756,0.680977,-15.914761,-0.9640664,-13.444231,-1.183384,-42.761135,-0.3431831,-2.416283,9.937675,0.13072297,0.013770732,0.014171261,1.754386,1.330377,0.28166667,0.13582055,0.33249998,0.42590344,-43.921658,02
44.86204,0.043049194,43.735474,44.012497,47.699524,3.9640503,60.496708,84.24414,10.226594,2.9827337,0.21219404,1.050719,0.0041755787,0.14426659,0.46911752,0.46494195,2.4604197,1.6685349,3.0414536,1.9124293,0.04247353,1.2294438,8.106499,1.7275947,-5.117525,-2.5233052,-5.9353714,-2.1702626,-20.156088,-1.2544924,0.0075828442,1.1980288,0.58686244,0.8972268,13.838446,0.34767005,7.724843,1.0782644,17.983906,0.50887764,908.75385,0.28095773,1147.535,0.29760185,-116.122154,-0.7978271,1810.7938,0.16364469,863.07404,0.5205332,-113.07812,-0.78904563,3043.8513,0.06203507,515.5919,0.7036368,-116.851685,-0.72948605,-10.446976,-0.6428329,22.676945,0.35496977,0.17248309,0.15549242,-0.0040924484,-2.7484214,0.084188126,0.5531726,17.872026,0.675729,-14.237025,-0.8614458,-11.1125765,-1.4097348,-42.446274,-0.43962395,-0.45097548,7.495815,0.10995684,0.014009818,0.0045912145,1.8223236,0.92165905,0.5175,0.33161536,0.436,0.46176183,-42.974102,02
44.761524,0.046008177,43.627388,44.07979,47.5625,3.935112,45.417473,67.41723,10.358046,3.3473673,0.18128476,1.0670937,0.0013867298,0.121911295,0.38857496,0.38718823,2.4491782,1.6827893,2.332147,1.2589078,0.035947498,1.2398223,8.080547,1.6311088,-4.0790467,-2.7195842,-6.9946523,-1.9597884,-20.596537,-1.2113034,0.007537012,1.334702,0.6731642,1.0371168,14.055127,0.26715344,9.168347,0.9359221,19.685013,0.408578,824.2844,0.23753077,1182.5475,0.25699356,-123.92835,-0.74429256,1760.4983,0.1688926,811.1335,0.5190971,-121.36292,-0.72297513,3059.861,0.07208456,493.0954,0.93706965,-124.54756,-0.6751547,-10.534371,-0.6558254,22.73685,0.34410465,0.17532106,0.18033269,-0.0069528446,-1.6984199,0.07301377,0.5747482,17.77308,0.6166235,-12.136346,-0.9103379,-13.342568,-1.2982905,-45.19828,-0.378216,-1.8987482,9.073356,0.12859584,0.014242132,0.011172506,2.0044544,1.3513514,0.31166667,0.1639529,0.34285712,0.42189074,-44.672726,02
44.783306,0.03962937,43.67487,43.984688,47.63086,3.9559898,5.8337936,2.0905435,3.082221,3.5625772,0.16394356,1.1371791,0.0040814416,0.0820522,0.33001268,0.32593125,2.4831464,1.390759,2.2993524,1.3308082,0.027279831,1.3498951,9.811193,1.3427252,-5.0019517,-2.2421234,-7.7935615,-1.8498138,-20.428291,-1.0919733,0.008459049,1.884574,0.56041265,1.0320841,15.330284,0.20134765,6.8628273,0.9983769,24.279322,0.395521,869.79474,0.15382771,1181.016,0.28013882,-122.3224,-0.75672984,1785.0836,0.15155958,805.8882,0.3376001,-123.8909,-0.70398337,3061.755,0.05189129,544.64404,0.784984,-128.87454,-0.6312256,-11.089314,-0.6269439,25.11734,0.34087917,0.17384529,0.16565162,-0.004345488,-2.7771924,0.055428263,0.72269726,20.28301,0.50065887,-12.268103,-1.0010725,-16.37031,-1.0241109,-42.91126,-0.32422563,-2.3989809,10.452576,0.12713383,0.012770263,0.009085209,1.5936255,1.4084507,0.29142857,0.16057295,0.39571428,0.42637533,-45.345055,02
44.645317,0.047457933,43.09399,43.914814,47.7879,4.6939087,9.090152,2.8526912,4.757177,3.0974574,0.14058484,1.1151538,0.003059757,0.0819061,0.2567528,0.25369304,2.4707007,1.7428024,1.4618288,0.86623615,0.022169681,1.3738104,11.648088,1.0959964,-4.079024,-2.8710148,-5.514714,-2.2936344,-21.778793,-0.98990047,0.0062700543,1.2565777,0.55888736,1.2449844,15.160394,0.1685495,11.126431,0.7480233,22.713753,0.3920761,850.50354,0.16100554,1111.5077,0.24465217,-118.34921,-0.7852169,1823.04,0.13449693,732.74023,0.60397476,-120.83237,-0.7261621,3086.128,0.07602106,412.42374,0.91466457,-124.74553,-0.6682184,-13.262769,-0.5742957,24.709116,0.34042233,0.16915527,0.1857542,-0.009008732,-1.5142162,0.04254473,0.8005106,20.952446,0.40336883,-11.555105,-1.1367502,-11.707846,-1.332581,-42.62568,-0.30306166,-5.467419,13.281697,0.12758729,0.010939174,0.007955445,1.48423,1.3108615,0.32999998,0.10447146,0.35999998,0.413461,-47.37103,02
44.942642,0.05109224,43.697906,44.057907,47.76149,4.0635834,6.801595,4.110621,11.851721,8.298256,0.14731526,1.0858741,0.0039054435,0.11871158,0.3018979,0.29799247,2.606673,1.4207853,1.9929034,1.317123,0.027527412,1.3985268,8.897691,1.4217448,-2.032249,-5.4115853,-4.5558405,-2.458456,-19.78163,-1.1625731,0.013499089,1.5376787,0.6616574,1.0666689,13.784081,0.35581988,9.381286,1.0276664,19.726479,0.49645248,889.97253,0.21541764,1143.5824,0.28961712,-116.37553,-0.78472394,1863.8943,0.15167607,808.36017,0.49892643,-117.0089,-0.7343354,3056.0173,0.05478371,575.55255,0.70999247,-120.414314,-0.68441033,-14.182119,-0.49429816,25.38093,0.34677878,0.16984192,0.1901369,-0.008234268,-1.2732779,0.053206712,0.78141296,17.863909,0.5928689,-7.4041047,-1.66928,-9.160502,-1.5585309,-40.36411,-0.4026583,-2.3944726,9.243131,0.12015897,0.013050945,0.006443852,1.6701461,1.2658229,0.3633333,0.16799471,0.39666668,0.45718944,-46.548527,02
44.883446,0.043456044,43.833054,44.124653,47.501156,3.6681023,23.613012,10.384229,10.421573,8.51888,0.17597245,1.1244113,0.00541294,0.117534585,0.3547121,0.34929916,2.3763275,1.9979426,2.5834658,1.5704685,0.03250823,1.339773,7.7052913,1.7562854,-3.1819444,-3.312294,-5.4490385,-2.1362467,-21.868307,-1.1210344,0.00933147,1.5396055,0.6597244,0.9747491,13.973868,0.3366306,8.228448,1.1327678,19.286972,0.42446387,877.0443,0.18372002,1138.7317,0.23579423,-116.813896,-0.79505783,1852.9418,0.16107465,826.92194,0.5135434,-117.466354,-0.74529976,3065.9944,0.061225057,519.289,0.77833354,-120.77071,-0.6953858,-13.240508,-0.52623165,24.705194,0.3444215,0.17575093,0.17075641,-0.0064810095,-1.6845264,0.06508309,0.68078,18.345829,0.54980695,-9.45634,-1.142138,-10.634621,-1.2990822,-44.595234,-0.3677946,-0.32181713,6.534041,0.122011974,0.011620369,0.005089096,1.6806724,0.8492569,0.545,0.3944933,0.48799998,0.47330326,-44.50451,02
43.84731,0.110011265,42.971268,44.106857,46.185516,3.2142487,33.473858,25.865393,348.4299,248.48311,0.4127072,1.2485695,0.007926588,0.11161983,0.8765856,0.868659,9.3837805,6.0944047,7.731711,4.9034367,0.22665168,1.4324796,6.456466,2.0316684,-10.425109,-1.8412864,1.7894903,7.8468614,-17.484676,-1.3395818,0.027219972,1.2330695,1.07836,0.66872597,7.092019,0.8354253,5.8810544,2.1485267,10.21,1.3488137,727.7573,0.4272658,1114.2869,0.34521234,-145.28494,-0.5861138,1767.5426,0.20098907,778.78613,0.47124138,-115.36494,-0.79768264,2847.3389,0.13419016,642.7766,0.52393615,-116.199554,-0.7815515,-5.2014236,-1.7018316,16.132309,0.51215196,0.13568035,0.23601721,-0.0040620337,-4.0973,0.49297658,0.6581634,14.789307,0.76725477,-23.127771,-0.85649455,-2.2245433,-7.372917,-37.20183,-0.54894537,1.7132934,5.239937,0.0937564,0.008973729,0.011392443,1.9559904,1.2376238,0.35799998,0.09042124,0.42599997,0.48123172,-34.23003,03
44.111183,0.11000632,43.458885,44.259743,47.204865,3.7459793,222.8675,221.87675,64.60778,48.316994,0.42134953,1.1340051,0.008924844,0.20643531,0.8973559,0.8884311,8.14023,5.0697565,6.797781,4.151719,0.20622398,1.4256119,6.738528,1.9351705,-11.632451,-1.6133999,-0.759214,-17.979532,-21.481676,-1.1180024,0.025760142,2.0017521,1.1027203,0.76741534,8.207592,0.69121957,6.0376506,1.7260417,12.258457,0.8531923,724.4947,0.4315526,1149.9573,0.36838573,-142.80296,-0.5972554,1760.4633,0.22022997,825.1658,0.4709832,-114.693474,-0.8117845,2839.0322,0.113813706,684.7514,0.58483547,-116.16888,-0.784494,-4.5318904,-1.8034881,15.874395,0.45958188,0.14838107,0.21588315,-0.0036015846,-5.0553546,0.43818715,0.7046367,13.795686,0.8292913,-25.423595,-0.77827775,-6.384023,-2.2858036,-41.79303,-0.48233968,0.0038780274,6.480105,0.11425589,0.00798052,0.028342104,2.1327016,1.1990408,0.364,0.16390242,0.31571427,0.34437758,-35.118443,03
44.947475,0.047638267,43.36116,44.238983,47.981888,4.6207275,36.22987,32.15037,37.066704,42.779533,0.2864738,1.1581752,0.0067403023,0.075739376,0.64743006,0.64068973,5.4297805,3.0715127,4.257018,2.5952995,0.10881162,1.3646054,7.0175014,1.9814239,-4.801602,-3.161929,-1.1901032,-10.806742,-17.045826,-1.331485,0.015334069,1.3898276,0.79972243,0.8661232,11.395345,0.4116927,9.693717,0.7883979,16.949057,0.62559897,827.70087,0.31016025,1261.2822,0.2714914,-134.76227,-0.65751106,1786.7905,0.16771549,944.7419,0.52083254,-124.830246,-0.7080168,2933.9001,0.08219411,691.70056,0.489637,-127.50848,-0.6683032,-9.509099,-0.8080795,19.740828,0.44822213,0.16110237,0.21083641,-0.007877026,-1.6502063,0.24661756,0.56700194,16.891996,0.75523716,-17.22227,-0.894294,-6.872,-2.3199465,-38.37306,-0.5212903,-1.4065655,8.052387,0.1086055,0.0095567275,0.016519297,2.1844661,1.2285013,0.32999998,0.122800656,0.38833332,0.43471894,-38.62989,03
44.751144,0.08412745,43.444866,44.618137,47.32076,3.8758926,153.38603,205.98611,35.55756,6.864099,0.30589992,1.1135494,0.007521222,0.11111966,0.6965949,0.6890737,5.3647404,3.3567166,3.6875257,2.3290863,0.14211495,1.3701358,8.379439,1.5265782,-6.999227,-2.4199002,0.9588404,13.434868,-17.747149,-1.3154882,0.025035776,1.8948493,0.8421593,0.97029895,10.306385,0.4144407,11.155517,0.95095044,15.338824,0.66490525,716.2294,0.39673883,1266.6066,0.23380497,-144.01309,-0.5940706,1698.0466,0.1640411,919.1449,0.70805496,-124.45186,-0.7157896,2815.1812,0.09650904,687.0857,0.45692146,-126.59266,-0.6831364,-9.366043,-0.8223275,18.195848,0.48999098,0.15737934,0.21717417,-0.009237727,-1.2534828,0.3148966,0.5995903,17.935894,0.56525815,-20.97434,-0.8173936,-3.8173585,-4.095134,-38.874752,-0.52720654,-1.3481725,7.768628,0.098590694,0.007445926,0.02592347,2.955665,1.2468829,0.324,0.23122284,0.38,0.43642485,-38.088203,03
46.094814,0.06283796,43.7772,45.452026,48.41236,4.6351624,60.31585,21.193466,61.70132,37.373074,0.5644895,1.2158043,0.007471171,0.23001373,1.3211284,1.3136572,14.218205,9.279615,9.4172,5.9797487,0.358695,1.5137588,3.9731214,2.848026,-12.021389,-1.6023415,2.6747742,4.6944137,-19.715479,-1.3139976,0.03390093,1.0663713,1.1648833,0.6474091,5.9736323,1.0541015,7.1687765,1.1295629,8.978315,1.3844932,811.7682,0.41304272,865.9886,0.38336134,-137.22394,-0.651191,1927.1779,0.19728623,705.51044,0.56430733,-109.69843,-0.8488041,2973.8806,0.12241542,716.9197,0.5947854,-110.20763,-0.83814156,-2.3423374,-3.6333945,11.581931,0.83096755,0.13260354,0.3041645,-0.004414505,-3.3348098,0.7423728,0.7877866,7.9062586,1.5898982,-25.968683,-0.710882,-0.838562,-17.838066,-41.82107,-0.45952046,-0.067872725,7.397093,0.090616025,0.010505787,0.01850457,2.255639,1.5228428,0.305,0.15478478,0.32833332,0.39955878,-31.3973,03
45.291687,0.063127436,43.606438,44.69712,48.14903,4.542591,168.75401,245.52933,60.688095,39.196457,0.6119579,1.202025,0.0072302776,0.2523027,1.3815558,1.3743255,16.581932,7.595741,10.205627,4.935381,0.37875324,1.5068759,2.95157,3.7037945,-14.3022375,-1.3473238,2.7077844,4.5480146,-18.504436,-1.23602,0.03784736,1.2299837,1.1092285,0.5410561,5.624806,1.0596995,4.968335,2.2870374,8.574942,1.4132079,838.08075,0.43320844,886.2758,0.36282283,-136.0956,-0.665695,1957.3774,0.1963247,759.0907,0.517295,-111.355415,-0.8468911,2987.7422,0.11956682,806.86505,0.50783217,-112.304214,-0.83059627,-1.8847578,-4.072728,11.509099,0.7123842,0.119045526,0.35427672,-0.002964414,-5.722729,0.7978415,0.7763358,8.8581295,1.1881033,-28.685436,-0.63465595,-1.0954299,-13.668538,-37.230618,-0.54563916,3.799287,4.968117,0.0979398,0.01016506,0.03916498,1.9417477,1.7199018,0.25857142,0.17634612,0.3483333,0.4204528,-30.829603,03
46.124695,0.08386082,43.52443,45.632637,48.85137,5.3269424,152.76648,219.88364,93.660095,96.41165,0.5479458,1.1611942,0.007442711,0.21412694,1.3376478,1.3302051,11.824794,7.275414,8.496189,4.0531754,0.31480503,1.4289939,3.268763,3.1994295,-18.659586,-1.1755044,1.7653534,6.724696,-23.527517,-1.068555,0.028592175,1.2187111,1.007166,0.64292306,7.151611,0.6394613,5.739267,1.7742305,8.143797,1.1269096,944.1487,0.37188843,829.1806,0.37364295,-127.020134,-0.7218108,2015.8827,0.18578626,694.1764,0.47426647,-109.76543,-0.8584009,3066.4456,0.110462844,725.49713,0.53847575,-110.61469,-0.84123427,-3.0298233,-2.5622396,11.701236,0.5727884,0.1500602,0.20753208,-0.0066060307,-2.5273316,0.64400166,0.7329952,9.151663,1.0316677,-34.719,-0.54187995,-0.02817817,-501.69662,-44.732594,-0.44474733,3.1811118,6.0919123,0.098751314,0.0069500916,0.027608436,2.238806,1.2594458,0.37,0.30443388,0.39999998,0.4065956,-33.00633,03
46.34361,0.07070902,43.33262,45.300243,48.6809,5.348282,48.169765,30.248037,47.481346,32.919357,0.47529897,1.1141256,0.007685165,0.24971607,1.0810326,1.0733474,11.613129,6.1900163,6.442105,3.790697,0.27460626,1.3511492,4.214736,2.7580035,-12.585821,-1.5018432,2.011658,5.5194154,-22.777426,-1.2327269,0.026310815,1.1646284,0.9985287,0.6859802,7.4514174,0.6651577,9.002787,1.2294465,10.235146,1.1519407,884.56323,0.36846837,902.3239,0.34816355,-133.24835,-0.6717965,1983.9841,0.17521232,629.50555,0.60046625,-113.68465,-0.79617995,3039.5156,0.11869431,616.08435,0.5302059,-113.77738,-0.7939064,-5.2642155,-1.5545272,13.974692,0.5072389,0.14121413,0.24983205,-0.007935376,-1.8189472,0.553725,0.6812796,9.690907,1.1188898,-26.831232,-0.6485531,-0.11913323,-113.97188,-46.05142,-0.51346517,1.2648,6.0818453,0.10051871,0.0093082655,0.047815204,2.669903,1.9656022,0.225,0.15157506,0.26125,0.34685865,-33.925842,03
44.672825,0.034211658,43.806137,44.19071,46.74482,2.9386826,54.19373,83.87855,10.707073,8.07439,0.21543638,1.0931224,0.005451216,0.11824337,0.43638888,0.43093768,3.6254926,2.1839266,3.3013678,2.0144057,0.057694443,1.3006763,8.0325775,1.7926127,-7.5707583,-1.9937048,-5.9816155,-2.202998,-21.725986,-1.0505418,0.011916884,1.4844133,0.7048201,0.9789494,13.073494,0.34476995,8.932042,0.7752671,18.348015,0.5344511,666.60815,0.36099514,1325.2379,0.21990882,-138.50647,-0.635349,1649.2607,0.17512083,878.6282,0.4774565,-116.16169,-0.77721256,2845.9966,0.10127972,663.9828,0.6677815,-119.73827,-0.72044057,-9.340637,-0.9313698,21.365307,0.41790023,0.1647482,0.17285134,-0.0053595346,-2.2859,0.117427126,0.6358876,18.987425,0.6003634,-16.341066,-1.0365361,-10.450972,-1.6378161,-41.83231,-0.4365463,0.8288444,6.7954187,0.1173067,0.010953089,0.008386357,1.7937219,1.1337869,0.394,0.26522443,0.38833332,0.44592288,-42.705963,04
44.854374,0.036352094,43.792343,44.533222,46.315407,2.5230637,69.24618,82.76412,30.648155,24.80618,0.25896442,1.0604299,0.00480379,0.15751341,0.53210807,0.5273043,3.457946,2.1331637,4.6388817,2.6393096,0.084287435,1.3019794,6.845598,2.119186,-8.204774,-1.8130066,-4.1769176,-3.2492468,-23.963356,-1.0687577,0.01792439,1.4379946,0.9051645,1.1424329,11.75404,0.45041072,8.692626,0.8154893,18.43115,0.5314446,755.9349,0.35885644,1247.7544,0.33271152,-131.92851,-0.67309177,1749.38,0.21308643,850.45056,0.43216905,-111.42937,-0.8141128,2950.181,0.09002811,689.37195,0.69410306,-114.92852,-0.7560616,-8.009657,-1.0585096,19.798326,0.43288234,0.17175652,0.16011167,-0.0060078963,-1.9768742,0.16856495,0.6294817,16.659191,0.7599414,-17.647573,-0.8510487,-10.906252,-1.3940371,-44.934574,-0.4746331,1.3800668,4.7234063,0.119528346,0.010716317,0.008615257,2.1929824,0.886918,0.54249996,0.40350807,0.45,0.4638103,-40.182518,04
44.78721,0.03132259,43.780163,44.266403,46.838737,3.0585747,97.419235,211.25473,13.65576,9.652106,0.20260578,1.0560071,0.001659423,0.14038783,0.4410203,0.4393609,3.1001916,2.1991231,3.308012,2.3456285,0.05137871,1.3225651,7.6269975,1.8249357,-4.5051646,-2.880781,-3.4845288,-3.3488986,-21.010933,-1.170448,0.009308609,1.095538,0.72396016,0.94943786,14.037311,0.25773096,11.745911,0.6731016,18.492325,0.49895498,793.45605,0.34313685,1282.4368,0.2685485,-127.376595,-0.7090431,1769.0311,0.17856383,824.8011,0.4306511,-116.39296,-0.7619284,2976.9888,0.07158318,594.2582,0.71921027,-119.98332,-0.70606536,-12.414812,-0.54613054,23.302622,0.32375658,0.182672,0.112475425,-0.0068734693,-1.6166703,0.10434917,0.64365923,18.380402,0.58585435,-13.140216,-1.0495449,-6.8994837,-2.1466694,-43.19501,-0.42707914,-0.7004347,7.4936185,0.13376062,0.01598071,0.00947012,1.8099548,0.91533184,0.505,0.34860435,0.452,0.44472015,-42.40536,04
44.793602,0.03657499,43.77541,44.23709,46.86553,3.0901184,44.73719,39.285454,15.658478,8.415086,0.2723192,1.1107876,0.003062231,0.15070046,0.5756215,0.57255924,3.117927,1.802266,4.684972,2.4654326,0.06910005,1.190879,6.9454384,1.9521695,-10.044718,-1.7400323,-1.8220938,-6.4000144,-23.699272,-1.1745386,0.01076907,1.292764,0.73961556,0.93818986,12.610788,0.37864625,9.720937,0.8164976,13.2535305,0.73251635,726.25287,0.48518682,1097.9677,0.2980678,-141.20033,-0.6030694,1711.7992,0.20667718,931.7879,0.60136443,-111.25282,-0.82042336,2820.679,0.10951205,669.19904,0.59643984,-113.21403,-0.7879199,-7.7702403,-0.8916839,16.706947,0.42449033,0.18155733,0.14434813,-0.006086088,-2.2490797,0.1361612,0.5130778,16.347315,0.6776692,-23.000523,-0.7394634,-2.0439525,-7.596982,-47.14976,-0.48334357,0.06686037,6.6252227,0.13305914,0.01627028,0.010694558,1.8223236,0.92165905,0.5175,0.061390147,0.54249996,0.43602607,-41.163956,04
44.75773,0.037252586,43.71204,44.36899,46.667465,2.9554253,38.473637,49.02025,13.223821,6.226871,0.25969428,1.1014888,0.016589353,0.117348,0.5171506,0.50056124,5.473876,3.9476728,3.6348865,2.0802517,0.07208993,1.2768544,4.546216,3.258363,-8.776652,-1.8155334,-1.0532986,-12.160386,-22.546806,-0.94678855,0.013049615,1.3290701,0.739791,0.84656376,11.815051,0.4230058,6.766036,1.0383512,15.4299965,0.6386561,773.29285,0.4357398,1192.0928,0.3709037,-144.70586,-0.5798048,1802.681,0.23360974,790.15656,0.5336403,-118.644875,-0.7632573,2959.465,0.09949875,800.89746,0.6785561,-121.85417,-0.7120115,-6.9453564,-1.25848,17.631218,0.47465685,0.16622347,0.2006679,-0.0026611285,-5.2033315,0.1472367,0.6194372,14.842702,0.748405,-19.366587,-0.90132916,-7.214839,-2.0063546,-39.956905,-0.4989876,2.1519227,4.718763,0.11901039,0.005188386,0.015135144,2.2421525,1.3605443,0.31333333,0.15849991,0.34285712,0.43080372,-41.536198,04
44.72805,0.03275992,43.68283,44.326584,46.276924,2.5940933,34.502228,45.99964,28.315353,29.139135,0.2690754,1.1028689,0.0054626353,0.15272863,0.5484162,0.54295355,4.017991,2.7405584,4.525342,1.9208741,0.07465066,1.4297161,5.9109983,2.480062,-8.622399,-1.9504619,-2.8902369,-4.3412666,-23.530025,-0.91192603,0.012337824,1.6226386,0.6623375,0.9543798,12.36914,0.39931825,5.253625,1.1399157,14.31672,0.7715472,775.9244,0.4103568,1204.5616,0.31752184,-139.06435,-0.616586,1745.6425,0.2122266,937.7567,0.5239096,-117.73382,-0.7629691,2936.8137,0.11077508,644.5905,0.64668554,-120.054565,-0.72588533,-6.3165526,-1.153486,17.68123,0.4880333,0.16062105,0.17961815,-0.0007266822,-16.446795,0.14809784,0.72196496,15.580176,0.82515013,-20.91215,-0.82983845,-7.330006,-2.0083327,-41.856754,-0.40125033,0.74154097,5.324666,0.12166828,0.0068197465,0.0182144,1.7817373,1.3513514,0.32,0.16350332,0.295,0.4207137,-40.2838,04
44.601353,0.043853164,43.239872,44.175964,46.751514,3.5116425,55.978317,54.896984,18.297165,15.074191,0.27117586,1.0668544,0.007107578,0.17523067,0.5274618,0.5203543,4.181451,2.8439267,4.267062,2.3471048,0.08877439,1.3016241,5.9245434,2.592006,-7.9834704,-2.018526,-1.4034201,-10.16343,-23.15374,-1.0314417,0.014513122,1.2456108,0.88821447,0.835517,11.674563,0.38383728,9.646927,0.8333048,14.954131,0.6851773,728.96686,0.46495807,1132.8542,0.29913726,-140.12794,-0.6109467,1751.9707,0.22459015,800.2904,0.46220303,-113.55313,-0.80184954,2880.9065,0.11979055,719.0048,0.68016195,-116.0257,-0.76024747,-8.621096,-0.9579973,18.486032,0.4243182,0.16363618,0.21397884,-0.0075213383,-1.9845533,0.1777846,0.6463861,16.350536,0.74987555,-19.862936,-0.7987536,-5.531792,-2.86384,-42.286663,-0.4996941,1.1018726,5.012185,0.11650284,0.00571883,0.012073278,2.2271717,1.1261262,0.41,0.22503331,0.454,0.41983807,-40.316307,04
44.53184,0.043781158,43.424038,44.254044,46.313423,2.8893852,101.21257,162.92113,41.053238,47.228848,0.30964994,1.100025,0.0061101913,0.16048172,0.6497063,0.6435961,3.3257425,2.2979522,5.031129,3.187073,0.104431495,1.2323337,5.7258267,2.457644,-9.163164,-1.8487866,-0.92037314,-13.00972,-20.768934,-1.2407912,0.012755695,1.4361277,0.70903647,0.92932767,11.904752,0.3638186,9.424374,0.82366353,14.853841,0.6431269,701.72614,0.43982348,1272.3712,0.33562282,-147.04767,-0.56631845,1672.8837,0.20061673,768.5703,0.44648033,-115.46391,-0.79261297,2863.2114,0.098907664,567.8699,0.46897015,-118.26185,-0.7466245,-7.6888375,-1.0159326,17.635412,0.4311648,0.1597845,0.21899328,-0.0055179917,-2.6684132,0.20942837,0.53884536,15.936138,0.71371996,-20.7529,-0.8236387,-5.219489,-2.7716475,-43.401817,-0.49506262,1.858798,4.756142,0.10535744,0.0101853125,0.020591788,1.6055045,1.1600928,0.38599998,0.17106724,0.3783333,0.436288,-38.764233,04
43.67536,0.07606381,42.686943,43.96999,45.16476,2.4778175,126.07759,49.079514,39.34132,14.632317,0.3780997,1.2082508,0.0069299093,0.16448143,0.824227,0.81729704,8.967947,4.54376,6.2708864,3.929828,0.18197733,1.3342478,6.863312,1.8506156,-7.469999,-2.2436802,-3.5642362,-4.1634336,-19.68232,-1.2053477,0.031328946,2.020079,0.97310716,0.702782,7.8445444,0.5857253,5.880522,1.4978831,16.878428,0.5984157,745.0601,0.42186406,1172.4497,0.3326963,-144.16765,-0.5914603,1761.233,0.20615727,879.95886,0.49448583,-119.65105,-0.77330744,2931.9753,0.11750839,695.2242,0.68714774,-122.9716,-0.7192826,-6.0517263,-1.4421278,18.374632,0.502586,0.1387855,0.24815093,-0.0049476433,-3.3635151,0.40444487,0.56078225,15.143509,0.77811354,-18.91567,-1.0260068,-9.495508,-1.9218463,-40.488087,-0.50095195,0.28250912,7.306411,0.11163654,0.012292051,0.028542329,2.314815,1.4051522,0.295,0.15348724,0.39666668,0.45360282,-36.207066,05
43.83911,0.11499131,43.0865,44.30954,46.480274,3.393776,242.56613,353.69366,589.1603,1053.0328,0.49904293,1.234096,0.0052018203,0.18438601,1.1808586,1.1756568,13.402774,10.580184,8.251988,3.7512057,0.26644832,1.4033278,3.2713034,3.4522433,-11.25601,-1.5801187,-3.3593307,-4.027399,-21.498463,-1.243901,0.038073365,2.7095213,1.0122925,0.72848064,7.744309,0.6664512,3.1011646,4.6315956,11.663777,1.1917034,906.33386,0.36543682,945.9023,0.3169964,-127.85788,-0.7300109,1983.5884,0.19412984,860.8265,0.5707973,-114.26247,-0.8125437,3021.6284,0.13099466,638.79626,0.5862976,-114.78748,-0.8033201,-3.2263002,-2.5758114,14.697866,0.5175075,0.15181473,0.22692539,-0.0017070813,-10.676519,0.5695481,0.65289545,9.8938055,1.2122308,-25.092318,-0.70368505,-8.276774,-2.1692755,-45.1405,-0.5019798,1.845662,4.7844343,0.09961782,0.012169419,0.019448465,2.097902,1.1792454,0.378,0.25724694,0.44599998,0.47373408,-33.30614,05
43.32669,0.119309545,42.821545,44.032795,46.05992,3.2383766,63.792133,38.155064,44.227634,44.70484,0.37601346,1.208989,0.006680059,0.15028614,0.76565856,0.7589785,7.216668,4.131547,6.388311,4.1064014,0.17992334,1.3992178,4.9340215,3.0750437,-7.3301377,-2.2999938,-1.8017277,-7.9488873,-20.517332,-1.2458454,0.023803864,1.8773707,0.86189926,0.72169626,8.590519,0.59034705,8.864144,1.2541989,14.512847,0.8000129,719.3718,0.43738836,1123.0199,0.29947954,-142.64276,-0.6022001,1750.9932,0.23380798,762.2308,0.40672258,-117.4209,-0.78242946,2900.4236,0.11810706,706.3211,0.75093484,-119.887405,-0.7419433,-6.9649396,-1.3734617,18.477102,0.53261966,0.14960246,0.27598658,-0.0066682203,-2.3683996,0.39256644,0.6355533,15.291613,0.88823205,-17.745827,-1.0986377,-5.6593714,-3.404091,-43.21409,-0.50692844,2.6206439,4.9826655,0.10754971,0.00996381,0.016730933,1.8348624,1.3921114,0.30833334,0.1450766,0.3866667,0.44047955,-36.05629,05
43.469242,0.089249,42.139572,43.80841,45.705338,3.5657654,113.209045,98.11339,59.101414,43.451103,0.44609585,1.2127595,0.006687019,0.24104615,0.9131478,0.90646076,10.65385,6.729242,9.2330265,5.3326516,0.23804,1.4542693,5.8907375,2.0669718,-5.1284165,-3.267633,-0.9406893,-16.44091,-19.385237,-1.376648,0.031178333,1.5981994,1.1360523,0.8279564,8.050754,0.6750923,4.283976,2.2213874,11.149252,0.9463029,721.2367,0.48070663,1015.598,0.3318437,-153.33789,-0.51094437,1717.5981,0.22535038,759.58234,0.38984767,-120.19477,-0.7605948,2865.5684,0.11356893,528.48236,0.6670813,-122.26868,-0.7258721,-4.6139727,-1.8210019,15.732253,0.54486674,0.1511362,0.20297988,-0.0062757167,-2.5924616,0.52991414,0.68668413,12.346179,0.95422685,-18.045713,-0.9736194,-6.160815,-2.9964085,-45.017815,-0.48408622,-2.5819576,9.726269,0.09660551,0.009340257,0.030036371,2.5641026,1.6509435,0.24857143,0.09523332,0.29375,0.39930996,-34.12137,05
44.83961,0.06126487,43.1193,44.422073,46.691067,3.571766,55.138466,40.041973,47.67162,21.514967,0.9902333,1.3350493,0.009753566,0.27610898,2.0285294,2.018776,20.788033,10.737576,17.42577,8.811253,0.75012845,1.5482322,2.9717624,3.538466,-12.92486,-1.4469737,-0.013055479,-1193.1205,-24.575129,-1.114104,0.02394561,1.2951932,1.147142,0.6223368,5.3516693,1.1159501,3.2445784,3.0979984,8.346948,1.5840869,913.082,0.3675311,820.5758,0.35724467,-127.608185,-0.75354296,2052.6868,0.1892805,582.0063,0.6257104,-113.90394,-0.81914884,3121.0798,0.1345983,706.0364,0.6334577,-112.97993,-0.8345694,-0.6505661,-13.617851,11.140764,0.85568106,0.12862131,0.2937644,-0.0036875953,-4.750783,1.6151927,0.7961924,6.1759706,1.9052297,-27.44044,-0.6623761,-4.924258,-3.829628,-48.537945,-0.45501912,1.9027365,5.288624,0.098217,0.0114438655,0.08505042,1.8779343,2.1377673,0.19999999,0.13004272,0.24555555,0.35402793,-23.288546,05
44.69851,0.0953478,43.04678,44.106228,47.59593,4.5491486,121.96861,100.91793,90.785126,58.251995,0.90605015,1.201666,0.017432092,0.274231,2.261855,2.244423,21.49366,13.325285,17.067015,7.916801,0.76912504,1.5121709,2.9630373,3.6207705,-13.225155,-1.4719297,1.9033566,7.5290847,-23.644413,-1.2593454,0.045560587,1.9052968,1.1344459,0.63427645,4.0307837,1.3341886,5.7328835,1.702333,7.7230225,1.2283255,909.0804,0.3826479,807.2337,0.36458758,-126.177505,-0.7579296,2035.2764,0.18703367,615.68304,0.4576368,-111.76931,-0.84022045,3097.9146,0.13064703,674.70593,0.5741813,-110.84228,-0.8558427,-0.39610812,-19.540876,9.862806,0.7960386,0.123968944,0.35227138,-0.004209856,-3.894459,1.5923662,0.8041818,5.9757514,1.8702948,-29.448137,-0.5578584,-3.5011604,-4.827489,-49.117638,-0.45659146,0.5641837,6.7444015,0.06025031,0.0069645788,0.083558165,2.5641026,1.8867925,0.23375,0.122672066,0.24444444,0.34998763,-26.352682,05
43.516403,0.12737712,42.867256,44.120407,46.94191,4.0746536,252.53046,303.6717,273.59372,515.59064,0.81853276,1.2805816,0.009583053,0.23224184,1.9925252,1.9829422,18.032694,11.062776,14.076823,8.999051,0.6070296,1.4687028,4.1108475,2.63293,-11.735863,-1.6965351,0.81886953,15.129787,-21.16369,-1.3255863,0.033902787,1.6799535,1.2378421,0.61432636,5.5226817,0.9053791,5.409212,2.876338,8.627949,1.6870968,890.31836,0.37730286,902.3802,0.34787643,-136.98386,-0.6636246,1997.5958,0.185976,686.96735,0.5991589,-122.124466,-0.75329834,3055.0588,0.12330673,712.58575,0.5475072,-121.72133,-0.75993305,-4.0489225,-1.7345594,12.446204,0.5902538,0.13428922,0.30726343,-0.008239423,-1.9311142,1.3261062,0.7029967,9.493395,1.0219592,-27.198696,-0.77844983,-1.3280817,-12.10489,-46.3843,-0.53414357,0.66854334,7.7027016,0.09611469,0.010473836,0.15634857,1.6826924,1.459854,0.27333334,0.18116905,0.38833332,0.4285797,-26.68276,05
44.238808,0.123898804,42.95269,44.92937,47.71414,4.7614517,673.55884,1162.9274,211.43813,245.0987,0.80355114,1.2853202,0.008364748,0.21049666,1.9151936,1.9068288,26.23774,16.333105,12.971481,7.9946375,0.6416116,1.4675642,3.4699943,3.2283866,-7.2090373,-2.6492622,0.68421376,22.672703,-23.690275,-1.2156923,0.027833236,1.0929676,1.1358593,0.739759,5.0150094,1.0017332,2.9325445,6.9642158,8.08078,2.7519114,988.1683,0.33095604,845.085,0.45777485,-131.86543,-0.6947682,2048.8608,0.19925293,684.7638,0.6183468,-121.23894,-0.7559624,3165.7173,0.106811,646.09503,0.7000016,-121.922386,-0.74212897,-2.779361,-2.5408394,10.832568,0.75222117,0.13523625,0.2678195,-0.0076199984,-1.8219118,1.4691184,0.6594822,5.9831357,1.8953781,-23.013685,-0.8442403,-3.4280994,-5.6507254,-50.388096,-0.4996218,-1.8176786,8.840971,0.10648697,0.0068871416,0.08063589,1.8348624,1.8561485,0.21124999,0.123939246,0.27222222,0.34266204,-26.66679,05
44.180374,0.04296592,43.001637,43.92758,46.051872,3.0502357,34.105034,33.992714,40.61302,22.144869,0.24602494,1.065643,0.017075673,0.10810246,0.5248878,0.50781214,3.4825957,2.831418,3.4005573,2.0413942,0.09203085,1.3638561,5.9923124,2.3962758,-6.129122,-2.3797028,-0.22477038,-60.78583,-20.284912,-1.1821325,0.019212032,1.3577181,0.7992988,0.80811125,10.741335,0.3757175,8.531178,0.73353976,19.490442,0.46425074,735.50226,0.39701015,1183.5662,0.22967836,-142.85625,-0.5933619,1777.4567,0.18991321,902.2099,0.4504822,-121.36262,-0.7297251,2918.348,0.11071049,719.2897,0.6221714,-123.818085,-0.69174886,-9.679196,-0.71022934,19.089426,0.3749325,0.15048975,0.18047276,-0.007389971,-1.673123,0.20105027,0.61191744,17.26455,0.56520396,-15.810708,-1.0332696,-8.531577,-1.7182009,-41.73524,-0.48006,1.8684239,4.626054,0.08869365,0.0035110214,0.009060438,2.2779045,1.1520739,0.36799997,0.2546684,0.3983333,0.4606306,-40.55355,06
44.297707,0.07481416,43.28616,43.89394,46.532063,3.245903,263.69693,267.7146,41.01916,45.050716,0.2530357,1.1495746,0.008601779,0.10678603,0.54628676,0.537685,4.9168067,2.9891183,4.3466053,2.4729147,0.10093454,1.4215013,8.044002,1.7719059,-6.249856,-2.4307442,-0.7293965,-18.786346,-18.27366,-1.1646578,0.019916315,2.4179394,0.8532718,0.92792267,11.4831,0.4019684,9.817347,0.73681146,20.33466,0.47821367,739.11664,0.3206647,1263.0668,0.21698307,-143.96602,-0.5943007,1726.8131,0.15452191,976.8364,0.5627144,-128.49954,-0.6685388,2849.7988,0.09073608,759.3165,0.59230006,-130.98682,-0.631368,-9.844158,-0.78314275,21.751188,0.39168617,0.15614994,0.1980238,-0.00693416,-1.5966076,0.21997614,0.6106438,19.180996,0.6459621,-16.801828,-1.0478133,-9.082026,-1.7979974,-39.11087,-0.44164962,-0.5458744,7.905549,0.106276706,0.008392386,0.028669225,2.1634617,1.459854,0.265,0.16710775,0.39666668,0.45102352,-39.377537,06
44.51606,0.04162649,43.263668,44.11015,46.63843,3.3747635,26.351751,21.554014,30.337133,20.212402,0.24253464,1.0078282,0.005647965,0.11883847,0.48988634,0.4842384,2.6578107,1.0294917,4.0753083,2.7530334,0.07857248,1.2217726,6.8409576,2.1264863,-6.01972,-2.2553728,-1.062522,-11.495588,-18.328514,-1.2442323,0.013788308,1.194726,0.6375103,0.75819874,12.5123415,0.33844268,11.824959,0.5623232,18.041592,0.65487814,744.3315,0.42634797,1275.7114,0.23949645,-145.65799,-0.57118636,1726.1589,0.18274905,917.215,0.45998242,-121.18533,-0.7262123,2849.286,0.09779509,777.28503,0.62216336,-123.42976,-0.6923154,-12.571388,-0.61774343,22.497355,0.38428593,0.16340022,0.20348087,-0.009478232,-1.1514263,0.15667993,0.5360883,18.593447,0.6496028,-13.297262,-1.1946188,-6.738102,-2.1577494,-39.759956,-0.4491873,2.5793645,4.6084194,0.09961714,0.008545343,0.020151924,2.1479714,1.2077295,0.35599998,0.21740283,0.44799998,0.44825885,-40.825016,06
44.661507,0.04112093,43.19218,44.143677,46.725048,3.5328674,28.063154,9.594941,21.907066,10.3248205,0.24263464,0.9940205,0.010041885,0.12732057,0.48048344,0.47044155,3.1803484,2.2037263,4.065752,2.5832932,0.07838148,1.2411329,6.909725,2.5048401,-5.429538,-2.7528427,-1.4247334,-9.286013,-16.33985,-1.3170182,0.014395542,1.3894542,0.72967386,0.84382117,12.465675,0.34491602,11.726265,0.49006084,20.092232,0.50382197,843.60114,0.26706082,1308.4656,0.30577034,-122.37826,-0.7513578,1768.9701,0.14474815,913.35004,0.47684154,-117.40423,-0.75245273,2898.1667,0.08776635,660.5173,0.5278396,-120.97685,-0.6981064,-12.222169,-0.5116358,22.289505,0.37275144,0.16496374,0.1961938,-0.009654848,-1.0438175,0.16003166,0.5473403,21.193514,0.5450868,-16.447674,-0.8775595,-7.847941,-1.7966995,-35.133926,-0.46540847,1.9821994,4.5671616,0.07911987,0.00508546,0.009654937,2.293578,0.6960557,0.65333337,0.69061965,0.45,0.46333572,-40.85102,06
45.032696,0.10231836,43.56775,45.616444,47.725246,4.1574974,35.135204,20.11506,62.08661,59.68676,0.3910457,1.1532855,0.013069252,0.14345741,0.8538599,0.8407906,6.1402464,3.6558285,9.4541025,6.9130745,0.1985348,1.3963275,3.667445,3.7701492,-7.682286,-2.1791072,3.9823527,3.3118587,-17.07769,-1.3499802,0.03395544,1.7722645,1.1147786,0.7587375,6.908451,0.9461399,7.944992,0.8598612,13.052212,0.7713537,785.83344,0.4145373,995.4554,0.32111177,-146.01414,-0.5775708,1847.3567,0.21388213,778.25684,0.44635823,-119.53529,-0.76111776,2920.2017,0.13521303,729.09607,0.48219612,-120.68251,-0.7417502,-5.659841,-1.3747628,14.933326,0.5607491,0.12942167,0.34886548,-0.0059334235,-1.8431371,0.42965114,0.6431929,12.458375,1.1018109,-21.320757,-0.75624806,-4.1443906,-3.5536895,-37.973034,-0.4900647,1.013514,5.3497987,0.063404575,0.0028785742,0.028863544,2.1680217,1.3774105,0.306,0.265827,0.39599997,0.44732985,-35.545578,06
44.632347,0.13178842,43.639988,45.900715,47.60058,3.9605904,496.36734,404.57236,107.005135,70.16575,0.4070104,1.1637473,0.00694576,0.22548747,0.80755496,0.8006092,10.681831,11.205766,9.327689,4.262689,0.23110476,1.6262851,2.319867,5.5011506,-8.892211,-1.9637835,1.039214,12.2316065,-17.71222,-1.1741772,0.03961381,1.5771538,1.0849918,0.61305666,6.0739613,0.9143115,5.4237423,2.1635644,10.847098,1.0898188,787.7576,0.4462472,1025.6698,0.3456075,-149.9153,-0.54590416,1837.9822,0.19699633,811.32654,0.4324185,-123.332886,-0.7339305,2896.932,0.12461925,785.8656,0.41150892,-124.47458,-0.7147892,-5.1647263,-1.2793171,14.850153,0.48154965,0.14710107,0.2679109,-0.0052900165,-2.2565525,0.53588665,0.8101031,10.716691,1.1359655,-22.209248,-0.8511885,-6.0673895,-2.438454,-36.855656,-0.47488293,3.4367332,3.9203737,0.088686176,0.009462029,0.033618905,2.5069637,1.6949153,0.23166665,0.17920348,0.33499998,0.42405775,-35.561073,06
46.232788,0.084912814,43.37798,44.6131,48.352386,4.974407,86.22393,60.891644,51.40161,29.395424,0.5495279,1.0686872,0.04986079,0.29832953,1.0899857,1.0401249,10.844181,6.560576,11.782458,9.119283,0.29196513,1.3454256,0.80142736,14.07032,-12.629115,-1.5950577,3.6467855,3.3693004,-21.393774,-1.2115021,0.03494571,1.2108438,1.2111303,0.7065911,4.7819524,1.2108593,4.356716,2.2076428,5.6760225,1.9632866,938.63354,0.3560967,769.806,0.5109736,-127.64438,-0.72261673,2040.3556,0.18049963,661.86945,0.5436656,-106.91643,-0.8792938,3074.8367,0.11120259,819.3242,0.612248,-107.194534,-0.87476856,-0.4543629,-17.55678,8.697727,0.91809136,0.14169736,0.28213745,-0.004570905,-3.3074095,0.5581696,0.7465107,5.29347,2.309716,-27.959139,-0.6306283,-0.036916573,-395.77975,-42.96439,-0.44697773,0.45522675,7.403985,0.049974672,0.004404637,0.04616331,2.393617,1.6172508,0.29166666,0.2316187,0.26142856,0.35790774,-33.87624,06
44.37686,0.09158188,42.98167,44.81463,46.814056,3.832386,172.64294,251.30411,73.87157,47.770313,0.3069559,1.1052731,0.008654968,0.19112445,0.66914123,0.6604863,8.2814045,6.918807,6.3311124,3.425656,0.16367431,1.4125698,3.7965906,3.7507305,-4.6293764,-3.039543,3.320391,3.4778342,-14.983293,-1.4446641,0.038477715,1.0800248,1.2106096,0.62285924,7.610338,0.566228,8.145305,0.8505839,14.974069,0.6388253,808.67847,0.3598657,1125.0929,0.35742512,-149.85672,-0.5484726,1876.3237,0.17838185,873.1133,0.541746,-135.61934,-0.62437034,2936.6082,0.10154905,852.998,0.8855423,-136.56216,-0.61026365,-9.228625,-0.8167435,17.06898,0.4215398,0.1561462,0.20028862,-0.011084708,-0.90053666,0.39999372,0.5569879,16.278925,0.7483556,-16.553307,-0.90523887,-0.97311074,-16.505175,-38.000072,-0.47862342,2.483798,5.5003343,0.08531685,0.0086211935,0.03919306,3.0898876,1.4245014,0.24399999,0.20125607,0.3633333,0.39621824,-37.984375,06
32.393967,0.03233395,31.697315,32.080776,33.756382,2.0590668,10.190706,4.9557257,12.2030325,9.361967,0.29848984,1.1141807,0.013299767,0.14635512,0.64028925,0.6269895,4.740025,4.081703,3.3544543,1.4471253,0.07500617,1.2180786,22.04016,0.80074745,4.1671515,2.9957922,14.634507,0.7989387,0.2230473,80.771034,0.009874198,1.4912752,0.8015307,0.99743634,9.286442,0.40458038,0.13458914,56.298298,19.990965,0.34921375,539.7061,0.451964,1157.4407,0.23514865,-99.11314,-0.96266425,1539.5037,0.20522387,873.00073,0.3824263,-100.43784,-0.9103774,2594.4155,0.10468646,815.6335,0.4545565,-105.4979,-0.82107574,-14.027398,-0.5493335,24.876394,0.3222365,0.07098009,0.6414096,-0.017382361,-0.70641214,0.13539687,0.6419673,34.225777,0.37343788,0.5682422,24.007236,12.478766,1.1619289,-8.4640665,-2.2648878,-12.610911,21.971025,-0.020791853,0.004933955,0.004754377,1.5695068,0.68027216,0.78999996,0.12754084,0.65333337,0.43744203,-37.614223,01
32.424446,0.033220176,31.578453,32.15058,33.805466,2.2270126,9.977349,2.8641574,15.3928175,10.387505,0.34583327,1.1730825,0.0138281025,0.17695887,0.69698,0.6831519,5.5251756,2.5737102,5.058249,3.0744424,0.10166151,1.3614794,20.185272,0.899849,2.9512606,4.5249815,11.301938,0.94382143,2.3545542,6.8389173,0.008371854,1.2112814,0.81576747,0.8778761,9.124718,0.3418775,-0.48187014,-16.492016,16.955317,0.43819323,474.45178,0.39803323,1222.5848,0.21165825,-107.9442,-0.8868907,1429.7905,0.18159203,920.26245,0.38940555,-106.93232,-0.86243385,2491.2515,0.09564651,708.038,0.43727988,-110.81338,-0.79529494,-11.085559,-0.7202073,20.692226,0.40466756,0.07964677,0.4449044,-0.015587095,-0.7641134,0.19811906,0.719318,32.847393,0.39683115,-3.26508,-4.5083175,10.32094,1.3229684,-5.0333323,-3.5241637,-12.499653,22.87996,-0.010395396,0.007792162,0.008343937,1.6587678,0.9661836,0.5125,0.17483921,0.39999998,0.437127,-36.629166,01
32.228252,0.03501983,31.27841,32.072506,33.581223,2.3028126,13.533936,8.526651,14.620292,7.1546516,0.34674138,1.0480738,0.013057771,0.23257867,0.6709392,0.65788144,4.764101,2.6766496,3.9259562,1.9335945,0.08442512,1.1707342,19.806303,0.89399207,5.080277,2.4843683,12.557951,0.85980153,3.149312,5.877426,0.008977925,1.2170223,0.6604133,0.93402785,9.271618,0.40928566,2.912222,2.8758142,19.724804,0.40254638,500.32016,0.52280515,1087.4335,0.26583344,-99.490074,-0.9716187,1473.4697,0.21577011,704.2477,0.4830534,-102.70972,-0.88917214,2554.4558,0.1166774,648.9633,0.4239119,-106.08655,-0.8303633,-12.638108,-0.5357103,21.032627,0.37067744,0.090172954,0.4587162,-0.020149756,-0.6283143,0.15639326,0.5592653,30.493116,0.49985492,3.0559828,4.652206,12.963237,1.0475961,-7.468352,-2.4630318,-11.537875,22.89571,-0.015545879,0.009823092,0.004943619,1.8348624,0.6960557,0.7566666,0.23795424,0.4975,0.4488527,-36.720047,01
32.378494,0.031480856,31.672165,32.080383,33.6342,1.9620361,24.399277,20.255611,6.948905,2.3366306,0.36443612,1.1079209,0.010083999,0.20679319,0.7298529,0.71976894,5.7094245,2.8840883,3.6571958,1.5734402,0.0897492,1.2405634,20.349909,0.8007154,6.5878787,1.7764595,12.962974,0.92360944,4.782302,3.6035194,0.010236992,1.4885079,0.69239163,0.9950496,9.339151,0.42144704,2.2127786,3.9749932,17.954922,0.39363185,501.33316,0.5637747,1098.2091,0.23171203,-103.044304,-0.9336392,1468.2738,0.20807369,717.04736,0.3864014,-102.10719,-0.8948291,2553.0798,0.11071926,661.14984,0.45194846,-105.181816,-0.84149325,-12.170469,-0.5035672,21.35809,0.35855576,0.09532284,0.46430752,-0.017523896,-0.67587364,0.16720271,0.62177324,30.246181,0.49813792,2.5198047,5.4315057,13.732656,1.1176616,-4.966428,-3.7053857,-15.194555,26.161991,-0.013755284,0.009010508,0.0037568312,1.6317016,0.7109005,0.74333334,0.25978622,0.48,0.44226688,-35.80319,01
32.78614,0.06124463,31.395481,32.022205,35.678493,4.2830124,10.610164,2.4323442,6.83566,2.763902,0.24348927,1.1330197,0.011503188,0.12869658,0.501546,0.49004284,3.5943952,1.9855987,3.5621328,2.011207,0.072055325,1.1152184,20.39732,0.86516625,7.676738,1.5542887,10.151749,1.1380221,1.1345242,14.830082,0.011934406,1.2348403,0.9148288,0.89430076,8.96601,0.421141,0.719229,12.04956,21.893276,0.37421134,482.62878,0.4408039,1185.7811,0.20158017,-108.15391,-0.8753402,1439.1617,0.2167406,841.3829,0.28794795,-108.56555,-0.824086,2561.9036,0.12010381,702.18256,0.4049519,-113.60711,-0.74073523,-15.726346,-0.6135704,26.79975,0.36660764,0.04607331,1.0824622,-0.016701356,-0.8368825,0.13552755,0.49923936,33.797417,0.39745772,6.635262,2.0734072,9.998807,1.4685094,-8.099233,-2.1665266,-12.09757,22.39689,-0.018427202,0.0057251942,0.008404952,1.7817373,1.1261262,0.444,0.2439344,0.42,0.462731,-38.845333,02
32.732197,0.054148942,31.415543,31.930521,35.505623,4.0900803,12.307887,4.5202646,11.272788,3.7753167,0.23771943,1.1302918,0.00995725,0.12957263,0.48922586,0.4792686,3.9935455,2.1181479,3.2812111,2.0485728,0.061418854,1.2601006,19.661594,0.945245,10.340774,0.9757777,12.402905,0.8676014,3.576795,5.464756,0.009674757,1.497074,0.80831546,0.9960351,10.306033,0.26707542,0.602927,13.07079,20.886515,0.3735198,444.77634,0.39448902,1184.4094,0.19974536,-115.61798,-0.8060156,1385.8353,0.20909025,816.66583,0.271787,-112.6302,-0.7879613,2527.4429,0.10699118,669.831,0.56060034,-117.25574,-0.71461546,-16.993166,-0.52403164,27.657711,0.34740525,0.043964546,1.0696422,-0.018009836,-0.84184754,0.114417374,0.684793,34.21368,0.36591718,8.89677,1.3726616,12.462733,0.9924076,-8.850363,-2.2763712,-13.745437,23.759474,-0.03280707,0.010152749,0.012505515,1.7316017,1.0964912,0.438,0.27549228,0.37666667,0.4387735,-38.78416,02
32.245876,0.076937474,31.18695,31.884201,35.453156,4.266205,26.043282,18.911966,15.8969,7.194054,0.23747166,1.0298053,0.012424115,0.14469668,0.47151327,0.45908916,3.12702,2.7305741,4.1890798,3.8772652,0.060550217,1.2174045,20.098219,0.87286776,9.750039,1.0815374,14.669117,0.6447502,2.6905575,6.2382326,0.023243353,2.5352678,0.7213328,0.9567535,9.158341,0.47407365,4.0739822,2.068844,20.913965,0.33768475,469.41095,0.5010388,1116.811,0.22026688,-104.4338,-0.90516216,1439.7998,0.22633246,771.3387,0.3436211,-107.833046,-0.821594,2546.0664,0.10757547,694.54755,0.61872506,-111.2215,-0.76626754,-16.253922,-0.44392574,25.088667,0.32756296,0.08098368,0.46166393,-0.01924072,-0.64328045,0.11298234,0.6185219,32.41651,0.4029349,9.268097,1.3088574,15.401764,0.78440887,-6.0035615,-3.1419654,-12.822566,22.545212,-0.02146909,0.008615462,0.0054825894,1.5837104,0.6864989,0.74333334,0.260427,0.5175,0.44375527,-39.446835,02
31.862871,0.092261225,30.688635,31.635113,35.355026,4.6663914,31.86539,22.249739,21.09287,6.8924613,0.25406474,1.0848116,0.013946973,0.15309672,0.4871777,0.47323072,4.09386,3.424127,3.8764498,3.8859236,0.060225572,1.2754077,18.969786,0.92308474,10.602304,1.0522363,14.813361,0.7422663,4.6756926,3.5932722,0.02334237,2.523367,0.8138364,1.2456257,9.064257,0.4902059,3.7461452,2.2656643,20.957815,0.40054405,487.95142,0.5076125,1104.7899,0.19941418,-105.174995,-0.90163535,1443.163,0.21110792,760.3897,0.48181197,-107.94704,-0.82465374,2528.0107,0.09272592,671.98035,0.6158531,-111.10802,-0.77330124,-15.290695,-0.5272289,24.403738,0.3928053,0.07660394,0.4675958,-0.017941525,-0.70806026,0.11133867,0.69733423,30.536629,0.4673471,10.453051,1.3098738,14.615231,0.9175619,-4.993578,-3.5383108,-13.719866,23.680943,-0.021443434,0.010907209,0.006710095,1.5590202,0.6756757,0.7566666,0.2922708,0.525,0.44252115,-38.663616,02
32.699074,0.055338148,31.289093,32.00767,35.451233,4.16214,13.956449,7.1147127,9.454661,7.554787,0.19197026,1.0569263,0.010287054,0.107654296,0.4012306,0.39094356,3.7501564,2.9511807,2.6883461,1.238275,0.051842265,1.1444272,20.884293,0.8394184,9.994856,0.7680374,14.051673,0.904494,5.148027,3.435762,0.01201375,1.4073318,0.86798716,1.1099658,9.977683,0.2667395,1.4386305,5.5140634,21.214891,0.34547678,487.05286,0.4219259,1163.9362,0.21738316,-115.22723,-0.80374354,1467.366,0.20908067,860.89014,0.49321795,-115.05241,-0.7619928,2548.5427,0.10562919,873.8062,0.735595,-118.93878,-0.70096546,-15.898314,-0.48947385,26.472275,0.32342446,0.05192195,0.8538727,-0.017868482,-0.80129224,0.09668627,0.54306537,34.486874,0.38908228,7.4287343,1.212106,13.067112,1.3121437,-6.5607057,-2.629555,-15.1609535,25.145056,-0.027882447,0.0071830153,0.0121970195,2.0044544,1.1337869,0.41,0.2620687,0.31714284,0.41934347,-41.292324,02
32.66463,0.06514509,31.454424,31.958504,34.56412,3.1096973,9.037609,0.71080446,4.867477,3.082256,0.17577699,1.0193468,0.0097277025,0.11234224,0.37671348,0.36698577,3.4846463,2.6041093,1.8591977,0.84925985,0.03973976,1.1742723,20.02964,0.83599734,11.3209095,0.7350983,13.742574,0.9105338,3.7147133,4.8100996,0.008817794,1.3763651,0.7727449,1.0810195,10.047063,0.29680234,2.4127698,2.9528387,21.812567,0.36106503,469.01428,0.46029824,1150.8337,0.20256029,-119.61432,-0.76990914,1443.0543,0.224469,794.05493,0.35771856,-119.698166,-0.7248047,2510.6313,0.109632224,699.488,0.44631916,-123.43913,-0.6676529,-16.8417,-0.41605085,26.980427,0.2981281,0.06599138,0.53400743,-0.01879334,-0.73484814,0.076310664,0.6002597,33.610405,0.3700726,9.569337,0.8846327,13.604124,1.2244296,-6.3904815,-3.1932151,-15.15612,25.592012,-0.022318168,0.006487288,0.010263441,2.6143792,1.3215859,0.32666668,0.28552094,0.29749998,0.41613546,-42.29853,02
32.02554,0.09497117,30.976345,31.99245,35.449524,4.473179,28.732994,21.665567,38.740974,32.86881,0.29109585,1.0566233,0.025217235,0.19085163,0.5525182,0.52730095,3.8059332,2.924114,3.8830636,3.4212914,0.08282795,1.172772,20.400854,0.97040564,6.5622616,2.1052701,16.638863,0.6510843,1.5450101,10.649794,0.014634195,2.4074752,0.8226177,1.1295671,9.46795,0.40740955,4.151182,2.0534337,21.194443,0.3857094,457.60742,0.4141832,1146.9146,0.22258267,-103.81672,-0.9108274,1445.8507,0.18751308,792.86316,0.31689253,-105.476845,-0.83873534,2537.96,0.10361433,687.278,0.4654186,-109.075294,-0.77934086,-16.294174,-0.5359196,25.047932,0.38192844,0.077191435,0.5078606,-0.017450677,-0.7012833,0.13818987,0.73487675,33.656784,0.3654389,5.2649593,2.7974834,16.800861,0.7980497,-6.177623,-2.8413987,-13.25655,22.586811,-0.016157892,0.009763103,0.020745577,1.754386,0.886918,0.59749997,0.4281574,0.406,0.406133,-37.680027,02
31.743227,0.10692253,31.020758,31.83859,34.61095,3.5901928,53.23899,10.190463,32.037693,17.440865,0.23394021,1.0014646,0.015060951,0.14756222,0.47547275,0.4604118,3.768552,3.02158,2.4358318,1.2806708,0.06819678,1.0313313,21.773169,0.806219,11.493624,0.8479706,15.35658,0.6354126,6.800102,2.5597086,0.017900309,2.5598252,0.9226695,1.1654966,8.921206,0.4979876,4.143261,1.9414575,22.690151,0.33198628,551.9291,0.5196254,1129.5869,0.25953287,-108.56804,-0.8569095,1533.331,0.22793725,865.5577,0.4240664,-110.66134,-0.7919442,2665.5803,0.14120786,745.41565,0.6474433,-114.537895,-0.7303481,-16.574497,-0.5023275,25.837029,0.35302404,0.0726348,0.5217163,-0.017584376,-0.76025623,0.11042672,0.64174527,31.986942,0.43143493,10.046482,1.1495812,14.780684,0.811503,-3.5811274,-5.308219,-20.140228,31.507635,-0.041935742,0.0071778535,0.02520426,2.0044544,0.9009009,0.56,0.36324924,0.422,0.35985553,-39.75098,02
32.310814,0.08945562,31.141773,31.984686,35.564816,4.4230423,118.620514,136.775,11.12725,6.4970593,0.56796443,1.2576877,0.016510084,0.21745992,1.0609028,1.0443927,10.294189,4.6858764,8.629052,4.0619016,0.2161032,1.4062778,17.301271,0.8797438,-3.630179,-4.2126937,15.671032,0.770673,-0.21626954,-94.460236,0.018541997,2.8178766,1.0144839,0.8351049,7.811359,0.45447457,-0.38282064,-21.452885,10.208625,0.77564126,617.4357,0.50110674,1176.5669,0.16161227,-111.858574,-0.8466162,1667.8461,0.21701176,742.5616,0.3849192,-104.28056,-0.88396394,2685.6052,0.13647617,717.4794,0.31332365,-105.419975,-0.86310273,-8.462419,-0.7600063,15.88758,0.47892338,0.059119176,0.711649,-0.013164464,-0.9420861,0.40996906,0.7843971,28.05348,0.39439684,-9.683225,-1.6489414,18.790401,0.732502,-7.9268484,-3.1346843,-8.085034,17.057064,0.010210077,0.005337082,0.015835129,1.6706444,1.2077295,0.414,0.13410443,0.32666668,0.42804465,-31.126934,03
32.781933,0.056171343,31.442162,32.05452,35.623055,4.180893,26.619043,17.684977,11.853962,5.7551026,0.45654723,1.2400545,0.018679377,0.17656612,0.9284324,0.909753,9.62443,5.3661413,6.002219,3.0199594,0.15214038,1.3707404,19.412788,0.81146485,-4.0103183,-3.7210405,15.193286,0.7647646,2.6088107,6.7960954,0.012368858,1.1982203,0.94088876,0.9331588,8.564406,0.3975722,1.3012674,6.476456,13.764675,0.5258125,492.99384,0.487044,1236.8016,0.16263595,-111.713905,-0.85291624,1502.5536,0.19290403,838.1254,0.37833032,-102.59089,-0.895828,2517.103,0.11409875,754.6677,0.38147134,-105.132126,-0.84897083,-10.287576,-0.7766706,19.147806,0.37776443,0.06067495,0.6823742,-0.012680296,-1.0167233,0.28546458,0.7563362,31.247673,0.3519553,-7.7316647,-2.1709933,17.494255,0.8201471,-5.6812654,-3.5490456,-9.619977,20.382513,-0.012896809,0.009425966,0.008328992,1.6990292,0.9852217,0.5275,0.2163764,0.46249998,0.4377428,-32.862762,03
32.481613,0.05570577,31.373997,31.729404,35.30709,3.933094,26.959572,18.74603,11.061302,4.9248886,0.38672575,1.1615556,0.010843009,0.16337849,0.7920147,0.7811717,6.852983,3.4929383,4.0453453,1.5549003,0.11269924,1.264931,20.5799,0.7756027,0.29955506,50.945255,15.572075,0.6716443,3.9033542,4.3837366,0.009957475,1.2327231,0.8285195,0.879156,8.710724,0.44857734,4.2159,2.364042,15.33333,0.48145732,526.1038,0.5761669,1137.1891,0.26417592,-110.00972,-0.85964024,1538.2054,0.25771162,790.12885,0.32207453,-103.970146,-0.87552553,2549.8884,0.15068427,731.25555,0.32618946,-105.831505,-0.843773,-11.166035,-0.49539602,18.864567,0.289549,0.08886218,0.4631115,-0.014213954,-0.7746831,0.21291561,0.6354528,31.221859,0.4424803,-5.727171,-3.0035841,17.073215,0.656203,-3.4312541,-5.9095454,-12.059764,22.275719,-0.006992581,0.005774496,0.004846393,1.6203705,0.9367682,0.5525,0.0258602,0.48999998,0.43185645,-35.17151,03
32.373413,0.067400195,31.08028,31.762852,35.281353,4.2010727,36.802986,24.095121,37.089596,21.50207,0.47640133,1.2266738,0.011815864,0.15710038,0.9097915,0.8979757,8.398252,4.152202,6.579674,3.9082654,0.16435713,1.4613309,17.885569,0.915138,0.4446204,36.5107,17.432865,0.5922208,3.9410765,4.291818,0.018246029,1.740613,0.97402096,0.91441536,7.786042,0.5671697,3.7949035,2.4882934,12.550715,0.6589883,596.7532,0.50152314,1130.3434,0.21139765,-113.457855,-0.84117687,1645.4211,0.22830461,714.3821,0.30090013,-105.60697,-0.87253445,2648.6138,0.1328538,754.4804,0.37491673,-106.338646,-0.8610882,-9.260336,-0.6651881,16.251966,0.43628278,0.083918996,0.43801832,-0.015340616,-0.7766311,0.319497,0.80132186,29.53071,0.4274305,-8.531534,-1.9659569,19.107815,0.6562243,-4.554822,-4.128484,-12.025112,21.414145,-0.016609576,0.00871333,0.006306086,1.6826924,0.729927,0.6933333,0.2671246,0.48999998,0.4321458,-33.01006,03
32.726646,0.05659354,31.439703,32.044453,35.24979,3.8100872,29.85176,13.527994,16.845718,13.4721,0.5568446,1.2387902,0.012883877,0.21630196,1.106634,1.0937501,7.8542976,3.5713806,9.879357,6.054441,0.21389937,1.4615163,18.040363,0.86027443,-5.448617,-2.6862636,14.03599,0.85729665,0.2892999,61.721657,0.016196048,1.2927049,1.0245045,0.89446014,7.9266276,0.44357142,0.8893463,9.792407,12.469988,0.6458434,636.00134,0.47776198,1154.2794,0.18725991,-109.207054,-0.87563443,1706.7036,0.22357124,752.2304,0.35068476,-106.14378,-0.86718833,2725.393,0.15533689,789.5179,0.35129973,-107.285194,-0.8468901,-9.008684,-0.6613821,16.115124,0.36718112,0.046144392,1.0173701,-0.013400369,-0.8664979,0.41491354,0.81078583,29.897253,0.38612363,-10.584108,-1.5879586,18.620165,0.7053918,-6.44117,-3.3218472,-6.2955136,14.947754,0.02448149,0.008159763,0.012699871,1.6706444,0.9661836,0.5125,0.17781661,0.39999998,0.4476159,-31.2143,03
32.52769,0.06614528,31.013617,31.870567,35.66266,4.649042,118.78147,193.9303,13.755996,7.1671276,0.56026256,1.2693254,0.013235364,0.20444651,1.0915885,1.0783532,12.612924,6.8664145,8.168721,4.095338,0.20440722,1.3928602,16.625816,0.96100545,-3.87653,-4.316582,16.151463,0.65497816,2.6865036,6.52651,0.013914414,1.2292582,1.0014076,0.82947266,7.7672906,0.45457092,2.391552,3.5644903,11.600978,0.8107054,667.53253,0.48595262,1120.3405,0.1898721,-107.86963,-0.8872484,1735.5164,0.20724835,740.0727,0.36461988,-103.07389,-0.89680594,2733.8052,0.14049593,750.2323,0.33123463,-103.69698,-0.8863674,-7.79107,-0.9623011,15.183855,0.48350388,0.062212028,0.810365,-0.009878111,-1.3166713,0.38656643,0.76322967,27.144444,0.4609809,-11.017356,-1.4965081,20.489754,0.60166913,-4.894586,-4.246774,-9.633887,19.816538,-0.0120362,0.00796136,0.008778157,1.7114916,0.7425743,0.6966666,0.3064129,0.62333333,0.41699985,-31.389156,03
32.483353,0.05636645,31.352818,32.002075,35.03073,3.6779137,27.158932,22.378569,9.363957,6.2263823,0.5724246,1.166425,0.02361896,0.2010819,1.1389678,1.1153488,9.057258,4.0633397,7.8537107,4.463304,0.18974723,1.3259857,18.768064,0.82682616,-2.9153965,-5.2616506,15.768762,0.6622881,1.7673594,9.8672695,0.014189061,1.3488066,0.865016,0.8677441,8.2000265,0.47920793,3.957993,2.5321805,13.72867,0.5283399,644.0696,0.4927976,1142.8035,0.21307716,-113.27182,-0.84681225,1735.396,0.22085232,717.62616,0.29565698,-103.2345,-0.8904314,2726.7266,0.14846918,816.47546,0.3630407,-103.56849,-0.8858998,-9.4905,-0.5884308,16.709421,0.3428118,0.097223334,0.37648138,-0.014255647,-0.7496136,0.3519913,0.73436946,28.554298,0.42930856,-7.834347,-2.0935414,19.105639,0.64415723,-5.4033823,-3.7759976,-12.841568,23.008942,-0.014837585,0.005487958,0.014796443,1.6990292,0.7371008,0.7033333,0.25978622,0.4725,0.4489084,-31.399832,03
32.781902,0.05965911,31.378105,32.214012,35.80019,4.422085,10.395842,9.897071,17.34654,4.7776685,0.5802521,1.2202445,0.017332206,0.16378163,1.1129851,1.0956529,12.171437,6.4019775,8.592111,4.2339673,0.20189838,1.4695746,15.839662,0.98271745,-5.459723,-2.6727111,16.250517,0.6398167,1.5721064,11.043225,0.015801515,1.5660672,0.95217985,0.8327824,8.167224,0.45228276,3.8467607,2.6549664,11.106141,0.6084544,640.7464,0.519403,1120.4197,0.24265492,-123.94304,-0.7521224,1721.0203,0.21178965,712.21484,0.3491062,-108.874916,-0.8526662,2713.509,0.13183407,795.8607,0.27662513,-108.78529,-0.854363,-6.954427,-0.6567645,14.0469,0.34953946,0.093609706,0.4354753,-0.012164296,-0.88671494,0.4072008,0.77460366,27.049892,0.43922603,-12.748352,-1.0652807,20.342714,0.5973252,-7.673711,-2.4572499,-6.783428,16.028988,0.0031174836,0.0071862405,0.0091563845,1.7857144,0.7751938,0.62333333,0.22425184,0.4825,0.40604034,-31.36887,03
31.998919,0.07607288,31.206648,31.76009,34.54867,3.3420238,41.537624,28.25559,23.692732,10.103672,0.26859704,1.158847,0.014661506,0.13009357,0.5533051,0.5386436,5.849451,3.7916405,5.4106793,2.6858737,0.08363927,1.3389379,18.356743,0.9335852,3.9476335,3.2390199,15.6951065,0.6458873,2.8155856,5.188915,0.02530888,2.1268733,1.1341876,0.8019597,7.8321133,0.55161613,2.6206186,2.8127024,18.243965,0.43329272,534.0207,0.4917423,1148.0781,0.25414333,-110.747246,-0.8586692,1507.609,0.19910555,895.81134,0.37181678,-112.414154,-0.8056199,2524.4646,0.11986893,784.7799,0.36693516,-115.245705,-0.75849724,-12.876465,-0.54776096,21.91296,0.3297537,0.053612117,0.93157256,-0.01266892,-1.00331,0.16311178,0.71466374,31.315828,0.43950358,0.39617953,40.164536,15.411655,0.7761237,-0.81543577,-23.319841,-10.979202,19.808788,-0.009986056,0.006842815,0.012074314,2.1844661,0.9852217,0.48,0.16896746,0.41,0.42619243,-39.42397,04
32.40563,0.04802645,31.39068,31.93006,34.508087,3.1174068,14.4816265,3.3137083,19.989496,12.729692,0.29868546,1.1384703,0.012102652,0.12827349,0.5243527,0.51225007,3.833659,2.8795192,4.4660125,2.3751135,0.083084695,1.3134748,17.796339,1.0676728,5.952165,1.7581795,10.985943,1.0306336,3.4716845,4.183164,0.013602915,1.4654312,0.86977035,0.90812474,9.328002,0.32934338,3.1867065,2.4346972,18.613195,0.3866905,504.85947,0.4740974,1230.934,0.22582762,-105.54368,-0.8913059,1487.4181,0.21166801,860.22955,0.32265046,-105.62051,-0.8491636,2538.1592,0.13041137,770.50037,0.41669512,-109.01048,-0.7913069,-14.14062,-0.46361816,23.270319,0.34580645,0.055269133,0.9338865,-0.014352356,-0.9085577,0.15240021,0.7489213,31.061598,0.40879068,5.1401567,2.3881915,12.904595,1.0643915,-0.4762968,-35.16093,-7.1311054,16.841812,0.013086051,0.008398183,0.009414948,1.6203705,1.1709602,0.43400002,0.29810065,0.39599997,0.43770307,-37.832874,04
32.347984,0.0446264,31.37119,31.934174,34.398193,3.0270042,25.859333,24.024094,13.900673,5.3849115,0.40950182,1.0333678,0.011483062,0.28906453,0.8175971,0.806114,6.6323957,4.5891657,5.674686,3.4766097,0.11126423,1.1255698,17.999777,0.97611415,1.4349862,8.200082,10.68705,1.1811063,0.5350186,26.890482,0.010795289,1.5456657,0.74413776,1.053175,9.297516,0.35592943,2.9744005,2.5350108,18.955055,0.34857988,516.80896,0.51030487,1173.4795,0.2229998,-105.73382,-0.901939,1503.5004,0.20089228,806.01794,0.39179513,-103.15921,-0.8743673,2558.8967,0.11660614,752.01984,0.4557096,-105.37316,-0.8357009,-12.971031,-0.47619468,20.602007,0.3667511,0.09436218,0.4971522,-0.018375717,-0.71195436,0.20259039,0.5317102,30.643087,0.4172271,2.6929266,4.0186214,15.332178,0.8637536,-5.0291085,-3.2308877,-2.415584,12.663297,0.044623468,0.011226806,0.009406623,1.6431925,0.7125891,0.7366666,0.23626725,0.4825,0.40295005,-34.707104,04
32.322487,0.044203173,31.345478,31.862112,34.423027,3.077549,102.07413,151.79445,9.81824,3.476699,0.32458028,1.0461584,0.014407329,0.19467664,0.5974913,0.583084,4.422054,2.4619212,4.4810324,3.978468,0.07363391,1.1609346,19.100243,0.87903214,5.2284527,2.140001,15.1983795,0.7745208,2.0896487,6.206526,0.011972356,1.2531902,0.8958461,1.2574732,9.403893,0.40591154,4.7037916,1.8827763,19.363077,0.39423668,505.77307,0.5367652,1166.447,0.24871701,-109.45844,-0.8662854,1493.4338,0.2090934,793.0803,0.45009568,-104.405525,-0.8551888,2552.966,0.124048784,801.29065,0.4428577,-106.35912,-0.8224394,-13.276604,-0.4454754,21.547836,0.34811297,0.08899528,0.5342344,-0.016399117,-0.74483556,0.13302101,0.5903746,29.58564,0.47972184,5.307964,1.8977425,16.733713,0.8844379,-3.515249,-4.069976,-8.640493,18.982737,0.005288658,0.0054750415,0.008054981,1.6431925,0.71428573,0.74,0.29131883,0.4775,0.41063213,-37.426723,04
32.841347,0.060306195,31.542946,32.12062,34.90314,3.3601952,126.710655,118.40382,14.373134,5.6204624,0.3461647,1.2528324,0.01218688,0.14165127,0.63305175,0.62086487,5.683847,5.756615,6.159331,5.0070615,0.11894133,1.5452952,16.610065,0.98462385,3.0242062,4.183414,12.481369,0.79294354,3.7303681,4.5573997,0.019124556,2.260244,1.1241099,0.8657928,7.8979053,0.42459655,3.2081244,2.6505916,17.22783,0.43914315,570.1159,0.46843368,1189.5103,0.24995525,-119.724915,-0.7853168,1602.3647,0.22098222,815.5868,0.3209858,-113.1824,-0.81223184,2605.8901,0.14742313,765.2574,0.3775186,-115.983925,-0.76629895,-11.267118,-0.63720334,19.22765,0.42733756,0.064912364,0.64412904,-0.011311565,-1.3685334,0.2367119,0.89051825,29.35767,0.4461698,-1.6369789,-9.597516,13.066984,0.9591172,-2.4987319,-8.584315,-9.48225,18.701946,-0.0064928727,0.00841608,0.016608799,1.3761468,0.92807424,0.4975,0.16391689,0.44599998,0.4327401,-36.047504,04
32.52462,0.070765205,31.355904,31.858912,35.043606,3.6877022,63.248543,18.430695,16.485847,12.943456,0.53598887,1.1988053,0.03609276,0.23212077,1.0500346,1.0139419,8.081048,4.851691,8.901039,4.6961884,0.24257657,1.2799603,17.765041,0.80072945,1.33488,9.620792,13.61413,0.84409857,4.7709904,3.471392,0.020826073,1.4689893,1.2113659,0.7650587,6.980634,0.4563904,2.8231256,3.3600614,14.013635,0.5507116,720.2018,0.411975,1152.5782,0.23699664,-109.95809,-0.8621617,1764.773,0.18569659,868.5128,0.3634243,-103.66159,-0.8879985,2795.4187,0.13148916,819.4193,0.38119182,-105.46724,-0.85603195,-9.4481125,-0.6991727,17.088446,0.4488412,0.054635447,0.90895027,-0.010785785,-1.4183385,0.42372182,0.7930587,26.681503,0.395943,-3.7540646,-3.7100341,14.551854,0.99796957,1.9590535,9.912748,-15.941132,26.404837,-0.014427406,0.0023048,0.0489567,1.6706444,0.7246377,0.71333337,0.28193772,0.4825,0.42097357,-31.654455,04
32.429764,0.059111077,31.177696,31.745079,34.454834,3.2771378,22.550055,11.30194,23.333784,14.721857,0.4169438,1.1680218,0.021713514,0.16794829,0.67890537,0.6571919,8.269633,6.9688025,8.550618,8.611263,0.15680198,1.494838,17.014465,1.0497881,4.5967298,3.182761,11.858557,0.82790065,3.6221368,4.1301403,0.012167793,1.4319619,1.0019478,0.70533055,7.5841155,0.50145996,3.7012384,2.864257,16.271519,0.4991655,696.77985,0.5028301,1113.3373,0.3122784,-114.375534,-0.8261355,1723.042,0.22725068,873.6459,0.34089887,-108.474815,-0.8473255,2719.039,0.15386114,750.2026,0.29968193,-110.534134,-0.81310505,-10.894284,-0.633812,19.80434,0.46407312,0.0906464,0.35633156,-0.011341826,-1.1405926,0.30203983,0.8668465,28.405659,0.4761237,-2.4766977,-6.597995,12.760442,0.9670017,-1.5169725,-10.940188,-11.190061,20.14544,0.005423527,0.0050108638,0.016687516,1.6706444,0.7246377,0.68,0.27580187,0.5075,0.40226698,-34.61784,04
32.0151,0.09093397,30.940943,31.795395,34.238968,3.2980251,52.844994,32.5512,63.93194,94.026054,0.3211956,1.052582,0.011471119,0.16824839,0.70075446,0.6892834,5.8173914,3.9335752,5.311414,3.7092407,0.09745946,1.1651751,17.712988,0.9531147,4.2275715,2.7852724,12.850776,0.92041224,2.6154583,5.3899426,0.015364499,1.3163232,0.88197935,0.8121797,7.594017,0.6103397,4.215012,2.1902792,17.944695,0.361665,575.39874,0.547392,1123.1769,0.25158092,-109.54152,-0.8567817,1593.8872,0.22116327,816.4097,0.3105309,-105.148605,-0.8560739,2590.3667,0.13647726,767.5653,0.44372505,-107.275505,-0.8193195,-11.80388,-0.5166007,20.458977,0.3457865,0.08915262,0.47045124,-0.013355035,-0.9251622,0.18147048,0.5503052,29.187702,0.45268986,1.3437023,10.457908,15.876906,0.86063176,-2.3865762,-6.9375873,-7.8356915,17.26729,0.012530273,0.008748143,0.007847312,1.8779343,1.1876484,0.42999998,0.19575495,0.38799998,0.4314348,-37.832737,04
32.421574,0.053967107,31.530357,31.994116,34.473507,2.9431496,32.4949,21.706148,13.788459,8.41167,0.5055165,1.2609096,0.01697363,0.17503393,1.0233213,1.0063477,9.632501,7.563561,8.138348,4.4021955,0.20629823,1.3883191,18.822649,0.71796453,1.1987056,12.103798,15.350038,0.766251,4.0598907,4.5274463,0.01406948,1.1920255,1.1595132,0.72781056,7.431479,0.4441919,3.6392453,2.0957437,14.684785,0.52879196,711.6409,0.3977514,1160.535,0.23914474,-110.588715,-0.8555399,1759.4321,0.19144334,815.0431,0.47179297,-107.06787,-0.8564152,2778.1792,0.12734725,768.63794,0.2919138,-108.22509,-0.8352317,-9.0690365,-0.83212173,17.281254,0.46644148,0.059953295,0.73010194,-0.011657186,-1.3395593,0.39347538,0.7688538,27.52863,0.42650872,-5.0571237,-3.0153594,18.104465,0.7454284,-5.0091753,-4.234546,-16.030338,27.457838,-0.033174504,0.008616296,0.017934581,2.1634617,0.729927,0.6866666,0.2651205,0.49499997,0.42880648,-32.19258,05
31.984415,0.10551075,31.332268,31.851513,34.683357,3.3510895,82.28687,45.222195,45.08855,48.81349,0.77757555,1.26061,0.018259885,0.24195743,1.7731569,1.754897,14.634211,7.3137126,15.783591,9.430861,0.43195224,1.4352313,15.319157,0.91340834,-0.23146139,-60.330406,14.207299,0.98026294,6.0264087,2.756211,0.01989785,1.535753,1.162018,0.6930682,5.9632354,0.664905,1.637165,5.9700346,11.33056,0.6469043,827.93036,0.32916707,1070.9084,0.24004436,-111.18438,-0.8475997,1901.7305,0.15817948,778.8081,0.30789307,-108.46518,-0.8480633,2917.88,0.11153217,849.26465,0.3442061,-109.92032,-0.8233873,-7.5322056,-0.93297565,14.747316,0.5574044,0.034949422,1.3647523,-0.012237782,-1.3768344,0.8413549,0.7855887,24.49012,0.44525638,-6.713922,-2.0148785,15.259064,1.1691303,1.2696208,15.549681,-11.506391,21.024685,-0.023689654,0.00644898,0.031827733,2.2959185,1.0335917,0.475,0.3309456,0.376,0.41998094,-26.524593,05
31.29279,0.1326823,30.922625,32.024403,32.833668,1.9110432,121.96865,111.42655,36.678402,25.211489,0.610977,1.2831618,0.009067049,0.18060474,1.177822,1.1687549,12.569881,8.156819,8.937101,6.125165,0.25875223,1.4233104,15.732693,1.029697,3.3169658,4.420476,14.120448,0.99177164,1.7901514,9.226775,0.016019996,1.5168022,1.0952849,0.93748665,6.8394985,0.60127676,3.425136,2.945933,14.811107,0.7671251,766.8755,0.40935844,1068.8313,0.3465142,-111.59823,-0.843925,1827.5532,0.21349113,844.4519,0.34939176,-108.26762,-0.8545317,2848.3796,0.13133916,804.1764,0.34778988,-109.86695,-0.82692355,-10.41975,-0.8165624,17.752527,0.56941813,0.07079322,0.74127346,-0.016497085,-0.82576036,0.5074556,0.7645193,27.484375,0.43086356,-3.6069474,-4.3991427,19.364239,0.81295145,-5.607106,-3.5093825,-11.131111,20.810421,-0.0037060874,0.0065750526,0.018420754,1.7817373,0.9009009,0.54249996,0.35527277,0.54249996,0.43808532,-29.774729,05
32.418243,0.104205705,31.255997,32.084663,34.74151,3.4855118,49.089687,23.52524,43.216045,31.019829,0.77310383,1.2654577,0.0192242,0.20157802,1.4955046,1.4762805,17.009031,10.303626,13.154815,8.495298,0.40475595,1.563433,15.087063,0.9677398,-0.4571148,-32.897614,15.816237,0.82788146,5.004672,3.5088367,0.04739367,2.301324,1.1830561,0.6282592,5.778966,0.7041318,3.7787755,2.8851035,10.590716,0.8885973,880.0915,0.36710152,953.8565,0.43896526,-109.04328,-0.86915976,1965.8965,0.17567927,747.8675,0.384207,-103.80278,-0.90577734,2896.9666,0.12492969,800.25714,0.33252734,-105.04897,-0.88355637,-6.7249794,-0.9924007,13.770177,0.5876508,0.070495605,0.7879176,-0.012445181,-1.2648485,0.785812,0.89400786,23.215973,0.5235313,-7.752517,-2.0223413,18.549564,0.89423776,-3.2480476,-5.9103394,-13.307189,23.75283,-0.026498504,0.00835408,0.012534798,1.7857144,0.7751938,0.65333337,0.24526627,0.61,0.3937004,-27.350996,05
32.694107,0.05189237,31.48443,32.358616,34.976063,3.4916325,41.0173,27.500784,11.026514,11.535142,0.7312054,1.2901603,0.022903979,0.24310067,1.6205889,1.5976849,14.632771,8.254426,10.920651,5.5540752,0.36221677,1.4452952,15.725138,1.0194507,-2.6275005,-5.072507,13.700761,1.0751458,4.230565,3.8855367,0.01740243,1.5361164,1.3445563,0.8051348,6.9110875,0.47032064,-1.1861116,-8.1773205,8.054691,0.9641799,810.85974,0.36789593,1119.4451,0.26563054,-108.68593,-0.8693154,1853.0723,0.1711672,825.94336,0.3154756,-104.35723,-0.88456583,2829.306,0.111990176,917.55646,0.3623155,-105.21872,-0.87005746,-6.8400955,-1.0199476,14.693925,0.5718709,0.050256345,1.0753791,-0.0126215,-1.1832805,0.6965321,0.80017644,25.37003,0.48887286,-9.441878,-1.5100292,14.635087,1.177339,-0.49983966,-39.980316,-10.186872,19.903511,-0.0071463366,0.008790076,0.01822169,1.923077,1.216545,0.414,0.17246448,0.4775,0.45157364,-27.366608,05
32.743603,0.064624086,31.475159,32.316578,35.00723,3.5320702,40.559868,25.91405,25.221537,19.236965,0.8243372,1.2524081,0.018907713,0.22788039,1.908065,1.8891573,15.555581,7.656819,14.494644,7.2194448,0.41393661,1.3531272,14.159351,1.0149366,-1.6096292,-10.013874,15.243213,0.95019144,4.9421735,3.4729717,0.018115355,1.7576864,1.2832696,0.6217013,6.306666,0.53491086,1.8997097,5.01849,8.236149,0.83707535,892.5206,0.28886372,983.17816,0.32102722,-105.27774,-0.89991593,1946.4272,0.14646511,823.0975,0.39359435,-101.113884,-0.92316294,2934.8176,0.09945577,838.2286,0.26463068,-101.44981,-0.9168446,-4.739596,-1.5146981,13.073696,0.65477204,0.06965087,0.6760432,-0.009287759,-1.4845426,0.7840414,0.71537143,21.863886,0.55218476,-10.05771,-1.5698273,17.162132,1.0888911,-1.7529092,-10.527332,-13.739667,23.701067,-0.029985512,0.007279981,0.010201784,1.9417477,0.7371008,0.7,0.26318562,0.6166667,0.42757714,-27.028917,05
32.497948,0.103514366,31.413855,32.302197,34.655003,3.241148,227.68486,130.32196,31.724182,27.282799,0.91357183,1.2161453,0.02550145,0.30055133,1.8780227,1.8525212,16.643257,9.87718,12.518791,8.038875,0.51916265,1.4394162,11.801537,1.4386225,-2.9568655,-4.831205,13.88471,1.1393805,1.9467466,6.747184,0.029806087,2.253412,1.22631,0.7647667,5.969806,0.59379804,3.0223012,3.1758192,8.950468,0.98009974,837.1831,0.3759236,951.23175,0.4031353,-105.496704,-0.88619447,1876.5541,0.18920088,834.8494,0.2889736,-101.48774,-0.92555803,2874.4966,0.1205006,807.74786,0.30283883,-102.4307,-0.9072241,-5.8538976,-1.2645388,12.746375,0.66432106,0.05320996,1.3539861,-0.011452395,-1.177772,0.97874063,0.8182886,23.193825,0.5510857,-9.242696,-1.7047511,19.94802,0.9224145,-1.7558562,-8.89489,-5.0844307,14.122538,0.009955731,0.0085917935,0.031893995,1.9093078,0.9661836,0.53249997,0.38989583,0.4775,0.3882895,-25.911592,05
32.71267,0.08457749,31.449974,32.137074,34.29697,2.8469963,108.881905,62.49936,16.5221,13.4687195,0.8456366,1.2324715,0.015455395,0.24966504,1.731608,1.7161527,18.620384,12.679431,9.698911,5.3046265,0.44759294,1.3728893,14.60693,1.0708349,-2.3902667,-6.027651,16.26037,0.8936116,1.8675253,9.068273,0.018262098,1.5186361,1.1892599,0.7564139,6.775626,0.47001824,4.418039,2.4354665,10.64537,0.85520655,847.2121,0.35121244,990.83234,0.41295287,-108.54531,-0.86645865,1918.7766,0.16939735,792.0639,0.4346573,-102.64479,-0.9086159,2925.2686,0.109715365,774.2501,0.29109964,-103.916336,-0.88653886,-7.638351,-0.99662775,15.04485,0.6492235,0.061078295,1.0547723,-0.013409472,-1.1879623,0.84956694,0.7413048,24.511026,0.50698155,-8.199604,-1.8360988,20.011011,0.8703488,-4.2147493,-4.7406693,-5.623719,14.830765,0.01717481,0.0071574016,0.022618216,1.923077,0.97323596,0.525,0.06576473,0.384,0.41350207,-26.58048,05
32.34899,0.048536383,31.216768,31.861618,34.212082,2.9953136,38.570698,56.665714,18.733927,12.320665,0.32900742,1.1046649,0.022438237,0.15023503,0.7004712,0.678033,5.867064,5.196019,4.7574797,1.926897,0.11139718,1.3050604,17.160658,0.96502703,6.8747225,1.5606636,12.21204,0.95736843,3.999817,4.1431904,0.018355448,1.3147321,0.9782672,0.77366847,8.098949,0.4294581,3.409119,2.2598813,18.020609,0.3391527,534.51776,0.51969856,1230.4008,0.24924271,-111.97149,-0.83951604,1545.464,0.2197924,898.2834,0.43121114,-109.02327,-0.81902885,2551.685,0.15543778,742.09125,0.46699527,-111.3321,-0.779644,-13.522039,-0.5189943,21.98852,0.36087292,0.051832985,0.93845075,-0.01681582,-0.8074879,0.20805188,0.7174696,27.809013,0.4671974,7.630009,1.4256866,11.681609,1.2585024,1.3226843,14.957047,-10.786971,20.981787,-0.0073326263,0.003283239,0.013420533,1.6317016,0.9433963,0.53,0.19442222,0.406,0.45257485,-36.523926,06
32.427345,0.04982297,31.438911,32.11076,34.349728,2.9108162,53.360992,73.00218,17.343191,13.147072,0.45552832,1.1815209,0.014832907,0.21921173,0.9178574,0.9030245,9.236511,7.2994804,6.908109,3.6593647,0.1700047,1.3131608,15.625586,1.0337492,3.9100542,2.6487572,10.842124,1.1619322,2.0870073,8.400403,0.015932124,1.1818093,1.0190033,0.770011,8.203251,0.40940902,3.3383162,2.3289416,16.317244,0.39621818,579.8941,0.49648532,1201.6748,0.22176269,-107.19159,-0.87999415,1595.8096,0.21972671,831.9461,0.48685655,-103.19288,-0.87052864,2605.41,0.14427371,717.8362,0.44965562,-104.80837,-0.84229136,-12.492612,-0.50401384,20.72778,0.39097401,0.045887772,1.0713962,-0.014826112,-0.8836551,0.31149858,0.7225701,26.309065,0.46386358,4.664791,2.438695,13.791522,1.0814713,0.25879002,82.100876,-8.610404,18.831686,0.02071931,0.007908097,0.010351034,1.8779343,0.7125891,0.7466666,0.28241023,0.63,0.4166533,-32.813442,06
32.210453,0.04386516,31.36966,31.78156,33.502243,2.1325836,20.03501,11.065577,13.119509,5.4987574,0.3945045,1.013763,0.016554244,0.2436387,0.8271804,0.81062615,6.074479,4.6989665,5.970853,4.3688316,0.12182672,1.0973214,18.156858,0.8329882,7.590535,1.3468587,15.893093,0.7252638,5.3392615,3.1192002,0.009954423,1.0589494,0.9767662,0.91359824,8.912122,0.3828286,3.6227129,2.3581512,17.69106,0.29766798,534.5756,0.4819465,1223.8041,0.24281839,-107.20759,-0.8844425,1564.4661,0.21560977,797.3448,0.44833654,-104.48552,-0.8551547,2569.2822,0.13331282,734.41064,0.45131892,-106.29554,-0.8240697,-13.157859,-0.42904148,20.993595,0.31882423,0.07240184,0.6482324,-0.018173914,-0.8633589,0.2194798,0.5293543,27.763319,0.4362459,6.4989405,1.4791197,16.201038,0.882921,-2.229458,-8.542091,-15.030432,25.593803,-0.031146163,0.0060821916,0.015780753,1.8779343,0.9546539,0.5475,0.077257685,0.63,0.36887214,-34.820824,06
32.299416,0.04682903,31.246387,31.737543,34.27702,3.030632,29.554531,26.358738,12.30353,14.91036,0.41427737,1.0129155,0.034469433,0.2596043,0.77846086,0.74399143,5.2696366,3.3116703,6.797487,4.563676,0.12298204,1.0899111,16.192575,1.0907328,5.0581756,2.358619,14.621917,0.8582616,1.9387748,7.679528,0.012589502,1.291768,0.9173372,0.8496767,8.940782,0.37904492,3.2671409,2.5162864,17.56708,0.40917462,510.41745,0.54200786,1140.0052,0.21509907,-104.394936,-0.90632486,1489.8389,0.215761,775.7306,0.4426357,-102.065994,-0.87894475,2529.4844,0.1314971,694.93256,0.37292588,-104.26323,-0.8401755,-13.066098,-0.5016754,20.486328,0.36780885,0.07726667,0.6661675,-0.018853422,-0.75317425,0.214629,0.564728,27.49005,0.50610954,6.883423,1.5608155,15.765701,0.98655504,-2.2057838,-7.4898486,-9.130631,19.035904,-0.0036193803,0.005978832,0.016935077,1.6587678,0.7194244,0.7466666,0.23041025,0.465,0.41439715,-34.47869,06
33.048832,0.06729942,31.68005,32.465973,34.853394,3.1733437,80.21923,76.51949,45.602192,42.514053,0.56886953,1.2396877,0.01652215,0.23881705,0.9721877,0.9556655,9.806785,4.729891,10.750845,6.1025186,0.2723772,1.5775852,14.272378,1.1801147,0.20039988,71.10995,12.99023,1.0531448,1.186669,12.920525,0.023747014,1.6603564,1.229128,0.7838615,6.686392,0.6376264,1.2749957,6.263607,14.245363,0.57860076,727.84863,0.4394173,1095.735,0.3210479,-114.11735,-0.8258114,1740.9819,0.21555625,865.50464,0.33479,-111.02469,-0.82927257,2739.7979,0.14860682,801.2717,0.35235098,-112.72734,-0.79948515,-8.579618,-0.89158386,17.333187,0.5477716,0.046605267,1.1306858,-0.013422158,-1.0574299,0.54894423,0.89452857,26.384588,0.5318868,-3.964955,-3.7701988,13.833766,1.2505125,-3.7680519,-4.1434093,-8.12749,17.580626,-0.004051432,0.0055271317,0.0232085,1.7114916,1.2376238,0.378,0.21065612,0.34,0.4170132,-30.825434,06
31.706295,0.10008605,31.205914,31.811909,33.637535,2.4316216,71.32254,64.93753,41.13079,34.57425,0.61586636,1.2634321,0.024251949,0.19597203,1.2974522,1.2732003,10.448951,5.9074273,11.190453,7.029563,0.28399137,1.4264916,14.1693535,1.125352,-0.5869091,-22.334862,13.169089,0.9682975,2.407947,7.154176,0.033169217,2.4247723,1.1136479,0.7227375,6.602633,0.54661226,0.05770878,264.28983,13.426952,1.0877753,788.545,0.38211587,1130.8129,0.2318568,-109.17245,-0.8702858,1844.4965,0.17880507,796.97125,0.3579888,-105.53446,-0.8672802,2833.9006,0.12575874,853.59265,0.31628788,-107.16309,-0.8391556,-9.427205,-0.69141394,17.460955,0.4617431,0.05094974,0.8995806,-0.012853952,-1.0097426,0.5461208,0.78487086,25.936537,0.4435315,-5.182585,-2.727787,15.474228,1.0072042,-1.7741196,-11.385261,-7.2711077,16.259958,0.0053112986,0.006451895,0.015029995,1.6587678,1.1990408,0.41799998,0.23387177,0.32833332,0.4271384,-29.691162,06
32.532024,0.058913797,31.582008,32.088898,34.63446,3.052452,54.43992,34.63751,15.169551,3.264183,0.67987216,1.1827699,0.024773559,0.22979417,1.5059894,1.4812158,15.264827,9.21063,10.336763,6.538836,0.2998951,1.2954439,16.254541,0.9491572,-0.41079536,-28.150988,12.800243,0.9234756,2.5808692,5.4426837,0.014692472,1.3164206,1.0813793,0.7727398,7.2092805,0.43349522,4.700275,2.2439156,14.558992,0.5050321,772.8365,0.41579524,1107.558,0.30959186,-122.27393,-0.76057625,1846.3411,0.18486741,830.65265,0.3997178,-110.08519,-0.84186566,2855.3467,0.13817923,788.87305,0.22972046,-110.8303,-0.8292693,-8.900804,-0.65191746,16.619148,0.3763455,0.08969225,0.459194,-0.014344198,-0.9025039,0.5974791,0.63175756,25.33883,0.4542127,-6.294864,-1.8590353,16.609787,0.85619634,-3.194318,-5.2536864,-16.05825,27.4839,-0.015969567,0.003039331,0.026488796,2.0408163,0.5167959,0.935,0.515,0.65,0.3826225,-29.134916,06
32.75839,0.050669346,31.687971,32.178074,34.51899,2.8310184,30.3668,21.914267,18.377407,12.544332,0.753332,1.2306921,0.014898168,0.2916504,1.5970716,1.5821735,15.983953,9.802176,14.249676,11.150064,0.39479214,1.4963068,13.281995,1.08318,-1.4611999,-8.093988,10.826945,1.3209248,5.1728745,2.6538434,0.019288184,1.5631881,1.1164553,0.64754117,6.6353073,0.5133828,4.416107,2.5260406,12.143808,0.58647835,865.4136,0.35017216,1032.6803,0.39607748,-115.90902,-0.8187729,1926.1482,0.15215176,819.83356,0.30865684,-109.51332,-0.8541127,2887.0742,0.105306745,850.3424,0.28475538,-109.780426,-0.84997964,-7.515308,-0.6861374,14.911011,0.44157365,0.08730429,0.54849917,-0.012324377,-1.1686124,0.8072596,0.7823453,22.756706,0.46115798,-6.0848336,-2.133022,15.624053,1.145562,2.4079633,7.1672235,-5.5670004,15.528477,0.01243441,0.007510565,0.014207622,2.238806,0.50377834,0.955,0.49499997,0.66999996,0.4245782,-27.62976,06
44.32716,0.02227183,43.784206,44.068733,45.618473,1.8342667,14.020511,9.349282,13.542802,9.476666,0.30560675,1.0284743,0.010284531,0.1972835,0.6292649,0.61898035,4.7554936,3.678261,4.0296655,2.4807854,0.06847205,1.386926,12.503853,1.2881806,-5.473047,-2.3562427,-5.6641603,-2.2321615,-16.026056,-1.2040505,0.0075837676,1.7508621,0.5989784,1.2113043,15.098926,0.28927982,15.947037,0.39912155,19.427332,0.51878923,762.2742,0.24508007,1252.702,0.23024565,-112.943184,-0.8351857,1748.6191,0.14412874,927.9042,0.4194169,-108.601814,-0.81148356,2792.3906,0.12464043,729.39417,0.40963644,-110.8752,-0.77355164,-13.7023,-0.52606004,22.411892,0.41599607,0.17437561,0.15681547,-0.012592013,-0.78261334,0.12555645,0.82118124,23.71606,0.5017752,-12.584598,-1.1142988,-10.890291,-1.4194219,-29.701687,-0.57857484,-1.187099,8.155776,0.11225195,0.007967073,0.01172746,1.8518519,1.0395011,0.48799998,0.33778098,0.37666667,0.4498024,-36.67901,01
44.31378,0.027133757,43.79307,44.035404,45.79619,2.0031166,36.12232,36.467728,5.0724893,3.9030201,0.238477,1.1083984,0.00806468,0.110761695,0.53422266,0.526158,4.944679,3.793523,3.2580962,1.4752167,0.06147639,1.3457699,11.21151,1.3406335,-4.2283006,-2.8637073,-2.9447858,-4.1150265,-16.897863,-1.1791203,0.012086026,1.6738855,0.6684288,1.03054,14.484875,0.35018355,15.726413,0.4677475,19.140318,0.5662732,767.42285,0.31082812,1247.0333,0.25316375,-124.44488,-0.73894274,1777.0765,0.14594209,862.1328,0.38539773,-117.68932,-0.74120533,2861.9358,0.11712566,710.2051,0.5393813,-120.06701,-0.70569104,-14.096799,-0.6128201,23.010387,0.47031656,0.17425537,0.18270978,-0.012453205,-0.8140668,0.123407654,0.6890742,22.338976,0.58080655,-10.018594,-1.3573375,-6.6637464,-2.3771837,-33.024483,-0.5231319,-1.4394547,8.524819,0.11197075,0.008923542,0.0109939,2.1929824,1.1086475,0.412,0.26346916,0.39,0.44680345,-38.84242,01
44.38488,0.022350183,43.655525,44.13275,45.764824,2.1092987,12.012489,7.6776805,10.808248,9.6601515,0.31257746,1.0116272,0.00948277,0.19704357,0.6943709,0.6848882,4.735758,4.8823967,3.4816597,1.6663232,0.0790499,1.2640382,11.846593,1.3349472,-1.6260264,-9.554571,-2.9109058,-4.692111,-17.86135,-1.264692,0.0069374773,1.6298572,0.56982714,1.0745285,14.959668,0.29688546,17.669777,0.3986472,20.129742,0.5606075,740.65393,0.24173701,1177.0208,0.2229824,-113.90845,-0.83934087,1783.7268,0.14828454,779.3204,0.5298546,-109.252945,-0.809463,2831.239,0.118265726,727.9855,0.66682154,-111.349464,-0.7753989,-13.875991,-0.524452,21.262005,0.4943423,0.17048393,0.21929559,-0.01564806,-0.60270834,0.1499328,0.6478937,22.132343,0.58630055,-11.420265,-1.2331553,-8.906884,-1.6682761,-36.445084,-0.44142798,-3.348552,9.748532,0.0727255,0.004358016,0.007942543,1.9313306,0.86767894,0.5825,0.387903,0.438,0.4310638,-36.124493,01
44.27889,0.022473412,43.74132,44.010536,44.689022,0.9477005,17.391233,21.989698,19.05372,17.858059,0.228168,1.0868052,0.006685786,0.12376419,0.49600002,0.48931423,4.5455756,3.8332608,2.7796829,1.2671043,0.059633363,1.3548825,9.681768,1.6581018,-3.14215,-4.4916368,-4.8584538,-2.7025104,-16.355522,-1.1768825,0.009578354,1.5620575,0.68621904,1.1056743,13.70262,0.42180726,13.294873,0.61193186,20.017927,0.45526612,768.19916,0.25327092,1262.6577,0.25183415,-124.99123,-0.7328379,1815.248,0.15600245,809.6625,0.55894536,-117.71036,-0.7479329,2949.6033,0.111481786,714.7016,0.6767917,-120.69577,-0.70101535,-11.555877,-0.7578557,21.06234,0.528091,0.16503204,0.18966056,-0.010271371,-1.0847806,0.12250428,0.6834512,20.414045,0.6974014,-10.0748625,-1.7207465,-10.549991,-1.5359893,-33.523945,-0.4456375,-1.9563403,8.978821,0.11326575,0.009703283,0.008568855,1.9736842,1.330377,0.3383333,0.18533005,0.33571428,0.40573943,-40.27575,01
44.92827,0.042415384,43.890366,44.25579,46.385963,2.4955978,41.231598,32.681213,174.59113,216.89449,0.33818987,1.0152231,0.011791176,0.226418,0.6614831,0.64969194,5.8117023,4.6560783,4.3270283,2.4863663,0.08993893,1.172389,11.601186,1.3869799,-7.1259556,-2.0006297,-2.4082913,-5.1700726,-20.962261,-1.0801234,0.0122667225,1.936271,0.56627333,1.0816189,14.595432,0.34949893,16.195147,0.45898408,19.30672,0.58461064,757.08563,0.2734197,1199.0017,0.26172516,-113.368225,-0.82980037,1756.0465,0.13401695,872.89825,0.44686076,-107.42849,-0.80811965,2900.0688,0.1180022,569.2676,0.5975522,-109.45949,-0.77250785,-13.359997,-0.65143174,22.38869,0.47389293,0.16388056,0.19986388,-0.010214947,-1.1479226,0.16306876,0.6214335,22.062334,0.6331518,-13.616118,-1.0878001,-7.093243,-2.0234954,-37.381,-0.50348294,0.35951295,7.542706,0.11251695,0.0056607677,0.013555269,1.744186,1.3698632,0.36857143,0.30647433,0.33285713,0.41643775,-35.80931,02
44.927025,0.038251735,43.91009,44.196438,46.8345,2.924408,18.901775,19.268309,11.54142,6.0495687,0.24294122,1.0114404,0.009069784,0.15330328,0.49807477,0.489005,5.111846,5.046135,3.0064201,1.7786818,0.063312285,1.3196621,10.993356,1.5073234,-5.5201054,-2.4168499,-1.80069,-6.351431,-17.81338,-1.0712941,0.008400405,1.8184606,0.7182158,1.4364216,14.529901,0.37224606,15.906189,0.4628506,19.189384,0.5947548,767.9508,0.30680975,1225.9849,0.2576273,-121.81028,-0.7482077,1772.892,0.15356559,939.64264,0.38420147,-114.93698,-0.74816835,2856.1235,0.12409009,742.9175,0.5498941,-117.59675,-0.70681816,-14.475224,-0.6195071,23.477404,0.47650254,0.16917275,0.15391794,-0.011366502,-0.99494076,0.1210809,0.73127604,22.445955,0.61230236,-10.062174,-1.5072715,-5.820487,-2.4322789,-31.958075,-0.5371194,0.104053535,7.0583763,0.10961034,0.005911888,0.011037973,1.9067798,1.4989293,0.31142855,0.19606328,0.3866667,0.43149608,-38.75291,02
44.811718,0.03986139,43.91076,44.23885,44.812065,0.90130615,22.1887,20.793062,11.456783,7.3415446,0.3226907,0.99686706,0.011258888,0.21830827,0.6653755,0.6541166,4.3328843,2.8516586,4.1790905,2.4558544,0.089431845,1.1633049,11.409699,1.4358388,-5.4135876,-2.7555232,-1.9438742,-5.9303503,-16.635946,-1.3212149,0.006440968,1.5959073,0.5834899,1.1991951,14.754529,0.30838218,16.934498,0.33733505,19.220057,0.5587547,744.52435,0.27352038,1235.3845,0.22128393,-121.34046,-0.76014405,1750.2573,0.13849314,888.4811,0.41139054,-112.33311,-0.778955,2828.096,0.14339574,677.20435,0.5143631,-114.49689,-0.7457136,-14.01221,-0.5150757,22.309975,0.43911788,0.1673771,0.17548047,-0.011134569,-0.89178115,0.16979961,0.5470254,22.555384,0.6405666,-12.502604,-1.2545408,-7.2632923,-1.6803416,-33.71451,-0.55203694,-0.54218113,7.6304045,0.09525391,0.006829395,0.012116629,1.5810276,1.1976049,0.405,0.29674622,0.40666667,0.42377928,-36.05439,02
44.910866,0.036035974,43.989372,44.288025,45.347046,1.3576736,12.092701,13.912879,5.790346,5.742027,0.2549532,0.969067,0.008734517,0.19639839,0.54486656,0.53613204,3.5041542,3.622074,2.2905657,1.0828296,0.06172934,1.3107835,9.7637205,1.7291253,-3.0285916,-4.1040587,-3.552952,-2.9083962,-15.568174,-1.1828648,0.008317672,1.8768051,0.57917434,1.2623738,15.050488,0.30693653,15.240997,0.45186862,18.386383,0.62820196,767.13184,0.28925654,1257.2621,0.2537031,-121.17805,-0.7493232,1755.1128,0.14057952,840.1533,0.46937373,-114.37244,-0.7525047,2899.469,0.11511026,674.29095,0.5385928,-116.824875,-0.71458733,-14.415802,-0.5128957,23.951168,0.46340904,0.17431353,0.15068617,-0.012390055,-0.87068766,0.11656057,0.72176915,21.454182,0.6692088,-9.062564,-1.4066024,-7.2438297,-1.7069844,-29.680994,-0.53381497,-0.112872645,7.116127,0.10710612,0.008771069,0.010910027,2.004008,1.417004,0.33714285,0.21538764,0.3457143,0.39431158,-38.372517,02
44.928337,0.039765548,43.923397,44.21732,47.141468,3.218071,14.20789,1.5455714,6.682462,5.921124,0.37093365,0.99486715,0.014171201,0.24464211,0.76480293,0.75063175,5.0121193,4.33842,4.463841,2.4238112,0.103672914,1.201806,12.458364,1.2436521,-8.069387,-1.8998394,-2.589138,-4.9644523,-18.926958,-1.0928361,0.008744362,1.5044386,0.60080034,1.0579956,14.683113,0.31127626,15.006499,0.49876544,18.899935,0.5399391,765.03406,0.27463025,1294.0609,0.23678774,-110.46883,-0.8486119,1758.437,0.14479971,915.24774,0.445869,-104.00194,-0.84411156,2867.9832,0.12317817,729.5311,0.48422316,-107.01985,-0.7937818,-12.738464,-0.5616465,21.94462,0.3993968,0.16561957,0.16323626,-0.011384022,-0.9333749,0.17897376,0.6799228,22.823492,0.50860363,-15.416223,-1.0711073,-6.967446,-2.236223,-33.023563,-0.55278105,-0.11389337,7.0736327,0.10863125,0.005536456,0.020637626,1.9762846,1.3972057,0.3757143,0.31613097,0.27875,0.39250597,-34.85945,02
44.822342,0.03712575,43.901924,44.232883,45.060287,1.1583633,11.063087,5.594385,8.950028,8.92384,0.32815325,1.0155606,0.011400326,0.22553831,0.66864175,0.6572414,5.1938004,2.8916867,3.4823432,1.5254987,0.08598283,1.1582046,13.095705,1.136984,-7.9374337,-1.7843673,-2.1076765,-5.5352316,-20.62762,-1.0676111,0.007860425,1.7438711,0.56870896,1.2162526,14.9780655,0.29466158,14.57414,0.47429693,18.612524,0.52822506,738.05493,0.30150214,1333.1782,0.26022002,-118.18577,-0.7779011,1744.6458,0.15466894,979.1899,0.41066602,-107.55114,-0.8053273,2854.183,0.13306965,640.7817,0.5875341,-109.735214,-0.7695021,-13.3125105,-0.59390825,22.799335,0.42262882,0.17021525,0.1682833,-0.009546963,-1.2271807,0.15488084,0.60079056,22.94826,0.51559484,-13.908432,-1.0802444,-4.4445095,-3.2729583,-35.353252,-0.5830584,-0.9673488,9.344544,0.110976405,0.0062794914,0.0133503545,1.5209126,1.34357,0.38,0.3395375,0.26555556,0.402302,-36.38284,02
44.283062,0.07601338,43.86465,44.266785,44.92799,1.0633392,152.44121,105.48779,47.259815,39.536385,0.33267838,1.0069147,0.010119937,0.24224807,0.6390772,0.6289573,4.927225,5.261721,4.17953,2.9641163,0.091241315,1.2957742,12.659415,1.3376117,-3.1655445,-4.4278502,-3.76719,-3.190996,-16.989367,-1.5246354,0.01529588,4.0957575,0.50511485,1.2698478,14.701893,0.3407702,17.730745,0.36329848,22.528011,0.5152088,729.464,0.2816161,1258.8678,0.25956163,-115.954025,-0.8085029,1722.5911,0.16312686,973.0854,0.45348173,-109.11455,-0.7935332,2823.9656,0.15270244,717.059,0.5013175,-110.962135,-0.76277745,-14.753507,-0.48282686,24.020317,0.4178831,0.16593659,0.18306056,-0.014647854,-0.685612,0.1645405,0.71395457,23.72578,0.599457,-9.774123,-1.5017252,-9.140691,-1.4694302,-36.795124,-0.5633225,-1.4635284,9.572866,0.08849967,0.0076195407,0.014703595,1.5414258,1.1673152,0.435,0.3434506,0.34285712,0.40113103,-35.265347,02
44.7644,0.0363514,43.899426,44.207428,44.798016,0.8985901,71.40409,142.67169,16.715675,14.805554,0.34368628,0.9769406,0.01113758,0.23910986,0.726632,0.7154944,4.84041,4.0568857,2.5970025,1.4866302,0.09119624,1.2469876,10.293871,1.5878823,-5.2899547,-2.7697287,-2.2600718,-4.941125,-18.902164,-1.1725048,0.007658867,1.8231136,0.46943238,1.1755415,15.021358,0.2804909,14.444748,0.44126356,16.701382,0.5859412,772.25024,0.26730317,1267.8105,0.25578707,-118.03654,-0.7794835,1754.8896,0.14774781,890.9126,0.39500585,-111.55461,-0.77880996,2902.0957,0.11268941,602.51904,0.6742447,-112.711365,-0.75818574,-13.673462,-0.5399577,21.702087,0.42624873,0.17007652,0.18448904,-0.012514321,-0.77769154,0.17010544,0.6623711,21.438637,0.6284211,-11.800936,-1.273762,-4.458069,-3.1008308,-34.753517,-0.5763469,-0.51305836,7.7119575,0.10442681,0.006341679,0.012813,2.1484375,1.183432,0.41833332,0.30185074,0.4033333,0.40198123,-35.421406,02
44.922443,0.039783474,43.968235,44.237625,47.45083,3.4825935,11.154691,3.6587503,36.255894,53.446434,0.36403918,1.0010792,0.013084147,0.2061274,0.75904197,0.7459578,5.714761,5.3707786,4.532763,2.7823963,0.10842799,1.2381608,12.170911,1.3025049,-8.516328,-1.8914421,-0.66597176,-18.817606,-16.075544,-1.3545517,0.011413582,1.8851011,0.741895,1.1217697,13.856054,0.40873808,14.803042,0.50812274,16.66669,0.68014026,784.7732,0.30921096,1221.0728,0.2897705,-116.548615,-0.8046677,1754.6821,0.13735402,936.75464,0.47735456,-109.84436,-0.8017166,2804.8872,0.11746418,699.1347,0.5014077,-111.585106,-0.77143514,-12.142283,-0.6632318,21.00589,0.4543804,0.15305586,0.21641015,-0.009389061,-1.1995758,0.20107053,0.66252595,23.202953,0.58156997,-16.850166,-1.0058112,-4.5977783,-3.3948553,-31.01231,-0.6615999,-0.9645165,10.169883,0.07582814,0.008589487,0.018934894,2.469136,1.0395011,0.484,0.30825964,0.38333333,0.44093338,-35.00963,03
44.57624,0.061667424,43.807533,44.172745,46.30236,2.4948273,106.56061,95.29202,15.479799,10.482888,0.3088125,1.0696028,0.012875132,0.16203807,0.67335045,0.6604753,6.167834,4.3602395,3.6676838,1.6898328,0.09667261,1.2371119,10.188579,1.5356022,-6.631446,-2.238326,0.55271643,21.94702,-16.700626,-1.37361,0.015259494,2.9973507,0.70065,1.0132704,13.759949,0.39269722,14.141742,0.56203693,15.668118,0.6746532,714.6425,0.31818348,1306.6047,0.24962571,-129.40775,-0.70019275,1721.6871,0.15773027,965.5331,0.49365595,-115.0247,-0.76481056,2778.788,0.13675697,746.59753,0.6960989,-115.91533,-0.7482526,-11.469087,-0.73941004,19.529406,0.48213816,0.1593589,0.21190791,-0.009983892,-1.0992761,0.190461,0.5860636,20.388542,0.6469299,-14.3479805,-1.1473645,-2.3272977,-6.737096,-34.981205,-0.5696728,-0.0772327,7.969804,0.09169334,0.008948781,0.015148942,2.7718549,1.2931035,0.36166668,0.20651203,0.33428568,0.43229803,-36.989887,03
44.916126,0.037471846,43.89748,44.219456,45.321404,1.4239235,29.998804,43.051846,8.926484,5.2621403,0.35257974,1.050875,0.00999679,0.23238882,0.69673264,0.68673587,4.2860913,2.2423186,3.985008,2.16329,0.1061644,1.3187915,10.521727,1.5218538,-5.2351923,-2.8899891,-2.1672552,-4.45601,-16.752228,-1.3620954,0.008245578,1.647079,0.6390152,1.2975574,14.2666855,0.34947604,14.730349,0.4472356,15.788788,0.6149808,699.84973,0.34471652,1261.227,0.23818679,-128.67867,-0.694951,1691.8948,0.18111296,926.31616,0.39389256,-113.67278,-0.76266974,2689.6423,0.15981501,787.24524,0.6355433,-114.36406,-0.7516571,-12.79871,-0.60355055,20.452002,0.45572683,0.1656153,0.20406073,-0.012476583,-0.97606677,0.20671201,0.68995285,21.321684,0.6872753,-11.998543,-1.387991,-6.1726713,-1.7830092,-33.419964,-0.6463573,-0.7333941,8.269326,0.104093805,0.0075767585,0.013088243,1.483051,1.2847966,0.375,0.2590206,0.32714286,0.394958,-35.12379,03
44.58228,0.048476506,43.82722,44.057682,44.837452,1.010231,276.93277,268.3398,23.156029,16.089968,0.3494732,1.0908751,0.009281948,0.2107845,0.7341745,0.72489256,7.0420094,5.0677576,4.27858,1.754949,0.10772509,1.3070493,9.724739,1.5850693,-5.0363655,-2.895023,-1.6920134,-6.5658803,-17.940079,-1.2550905,0.01194116,2.4527617,0.70382243,1.3341838,14.181948,0.3454108,15.273597,0.40135512,16.085184,0.6356386,725.4058,0.3171724,1264.4199,0.21913731,-129.06409,-0.69280916,1734.1383,0.14568445,973.5186,0.4828549,-115.83576,-0.7534891,2784.6726,0.14026006,670.0342,0.7273165,-117.15509,-0.73276275,-12.487492,-0.62492585,20.480976,0.49035928,0.16942511,0.18884933,-0.012300871,-0.9804524,0.21631174,0.6404288,20.455538,0.7017568,-12.230755,-1.2933319,-5.2022405,-2.6615973,-35.933144,-0.5454443,-1.0057346,7.4780555,0.104412034,0.007124969,0.013013482,1.7429196,1.3215859,0.35166666,0.23575528,0.32857144,0.40413678,-35.053288,03
45.154644,0.04978214,43.798473,44.333942,47.8154,4.016926,51.728466,41.846184,105.46375,131.73672,0.43588847,1.0810645,0.012798737,0.18133268,1.0041037,0.99130493,6.9586334,3.484001,5.316826,2.9696276,0.16479403,1.1949984,8.286524,1.7669147,-9.4629965,-1.7898788,0.3995852,31.670084,-17.499119,-1.2817805,0.018673742,2.1068373,0.76964986,0.9480888,11.927332,0.5082614,12.017525,0.6332743,13.85355,0.7407924,704.6931,0.37144268,1285.3497,0.32160246,-137.11452,-0.64536345,1684.2064,0.18032025,1043.1904,0.41645855,-114.958786,-0.78123116,2705.1404,0.1347967,849.72705,0.561017,-115.93906,-0.7600333,-8.446729,-0.99612874,16.14306,0.5795117,0.1553676,0.2441009,-0.0085072825,-1.5265505,0.33376315,0.50584996,17.415241,0.77931046,-18.186226,-0.9838721,-5.071049,-2.9711556,-35.53992,-0.56210124,0.962896,6.374391,0.08707917,0.0042871186,0.020445647,1.9736842,1.5521065,0.29,0.17212951,0.29125,0.4164264,-33.41632,03
44.47812,0.084491305,43.955666,44.369255,46.97565,3.0199852,96.95118,83.07746,17.936495,12.420455,0.43787602,1.0542628,0.011074933,0.23022363,0.9788734,0.9677984,7.0160956,7.573587,4.797964,2.6544793,0.15621383,1.2614082,9.698163,1.4598266,-9.123446,-1.8686037,0.79036456,14.737061,-19.676804,-1.2113788,0.021600077,3.3585005,0.7094216,1.0132855,13.07662,0.40518343,12.645451,0.5972375,15.805471,0.58368796,708.8921,0.42199633,1280.3961,0.24809064,-138.02803,-0.627706,1682.9418,0.17482924,992.8795,0.40359485,-109.09216,-0.8258537,2743.4998,0.13166252,838.13403,0.5333191,-111.36023,-0.7886851,-10.282312,-0.6580478,18.694046,0.42069638,0.15636429,0.18661015,-0.009028481,-1.3429098,0.30145854,0.6320958,19.426369,0.5892261,-17.787777,-0.967188,-2.3328364,-6.3390355,-36.338554,-0.6238119,0.33713058,7.44473,0.0931554,0.0069519305,0.016575767,2.282158,1.2578616,0.385,0.23443192,0.3866667,0.45777234,-33.3563,03
44.930725,0.037414014,43.89214,44.233814,46.52916,2.63702,17.672623,8.038981,13.302168,5.401736,0.4015929,1.1329058,0.010869334,0.15708753,0.904218,0.8933487,6.416924,3.9472368,4.961207,2.9550457,0.14680941,1.3358717,9.240452,1.5993532,-5.277985,-3.1172612,-1.0984812,-10.894894,-17.301836,-1.3384078,0.00870977,1.6069465,0.6620743,1.0452633,13.18558,0.39441508,12.8384905,0.4543467,15.046056,0.60042095,722.5683,0.32157525,1261.0419,0.25398785,-136.77982,-0.6352417,1728.298,0.16786703,905.5141,0.428611,-118.53758,-0.73898065,2764.959,0.12569818,876.5404,0.69966245,-119.41666,-0.7247737,-10.176907,-0.66965187,18.334929,0.4514875,0.16008961,0.21219209,-0.009293105,-1.2281888,0.3094627,0.6139694,18.736063,0.7418821,-15.364786,-1.150166,-5.864346,-2.4554,-36.21165,-0.5801334,-2.1093466,9.807346,0.08917546,0.0066177505,0.014259602,1.8348624,1.62413,0.27142856,0.15421955,0.32142857,0.39244393,-33.84122,03
44.368816,0.073510244,43.788593,44.194298,45.404083,1.61549,203.5971,271.8881,21.67573,20.088335,0.46930236,1.0838609,0.01354709,0.25347632,0.98335963,0.9698126,6.7509236,3.995515,6.884112,4.560438,0.18422252,1.285447,8.042413,1.9659212,-6.8433685,-2.485243,0.4186956,28.583319,-17.01162,-1.3617176,0.01303706,2.9800715,0.68953276,1.0984018,12.800435,0.39826566,11.904809,0.61755526,14.095638,0.68096447,747.7477,0.33937678,1245.6646,0.27962738,-134.02766,-0.65963036,1726.7003,0.16066983,1016.3329,0.66214955,-117.43835,-0.75263435,2753.9626,0.14165343,744.9716,0.5954232,-118.35546,-0.7377855,-9.533138,-0.7820474,17.192644,0.5333093,0.15813854,0.202025,-0.010482174,-1.0902562,0.37639257,0.6007857,19.026772,0.7496476,-17.053272,-1.0084559,-3.1267996,-4.7098956,-35.435062,-0.61119676,0.11513455,7.534259,0.09330472,0.0072334707,0.026643828,2.145923,1.5184381,0.29285714,0.20823848,0.34285712,0.3980924,-32.27092,03
44.33195,0.03346546,43.414753,43.92253,46.43492,3.0201683,12.507303,5.468162,9.952897,7.040943,0.28632787,1.0236523,0.008837147,0.20458488,0.5694533,0.56061614,3.7924435,3.2907386,3.6723163,2.1748862,0.083659895,1.1383823,11.191848,1.3675289,-5.969377,-2.101214,-0.9556216,-11.923346,-16.472801,-1.2307398,0.0110197,1.3603293,0.73607093,1.244175,13.8230505,0.4010125,14.03064,0.5747687,16.750267,0.58808494,731.33813,0.3210249,1300.7816,0.25475824,-120.18674,-0.7634076,1701.2545,0.13777094,897.48865,0.3765113,-110.323944,-0.79078305,2819.8967,0.112336285,656.7738,0.588714,-112.60956,-0.75378746,-13.080236,-0.64481574,21.84919,0.43739375,0.1651306,0.18739656,-0.010511898,-1.1178623,0.15573661,0.5369829,22.070032,0.5636513,-11.001329,-1.2406261,-4.1011033,-3.4904177,-29.677149,-0.6452478,0.93815416,6.729279,0.11584693,0.008667029,0.012657064,1.8404908,1.0330579,0.482,0.31441376,0.3866667,0.45900857,-37.304012,04
44.368183,0.033648536,43.437103,43.914955,46.375084,2.9379807,25.786919,30.277695,13.32298,7.815001,0.2572891,1.0751226,0.007994748,0.14055958,0.55231977,0.544325,4.0159388,2.5603006,3.0662673,1.8091213,0.07039879,1.2716156,12.091439,1.3341291,-4.500872,-2.9273696,-3.6032481,-3.0309136,-16.446238,-1.3282547,0.010500225,1.7973057,0.7475199,1.2699805,15.043242,0.23097125,15.813825,0.4263561,20.040556,0.4950745,778.831,0.24356124,1299.5392,0.22573088,-123.50082,-0.7463016,1708.3699,0.1415249,949.9004,0.44370306,-119.25947,-0.72643507,2846.1277,0.09593269,605.7692,0.5593788,-121.42167,-0.6933841,-13.963962,-0.5665633,22.851614,0.4138222,0.16182294,0.20932226,-0.011670371,-0.89006495,0.14063299,0.6257183,24.56139,0.5242271,-11.904062,-1.2219337,-7.364574,-1.9536304,-34.25287,-0.55061454,-1.4455975,8.265143,0.10830377,0.0089199245,0.014884825,1.6032065,1.2145749,0.37,0.2351595,0.37,0.4343797,-37.82256,04
44.307316,0.032247458,43.389946,43.843693,46.000916,2.6109695,35.79588,18.970106,18.797817,24.789341,0.29598516,0.91695166,0.011063628,0.27927527,0.5792214,0.5681578,2.877742,1.921,3.1313775,2.000041,0.07019108,1.1923165,15.773308,1.0415938,-0.29431814,-48.768867,-2.0340328,-6.024413,-16.643501,-1.3593622,0.00893042,2.7687864,0.54783434,1.338252,15.399246,0.25087363,17.399557,0.4492146,20.589779,0.49997464,763.12744,0.21616799,1198.378,0.2318084,-107.92487,-0.8662311,1754.2389,0.12488741,764.8607,0.44201797,-106.171585,-0.81239796,2937.379,0.07883087,521.9955,0.57145166,-109.496185,-0.7597698,-16.818226,-0.44883886,25.879076,0.3995887,0.16590497,0.20055033,-0.013107248,-0.69630975,0.12375532,0.6580096,24.131124,0.52792686,-7.4010634,-1.5156835,-6.8747973,-1.7288055,-33.47811,-0.52104676,-5.2520766,12.996034,0.07109456,0.0008902254,0.009377728,1.4112903,0.814664,0.65,0.4292435,0.444,0.42349026,-36.56046,04
44.370342,0.029144397,43.542133,43.855053,46.234867,2.6927338,15.322015,16.141714,8.24523,4.0573187,0.30738398,0.92344964,0.010319588,0.27832082,0.57536066,0.56504107,2.2415316,1.4964318,3.1681054,1.7211964,0.07406911,1.1670452,11.440695,1.4923728,-3.8127356,-3.403047,-2.8902059,-3.7566812,-16.080254,-1.282413,0.0055439603,1.5067805,0.5125597,1.3233534,15.53135,0.24728774,17.079144,0.44954714,19.333849,0.49759024,795.6521,0.23378743,1272.1588,0.2814528,-113.30613,-0.8090254,1742.4435,0.11905321,873.4815,0.59136534,-109.18141,-0.79214686,2905.787,0.08140665,646.63226,0.6446135,-112.50117,-0.7403654,-16.164503,-0.38341823,25.050114,0.35294843,0.1702947,0.21774602,-0.013482216,-0.6674006,0.13462296,0.5969583,23.957487,0.49006376,-8.462915,-1.5022004,-5.593101,-2.2610645,-31.220217,-0.5585705,1.963856,6.217811,0.09723009,0.005841575,0.010716412,1.6359918,1.0330579,0.49599996,0.23736893,0.44799998,0.41657653,-36.01945,04
44.45138,0.03668701,43.252884,43.932346,46.50792,3.2550354,20.846115,16.628815,16.018509,18.70243,0.2818922,0.92250776,0.029734414,0.1869585,0.5336449,0.5039105,3.7437801,1.9951411,3.3961976,2.119383,0.08542407,1.1128843,11.766376,1.3923897,-6.1477275,-1.9621494,-2.2702103,-6.0288835,-18.314844,-1.1583068,0.009972715,1.638671,0.66396606,0.98607486,14.438255,0.2927457,10.827043,0.54787374,17.500391,0.5861896,780.99756,0.22675535,1296.2051,0.23075257,-116.77776,-0.78626496,1727.4404,0.1302802,864.4194,0.418459,-112.66335,-0.7650526,2902.434,0.0793781,618.6139,0.61234415,-114.72962,-0.73184335,-14.743821,-0.62082833,24.884272,0.40671247,0.16382739,0.22454667,-0.010616209,-1.0262377,0.15716915,0.552454,24.413406,0.48522145,-9.497471,-1.4741349,-7.366281,-2.285976,-31.704006,-0.6759255,3.0677307,5.3893595,0.115087554,0.0053346357,0.017194852,3.0828516,1.1673152,0.42166668,0.3307777,0.3542857,0.4709218,-37.57322,04
44.452877,0.033133965,43.338,43.899776,46.42394,3.0859375,13.2785015,5.524283,41.800804,77.80033,0.2528016,0.9570817,0.02046553,0.17433324,0.49134505,0.47087952,3.505153,2.0385208,3.2069871,1.8612334,0.07862328,1.1699375,11.276995,1.4261942,-4.841472,-2.5789332,-1.4138983,-8.553942,-15.924194,-1.2094136,0.011228837,1.6679337,0.6763105,0.9507741,14.231818,0.3372432,14.175124,0.46756282,17.47446,0.61330646,781.489,0.28444615,1250.2056,0.27237296,-122.615746,-0.7334754,1753.5198,0.12731099,951.7213,0.62871003,-117.3286,-0.72230697,2886.0742,0.09494304,607.5091,0.5277477,-118.06563,-0.7101213,-15.955549,-0.5695413,24.424803,0.41758367,0.1636342,0.20192863,-0.012209089,-0.92928773,0.1504814,0.56064945,23.945805,0.48260203,-7.375491,-1.8568063,-5.3000216,-2.797113,-29.177921,-0.61954075,2.1301265,7.3078923,0.10529553,0.0034545206,0.01308532,2.7888446,1.2072436,0.39166668,0.25274602,0.4133333,0.4484665,-38.219604,04
44.33076,0.033179626,43.377262,43.88762,46.10605,2.7287865,32.6254,36.17131,20.37578,11.340764,0.36937636,0.9213655,0.010992633,0.3048727,0.7304057,0.71941304,4.4036183,2.8231294,3.8047905,2.4806876,0.11601446,1.0637825,12.553278,1.2304624,-7.125458,-2.0660846,-1.4747648,-8.918384,-17.409618,-1.3525335,0.0068104547,1.2121979,0.60742813,1.1217904,14.557381,0.24664406,13.840242,0.5443569,16.60303,0.5218165,762.5372,0.25888097,1338.5277,0.2029589,-108.754776,-0.8583726,1719.5441,0.13731769,850.92645,0.4091059,-102.826225,-0.848779,2869.782,0.0831153,621.8938,0.52746814,-104.78262,-0.8148139,-12.852366,-0.5189339,21.801304,0.38137907,0.16470705,0.19908276,-0.012381314,-0.8684469,0.20270139,0.5187692,23.181023,0.49021623,-12.635364,-1.1408,-4.98718,-3.2021859,-33.11535,-0.627668,1.7611954,6.1926413,0.11136017,0.008624179,0.01345308,1.768173,0.7936508,0.6875,0.08814052,0.44,0.43922657,-35.133774,04
44.345264,0.031873427,43.359856,43.811523,46.274048,2.9141922,20.767874,16.13812,18.126564,12.868877,0.32471982,0.94214433,0.01026273,0.2778014,0.64302826,0.63276553,3.5259614,2.0853224,4.787675,2.2670298,0.10679294,1.1205748,10.761352,1.4511027,-5.2415648,-2.7669613,-1.9469177,-6.4306035,-15.946422,-1.3851655,0.010449366,1.8944776,0.6433201,0.9762241,14.205576,0.31551075,12.475811,0.6304466,15.819815,0.62437844,781.7276,0.25088215,1187.3264,0.27767074,-109.56303,-0.8481974,1767.9874,0.13212374,802.91095,0.51853377,-104.79146,-0.83281165,2896.7732,0.09677721,578.13464,0.51018,-107.25019,-0.7918119,-14.24931,-0.5844662,22.808426,0.42903295,0.16544574,0.1939421,-0.011774405,-0.8546909,0.18577853,0.5521353,21.867662,0.53616667,-10.633921,-1.367852,-5.416026,-2.7898657,-31.835232,-0.57278687,1.8561822,6.1838927,0.087580375,0.007731296,0.015437064,2.074689,0.8385744,0.6375,0.41751495,0.42599997,0.4191706,-36.20633,04
44.07961,0.099791266,43.307983,44.01351,46.590942,3.282959,1016.2041,1401.1191,67.239586,64.18219,0.3475922,1.1163415,0.011465883,0.14324726,0.70649946,0.69503355,8.189195,5.483336,5.5810847,2.5889246,0.13641076,1.2871201,9.653148,1.6666528,-7.044275,-2.1404889,0.2296918,61.756783,-15.005102,-1.344296,0.027883014,1.9153445,0.9623379,0.9794918,10.801928,0.6365596,11.641385,0.91579735,13.470737,0.95352596,693.83813,0.41257128,1260.7186,0.36575338,-138.86108,-0.6262457,1715.774,0.19285387,949.232,0.37710294,-114.95168,-0.77748185,2746.4329,0.12694742,799.9705,0.55385387,-116.26962,-0.7557236,-8.836557,-1.1186788,17.384363,0.6400792,0.1499595,0.24279757,-0.009317233,-1.3593229,0.28210083,0.576384,18.163324,0.9496259,-13.988441,-1.208595,-3.358432,-5.488262,-30.152529,-0.66692686,-0.18442607,8.927637,0.09746645,0.0075196126,0.012285233,2.5056949,1.3824886,0.32999998,0.12301762,0.31857142,0.41308692,-35.596733,05
44.360134,0.036558863,43.467415,43.955044,45.899895,2.4324799,20.652885,10.223117,15.961014,7.728002,0.35329753,1.2200407,0.0120695755,0.09853824,0.753533,0.7414634,10.905619,7.671307,5.8142304,2.2885177,0.15715142,1.553933,10.537925,1.4226828,-5.1643047,-2.8966093,0.20191157,68.0085,-11.918952,-1.67741,0.014730081,1.4818381,0.9207395,0.9293864,12.263605,0.36803028,10.997518,0.628611,15.525559,0.65390736,708.9307,0.4261618,1297.1575,0.23118967,-152.99141,-0.51346004,1686.0007,0.1875931,1039.3488,0.53378737,-127.04818,-0.6830823,2742.6926,0.13744451,913.3582,0.7528607,-128.66252,-0.6589659,-10.569071,-0.7451298,19.513123,0.46753067,0.15260115,0.22622204,-0.008159797,-1.3586401,0.35246736,0.7913648,21.62714,0.59076893,-14.1694765,-1.2861873,-5.2119513,-3.544748,-28.808546,-0.69650584,-1.442758,9.598159,0.088088706,0.007817798,0.02964535,2.2779045,1.3824886,0.28666666,0.13634107,0.3557143,0.41585907,-34.444427,05
43.497696,0.08822322,43.037632,43.873623,45.975876,2.9382439,639.56665,1003.1982,32.301476,20.71112,0.34854484,1.0475907,0.012668013,0.19069362,0.73976254,0.72709453,5.2715564,2.8654883,5.3545475,3.3848016,0.13525812,1.194832,9.972112,1.5511329,-4.330979,-3.7492354,-1.2323557,-10.970335,-13.916885,-1.5080913,0.016221581,2.6794717,0.8399646,0.9509666,12.011438,0.36033112,12.057287,0.56753254,14.929072,0.60223466,780.8818,0.33713928,1320.8167,0.24900658,-132.56888,-0.65988153,1740.298,0.16490318,968.2936,0.446896,-115.964,-0.76282024,2809.1746,0.11886634,764.91156,0.682863,-117.62754,-0.7357231,-11.536337,-0.71435386,20.36222,0.45521533,0.15516748,0.24299063,-0.008848318,-1.2165226,0.2747219,0.499023,20.716116,0.59689844,-12.53509,-1.4329717,-6.0566397,-2.6924062,-29.777895,-0.68242157,-0.31106254,8.220004,0.10043142,0.0072008315,0.018000582,2.7334852,1.3824886,0.32999998,0.18529256,0.37,0.42438188,-36.42839,05
43.914387,0.042385872,43.299892,43.83784,44.49692,1.1970291,57.607906,48.329765,16.465927,8.678095,0.34577948,1.0867137,0.012169985,0.15157439,0.7377683,0.72559834,8.132771,4.8818784,3.5627656,2.1469624,0.1149016,1.3713177,10.567119,1.556279,-2.7336967,-6.151556,-3.2328396,-4.440378,-13.055093,-1.4678172,0.012061624,1.6826848,0.6898998,1.0171156,12.739347,0.42245537,12.357545,0.5097093,16.013668,0.6553748,748.9061,0.3883367,1262.6062,0.28268024,-140.92064,-0.59781706,1702.1267,0.17209516,983.1605,0.42204148,-118.69402,-0.73925,2757.4895,0.13267867,904.7256,0.61761415,-120.238266,-0.71499985,-11.1216135,-0.6779701,20.700005,0.4699902,0.14915568,0.26167592,-0.0104025435,-1.0849289,0.23686646,0.68364406,21.29466,0.71945935,-11.464741,-1.6306053,-9.308891,-1.9008116,-26.796822,-0.75251764,-3.0089295,11.437135,0.091225244,0.0060012937,0.016897663,2.2779045,1.3824886,0.32166666,0.17430016,0.3257143,0.40326723,-35.59247,05
43.483368,0.089853,42.630962,43.96934,45.824467,3.1935043,81.09073,80.615906,79.21073,101.229385,0.5371277,1.2207966,0.017300427,0.21300305,1.0924934,1.0751929,13.7765255,11.065348,9.984798,4.5427346,0.2825019,1.4886096,10.313403,1.3022907,-8.880769,-1.9460684,4.4066377,2.9959316,-13.841278,-1.7614777,0.02520309,2.2506006,1.0149556,0.93798524,10.111217,0.5099616,8.421258,0.88120955,12.159753,0.8493781,697.7109,0.46515042,1155.6188,0.3236452,-146.14777,-0.56798357,1684.3766,0.20878057,871.05304,0.41383198,-111.73107,-0.82008743,2768.8557,0.116832666,828.0265,0.6078361,-113.7767,-0.78559923,-6.997774,-1.1348269,16.4588,0.4714505,0.13216123,0.33877227,-0.0071712066,-2.004897,0.5690011,0.8126803,18.087734,0.7193894,-18.76459,-1.0233812,1.8786268,9.491493,-31.636278,-0.7530658,-1.2401307,9.44313,0.075445086,0.0076148934,0.035021305,2.2779045,1.3824886,0.33499998,0.15283433,0.36499998,0.45846662,-30.499178,05
43.90853,0.083814286,43.068733,43.96547,46.58247,3.5137367,75.8077,56.099186,72.971,87.55628,0.63317424,1.1957777,0.013276956,0.26848635,1.4053189,1.3920419,14.3809395,10.398209,9.075522,4.0867233,0.33530024,1.339613,8.95573,1.4736831,-8.754674,-2.1505346,3.320803,4.0953965,-16.703747,-1.492784,0.027643375,1.6960646,1.1021742,0.89246434,9.120271,0.6907663,9.704702,0.88583016,11.128633,1.1054108,707.02026,0.49853402,1102.7549,0.38357204,-143.53908,-0.57363474,1720.7905,0.21755949,938.67236,0.4432967,-105.78288,-0.8629735,2735.3923,0.12007995,926.70905,0.54364836,-106.9538,-0.8407966,-7.0899014,-1.2221711,15.40643,0.56766015,0.12538,0.4391835,-0.010257413,-1.3010013,0.64413434,0.7021821,15.428378,0.8849887,-17.267986,-1.2530167,2.529641,6.9220495,-33.43506,-0.73707867,-1.0932256,9.576835,0.061813924,0.0054518315,0.022008374,2.6548672,1.3422819,0.37166667,0.22593631,0.35,0.44929573,-28.830343,05
43.980602,0.05538653,43.259724,44.001087,45.091736,1.8320122,60.579494,66.57737,26.283365,35.246704,0.6592604,1.1667697,0.0125477975,0.300024,1.444152,1.4316041,13.788287,9.344235,10.35721,5.8247075,0.35115585,1.377585,7.1670146,1.8831573,-7.3989415,-2.5539117,3.0230868,4.0817404,-17.40421,-1.4364034,0.017678367,1.9217622,0.8603649,0.9283928,10.013274,0.5862,11.753348,0.66420835,11.991529,0.8334859,723.1814,0.49190134,1117.8365,0.35953322,-142.73415,-0.5861681,1716.0591,0.204116,845.9099,0.455394,-111.850426,-0.80919456,2788.2554,0.11498947,860.59283,0.553879,-113.18546,-0.78623503,-6.745643,-1.19162,14.285062,0.58227146,0.1470048,0.27656722,-0.007814574,-1.7136592,0.70596486,0.69812036,14.310929,0.96005034,-18.151361,-1.0977103,1.5218418,9.987894,-35.40132,-0.69103247,-1.557949,10.012365,0.08782764,0.0076112626,0.032083128,2.4886878,1.3729978,0.34166667,0.19852932,0.31285715,0.39299998,-28.706858,05
42.631622,0.13941874,42.69626,43.76398,44.92283,2.2265701,340.29175,252.30905,50.89541,42.00945,0.58791685,1.2293652,0.013672287,0.20294869,1.3140364,1.3003641,15.822059,13.144366,10.819845,4.81549,0.32565194,1.4780482,7.765506,1.8119185,-4.5960593,-3.9717152,3.256156,3.579717,-17.466644,-1.4942544,0.042444423,2.6310425,0.9037668,0.6988848,9.65207,0.560744,9.803431,1.1508825,11.749201,0.9621987,736.2634,0.47639033,1140.4407,0.33587,-142.74875,-0.5876933,1726.64,0.21064411,872.9817,0.4548725,-115.5123,-0.78531426,2798.881,0.115243904,842.0784,0.6017676,-116.43472,-0.76928675,-7.982119,-0.9744557,15.72307,0.50209355,0.14178807,0.23937796,-0.00930592,-1.4563946,0.69095844,0.7407314,15.539649,0.84635013,-15.265613,-1.3126528,1.3245394,11.075387,-37.73804,-0.6732349,-2.1670644,10.442779,0.08037525,0.006269006,0.0245079,2.5641026,1.4150944,0.315,0.16780445,0.3683333,0.3970061,-29.117092,05
44.61128,0.030842578,43.60458,44.2072,46.397476,2.7928963,18.409729,4.442492,13.749698,9.714869,0.26342362,1.0570313,0.011511021,0.15490507,0.5457821,0.53427106,5.977133,3.982075,3.4663186,1.7659458,0.093330406,1.2055942,11.549426,1.3273023,-4.3220916,-2.8435621,-1.7924082,-6.8474565,-14.181409,-1.3397446,0.011869799,1.4082296,0.70237124,1.0351549,13.88935,0.3305884,14.98315,0.57934636,17.219557,0.6589338,725.4208,0.2960117,1295.9163,0.23524185,-132.93675,-0.6662829,1716.9257,0.13535303,943.2795,0.45403713,-121.77736,-0.70080775,2795.5154,0.11231312,709.63824,0.6775962,-123.54886,-0.67398924,-13.923435,-0.6897828,23.164606,0.45892695,0.15119849,0.22428901,-0.009739908,-1.2036362,0.18783383,0.5322975,22.89234,0.5961639,-7.4508314,-1.9131292,-4.3646045,-3.7702138,-28.283646,-0.6617012,0.1283177,8.951789,0.10001637,0.0075805746,0.019632753,2.3454158,1.2931035,0.34,0.21102922,0.41,0.4672972,-36.768543,06
44.238255,0.05850041,43.547752,44.04268,46.28953,2.7417793,104.63108,88.76196,11.972266,8.188669,0.29096854,1.0152663,0.017104028,0.17922002,0.5549573,0.53785324,5.653027,4.9795723,3.8819757,2.086956,0.10935775,1.2247981,11.281916,1.3994025,-3.502384,-3.3144362,0.38813618,32.15923,-15.244006,-1.2732598,0.03304696,3.5981045,0.81857586,1.0485884,13.521782,0.38517594,12.3625965,0.65454483,17.197927,0.69291013,790.3155,0.32702354,1349.9329,0.33121416,-128.25757,-0.68734014,1755.5566,0.16325931,1087.3026,0.51178575,-118.892,-0.712787,2845.8247,0.10622144,752.6256,0.6399281,-120.36793,-0.69194317,-15.514805,-0.5917559,25.315117,0.41782492,0.15718001,0.19757384,-0.00856398,-1.2619917,0.21465033,0.59908307,23.180098,0.5745016,-5.481694,-2.5072072,-4.067875,-3.82896,-28.637213,-0.67720026,1.636938,7.5787196,0.09766953,0.0067860894,0.019980805,2.3454158,1.0775863,0.432,0.28166646,0.39499998,0.46970737,-35.91126,06
44.414143,0.040268693,43.283695,44.054543,46.088844,2.805149,108.39938,97.44587,17.595457,18.547709,0.23744723,0.9239207,0.016697926,0.19755381,0.45103872,0.4343408,3.8796713,2.0666325,3.2332397,2.1068273,0.08603602,1.1868556,9.783654,1.547138,-0.76370186,-16.619377,1.0540743,9.906227,-13.1284275,-1.5109599,0.009245445,0.9829355,0.74659675,0.97001284,13.763603,0.34767976,12.511572,0.509037,15.917088,0.65458226,810.8363,0.26393393,1217.256,0.21483238,-127.29688,-0.6843101,1801.0548,0.12864397,736.73254,0.40543634,-122.19218,-0.6829818,3007.8616,0.07961161,516.60175,0.6846499,-123.55867,-0.66311634,-16.311663,-0.49905372,25.480309,0.3884461,0.15532725,0.2376929,-0.011569896,-0.8468272,0.17505915,0.5078773,20.998203,0.6260905,-3.5995078,-3.4196496,-1.6123918,-7.65329,-30.417473,-0.5378335,0.65664816,7.7352095,0.070389785,0.002130272,0.012507875,2.9816513,1.1600928,0.384,0.29048926,0.454,0.42476344,-38.049156,06
44.397663,0.041217275,43.275932,43.90937,46.646374,3.3704414,52.16001,50.23638,15.057595,17.27513,0.26117924,0.9624099,0.015385715,0.20308551,0.50583816,0.49045244,4.249345,2.4518318,3.8069568,2.0425854,0.09398533,1.2084385,10.722469,1.4872601,-3.3921156,-3.858518,0.109398834,98.51417,-11.321221,-1.5014284,0.009831773,1.11049,0.72665894,1.0533638,13.688996,0.35277978,13.006444,0.5871017,16.46697,0.74163073,745.3761,0.34780556,1246.6686,0.26704663,-129.69077,-0.67002016,1725.2109,0.16025726,844.46765,0.3959047,-117.063194,-0.72914803,2840.9512,0.12531012,644.2402,0.41795054,-119.4397,-0.6941686,-15.01988,-0.5857386,24.045069,0.48554897,0.15557526,0.22185265,-0.0102804005,-1.045617,0.18751074,0.5415151,21.688929,0.6534991,-7.4602547,-1.8547096,-4.1480193,-3.0363905,-24.269882,-0.63153636,0.5314426,8.761659,0.07216442,0.0033635034,0.010047471,3.3185842,1.1185683,0.422,0.17948815,0.375,0.4160028,-37.48427,06
44.720608,0.0549733,43.4095,44.174355,46.447777,3.0382767,79.98806,108.159,82.64684,128.73857,0.4970037,1.0756106,0.039541278,0.29715708,0.9592936,0.9197523,9.638797,5.222897,7.1330433,3.7721968,0.24665213,1.3403909,7.388878,2.0974028,-9.129638,-1.5047027,-0.56568646,-24.331863,-16.715464,-1.1610211,0.016021162,1.3161604,0.8821986,0.84043556,11.184773,0.45960483,11.539291,0.5174138,13.627159,0.8347095,749.12036,0.36549708,1348.3529,0.28440085,-133.48317,-0.655647,1681.3975,0.16451806,955.7595,0.45060444,-113.29879,-0.78088474,2815.584,0.10873066,734.08264,0.54146564,-114.33317,-0.76165134,-9.296005,-1.0556788,18.549156,0.5521061,0.14929044,0.2190809,-0.006581527,-1.7675272,0.48619494,0.69655955,18.46652,0.74997324,-14.243259,-1.1853857,-5.9139338,-2.9569035,-29.64805,-0.6496778,4.4394884,4.7047944,0.08671438,0.0010937856,0.025970966,1.9313306,1.3015184,0.3633333,0.29397658,0.32857144,0.4602927,-31.578054,06
43.934525,0.06858233,43.357773,44.016994,45.151253,1.7934799,153.9998,176.5181,49.25482,49.016407,0.5029729,1.0323601,0.026912235,0.27359232,1.0021327,0.97522044,10.927391,9.796777,7.762243,3.8943758,0.22511376,1.2867018,9.084052,1.6594769,-9.26482,-1.4521666,0.7969133,16.925732,-15.688368,-1.2918037,0.01732986,2.1724274,0.82718223,1.0514877,12.053512,0.4453196,9.966202,0.6255214,12.154164,0.8095529,685.13464,0.40929958,1318.2872,0.31080857,-143.72984,-0.57757276,1661.7334,0.18821065,969.2482,0.38597074,-115.1684,-0.76834226,2723.032,0.12170734,837.68414,0.548983,-116.67281,-0.7435768,-10.228382,-0.7992946,18.85029,0.4594835,0.14943387,0.26454234,-0.007526063,-1.3350092,0.4437866,0.6587484,19.86225,0.6634455,-14.031041,-1.148533,-2.915474,-6.103821,-30.089994,-0.64580137,3.2130306,6.5134363,0.083962865,0.006016946,0.03832911,2.1786494,1.3215859,0.35,0.18293898,0.38333333,0.46060348,-31.434666,06
43.71693,0.11509514,43.561317,44.067776,46.0311,2.4697838,102.57623,113.77455,24.63527,15.297119,0.5566536,0.9971091,0.04972164,0.30315536,1.1123656,1.062644,10.36932,8.505532,7.2483,3.3627279,0.24260163,1.19492,9.939075,1.5465708,-8.447568,-1.8520975,1.0061404,13.467998,-16.13852,-1.428163,0.011931972,1.6721659,0.63548493,0.9516659,12.187073,0.4794294,10.584571,0.54098,12.035955,0.85728014,738.5149,0.4002877,1272.7559,0.25301197,-126.54917,-0.6982848,1678.9489,0.16943374,959.78467,0.39986306,-107.08549,-0.821266,2764.979,0.11247409,715.9465,0.48802522,-107.96524,-0.8024195,-10.753667,-0.67159957,19.169687,0.46560216,0.15280753,0.3406036,-0.009068163,-1.1472034,0.44078323,0.6285388,19.486494,0.6328574,-15.324094,-1.0054904,-2.684246,-5.760312,-31.1657,-0.71620655,0.49516726,9.078405,0.0823221,0.0020162642,0.031753466,2.1929824,1.5521065,0.32714286,0.38410243,0.2942857,0.34520617,-30.54703,06
43.96222,0.08549144,43.301888,44.023502,46.37728,3.0753937,113.342865,136.08269,59.349365,62.46841,0.5665317,1.0087337,0.016258033,0.33376378,1.2028651,1.1866071,9.326366,6.979605,6.709848,2.5896702,0.24178503,1.21608,8.653402,1.6838323,-8.928313,-1.7412674,0.74365824,16.872116,-18.054089,-1.2328354,0.01869616,2.2335656,0.64081055,0.90882766,12.510021,0.3770322,11.169695,0.7859703,12.153176,0.809748,710.8878,0.41092107,1246.208,0.32062164,-132.20229,-0.66939855,1689.5403,0.18083712,934.85187,0.49684554,-108.55103,-0.8221034,2742.189,0.11313579,858.86597,0.7273089,-109.341805,-0.8074121,-9.976193,-0.6158846,18.141956,0.4062312,0.1621532,0.21073502,-0.010774982,-1.0140103,0.4605835,0.5851113,18.357231,0.6823787,-16.864008,-0.91902906,-2.1638148,-6.8912745,-35.24082,-0.538615,1.8203955,7.6572566,0.10170096,0.0069029173,0.024776341,1.9911505,1.1185683,0.44599998,0.18746732,0.424,0.44043612,-30.36262,06
32.24066,0.033849802,31.37176,32.040527,33.026825,1.6550655,19.002123,14.432348,8.739227,4.4784484,0.42141238,1.0426314,0.015923098,0.28202134,0.9058205,0.8898974,5.032828,2.318846,4.278688,2.3202577,0.115324296,1.1384593,22.564625,0.73018444,3.8574433,2.82527,9.374159,1.4421946,3.2799299,4.909259,0.00873087,1.4469459,0.7419639,1.132577,10.227555,0.2460629,0.35587367,22.737957,23.163141,0.28131434,585.0997,0.46186683,1364.6824,0.24490175,-96.53638,-0.9913377,1529.754,0.18939465,1031.345,0.37315947,-95.819626,-0.95506203,2701.8066,0.1173985,833.9508,0.37210518,-102.57783,-0.83254683,-13.26871,-0.45400408,27.027094,0.2505421,0.08321296,0.4795283,-0.015175456,-0.86087453,0.2020103,0.5787511,34.98818,0.28232506,3.155089,3.8755481,7.5284204,2.2846615,-5.1282473,-3.1982455,-11.043142,22.528929,-0.031017235,0.017717509,0.0052944613,1.3944223,0.20283976,2.8,0.0,1.05,0.01,-33.6379,01
32.242115,0.03364295,31.487791,32.109875,33.221397,1.7336063,17.156742,9.927996,13.613826,12.18923,0.4237151,1.0443405,0.01200936,0.2629,0.8628041,0.85079473,5.3384438,3.3597493,3.9705746,1.8201385,0.120130315,1.2593397,23.56357,0.66885346,4.8072658,2.3110228,10.169331,1.230508,3.8442352,4.3329,0.009334804,1.5791886,0.6489637,1.0037555,9.949754,0.28677788,0.34247404,20.582958,23.359858,0.281548,570.3519,0.45798582,1363.5563,0.21687381,-96.89011,-0.9930793,1523.0038,0.18901186,1020.7412,0.35847598,-95.7348,-0.9648934,2697.563,0.1169487,871.01764,0.28219053,-102.32637,-0.8445378,-12.754761,-0.4719409,25.745249,0.28098965,0.08903959,0.36096802,-0.016538516,-0.7641492,0.21136917,0.70119375,35.10325,0.28190994,0.7527439,16.563026,8.369222,1.916503,-6.2560496,-2.4613628,-16.033518,27.931873,-0.037116673,0.014420714,0.0042222273,1.4613779,0.21097048,2.6699998,0.0,1.02,0.02,-33.655674,01
32.051846,0.043101437,31.140373,32.052544,33.225365,2.0849915,54.55,59.07071,12.854071,8.178291,0.32363132,1.0024176,0.015995318,0.2494146,0.66547096,0.64947563,3.761545,2.0618947,3.2806802,1.9089864,0.091057815,1.2473226,25.24985,0.619578,9.131497,1.3052555,9.296582,1.1083763,-0.16397859,-105.47646,0.007801392,1.2218285,0.61379075,1.0888132,10.165596,0.28050864,1.6686571,5.3745584,26.730658,0.22316507,527.284,0.4346222,1287.4683,0.2191291,-95.93459,-0.9882015,1463.3674,0.16274627,1024.5718,0.35949013,-100.098015,-0.8867743,2716.4712,0.108245246,706.8099,0.40229526,-106.26094,-0.7809756,-17.420433,-0.39244288,29.553984,0.27358505,0.08072204,0.48104584,-0.02046958,-0.728582,0.15669288,0.72611696,36.281807,0.32642108,11.203355,0.9683828,9.585987,1.3229942,-9.93943,-1.6830845,-13.242465,26.932102,-0.02609625,0.015107814,0.009854608,1.3944223,0.804829,0.685,0.7089957,0.42799997,0.5011347,-35.361946,01
31.947264,0.058458455,31.158249,31.99294,32.854935,1.6966858,38.82432,5.970797,9.1903,5.273504,0.38123658,0.9911463,0.02122502,0.28097105,0.7744963,0.7532713,4.659712,2.9490795,3.0290074,1.4450057,0.10950471,1.3049737,21.44237,0.8054563,6.6638355,2.1398873,9.083139,1.2994775,-0.8623768,-21.671524,0.011187791,3.0286682,0.755375,1.1473192,9.545873,0.39814824,2.9498663,4.059753,25.168467,0.26883334,564.7958,0.45425168,1232.7047,0.20015618,-95.25085,-1.0047252,1540.048,0.2125902,933.593,0.28109056,-98.47947,-0.9155643,2757.0425,0.11056102,815.8987,0.5587758,-104.66857,-0.80587506,-15.214951,-0.45333964,28.154533,0.2689201,0.08481695,0.44020388,-0.017856555,-0.7356764,0.19050163,0.774969,34.241615,0.35060918,9.362488,1.3847685,6.917408,2.0622752,-9.19414,-1.9925693,-8.787498,19.696249,-0.015785888,0.016791765,0.008372215,1.4403293,0.6237006,0.89,0.6648809,0.5175,0.48812777,-34.207054,01
32.69173,0.05765173,31.4422,32.09021,35.227604,3.7854042,15.439512,8.56061,11.7793045,4.307749,0.24341479,1.0870453,0.01008784,0.15508847,0.46973738,0.45964953,3.7741678,2.1123335,2.5637445,1.17709,0.06662494,1.3219156,21.802485,0.760745,12.157809,0.76671505,14.598427,0.83623177,5.970179,3.1516614,0.009655583,1.4280876,0.6104892,0.98459846,10.544923,0.2529284,2.4815695,3.0379758,26.05228,0.25800663,538.8537,0.4459921,1312.4124,0.19542941,-103.090355,-0.91689235,1510.8228,0.19847213,1003.81934,0.28750074,-104.31844,-0.8521476,2701.0603,0.11510595,832.1482,0.38363293,-110.51085,-0.7501232,-17.623714,-0.3994709,29.865028,0.22150104,0.0706325,0.54029125,-0.016042922,-0.8475578,0.11895805,0.7722783,35.06772,0.2781046,10.900311,1.0281168,12.741416,1.218689,-4.1051984,-4.8780127,-18.325474,29.013899,-0.049082726,0.01121004,0.0069076084,1.5625,0.39447734,1.365,0.685,0.7633333,0.52639234,-37.932472,02
32.70352,0.055142395,31.6956,32.127335,35.384357,3.688757,32.186417,23.92862,6.4067683,3.2286253,0.30981845,0.9750866,0.014168353,0.20950614,0.57148373,0.55731535,3.6389973,2.4916728,3.3300521,2.6504266,0.07673217,1.2680744,21.086824,0.8597224,6.7007375,1.6153249,10.507136,1.1873564,0.41570395,42.163414,0.009183789,1.4437499,0.63669944,1.084362,10.454432,0.28006473,1.0703369,7.547925,24.076504,0.2958097,530.2605,0.44282344,1331.6418,0.19068094,-98.40073,-0.973204,1488.835,0.19013467,997.1165,0.34676942,-98.537704,-0.9201311,2704.0896,0.10249004,920.7269,0.5497826,-105.23627,-0.8031891,-15.919057,-0.4130008,28.823397,0.23652948,0.07865874,0.47143894,-0.015950924,-0.8999542,0.13157207,0.7668943,35.140015,0.27726033,7.9130363,1.2628655,9.418128,1.588158,-5.6948256,-3.4653842,-9.315457,19.779692,-0.011522596,0.012134038,0.008128968,1.744186,0.19569473,2.86,0.0,1.11,0.06,-36.649216,02
32.611412,0.059687406,31.08055,32.004066,33.687313,2.6067638,31.949217,46.176056,12.868496,8.13078,0.3131496,0.95127547,0.019218005,0.2598284,0.61769396,0.59847593,3.3502858,1.828273,3.4361484,2.4073179,0.08939889,1.2173437,21.52728,0.8710917,9.265857,1.3484839,8.95214,1.1602291,3.5003755,4.99604,0.00826776,1.4039904,0.62670517,1.0692909,10.246457,0.30327472,2.6299472,3.4517264,26.224684,0.22740896,502.20175,0.39498758,1358.1376,0.1877953,-98.4831,-0.9702563,1452.9364,0.172014,1085.9309,0.27241272,-101.31875,-0.8820531,2586.6328,0.1350394,983.0164,0.40376723,-107.17365,-0.78199005,-17.087227,-0.41401097,29.701912,0.26230535,0.083566025,0.44884726,-0.019415854,-0.76937586,0.15429525,0.70633435,35.3303,0.35855573,11.290689,0.95742935,6.5721416,1.8094914,-4.450262,-4.0370865,-10.138933,20.888557,-0.017179066,0.017556874,0.011526669,1.5503876,0.5870842,0.93,0.7041307,0.5625,0.5061312,-35.918274,02
32.44059,0.05557269,31.292385,31.879911,32.66459,1.3722038,20.095816,15.426464,9.401765,5.747993,0.24705857,0.9811629,0.009978089,0.17746344,0.51524264,0.5052645,2.8034062,1.436725,2.2048502,1.2662879,0.06886649,1.2117387,21.982666,0.8215369,15.177721,0.57865965,13.741091,0.73376244,6.719418,2.366711,0.009950017,1.6454631,0.70524806,1.26986,10.515622,0.25464237,4.691853,1.7700051,26.929205,0.20962481,527.5577,0.43301088,1284.1835,0.18196051,-100.15113,-0.9401519,1489.8123,0.17204967,981.87256,0.2875055,-103.312195,-0.8496836,2696.7761,0.12297961,817.0343,0.4751793,-109.174774,-0.7535141,-19.352516,-0.36536065,30.63499,0.23698646,0.07336824,0.5487289,-0.015850225,-0.9823784,0.11674403,0.71600515,35.41393,0.33020085,14.332868,0.6763257,13.569647,0.9244525,-0.8380445,-20.741806,-16.975693,27.680874,-0.040317114,0.010641106,0.01167698,1.7110267,0.57581574,0.9466666,0.6530101,0.575,0.5068777,-37.77538,02
32.73779,0.055315204,31.457329,32.14863,35.497852,4.0405235,48.036407,33.67148,8.126888,5.662592,0.25297222,1.0541859,0.009313215,0.16997592,0.5026256,0.49331236,2.9876332,1.9068654,2.7745996,1.4341357,0.06483376,1.3680778,23.307735,0.7574301,10.489659,0.9534636,11.748313,1.0888759,3.002141,6.4241447,0.007279635,1.5010962,0.7224711,1.2156404,10.588358,0.26818708,0.34496045,20.801313,25.519096,0.22993602,522.2859,0.40531465,1323.824,0.19458073,-98.90636,-0.9687207,1499.9739,0.17944393,1020.7349,0.27786782,-101.84072,-0.88109076,2678.963,0.1073429,1032.9248,0.4767546,-108.14752,-0.77425957,-17.921432,-0.3559898,30.129978,0.21587451,0.08539845,0.35022536,-0.020434946,-0.72883576,0.116250075,0.7999431,36.892944,0.29017442,9.3320055,1.2445194,10.892128,1.5056784,-8.107514,-2.4143512,-16.164959,27.963953,-0.038384203,0.012092479,0.0035554646,1.3409963,0.1934236,2.84,0.0,1.15,0.049999997,-37.685444,02
32.69429,0.05433513,31.609383,32.1111,35.34759,3.7382088,8.235421,2.4754515,10.877921,10.549565,0.21660821,1.0032371,0.009706505,0.15756288,0.43277848,0.42307198,2.622462,1.3742298,2.3802965,1.4674469,0.05348173,1.140051,22.653246,0.78631324,12.273783,0.7278855,15.041496,0.7547946,5.542503,3.3453631,0.010720433,1.5724391,0.74158806,1.0659628,10.508187,0.26557273,2.6997957,3.0064933,25.658463,0.26509556,541.1003,0.4130361,1340.737,0.19840188,-98.34279,-0.9618151,1501.002,0.16919515,1023.4133,0.30977663,-100.3407,-0.8767307,2674.4546,0.11909984,828.73157,0.3888114,-105.63775,-0.7874101,-18.700554,-0.30683684,29.430004,0.23640105,0.07630218,0.45018706,-0.019122383,-0.80194235,0.092090964,0.6179195,36.12077,0.29219264,11.191989,0.8112565,14.78708,0.9870465,-3.8616674,-5.0110164,-17.030846,27.833221,-0.04235222,0.012151687,0.0044826656,1.5325671,0.19379845,2.9199998,0.0,1.105,0.035,-39.596863,02
32.855,0.0526227,31.850533,32.24809,33.636574,1.7860413,11.742763,5.387226,-0.1273201,8.770566,0.22337376,0.96041405,0.010375351,0.19857788,0.43183976,0.4214644,2.8213856,1.4650146,2.1030717,1.200619,0.05365269,1.2153339,22.399015,0.783993,12.59925,0.8353853,11.620009,0.7175387,5.0028043,3.2226472,0.0075286827,1.5646042,0.54691297,1.2483226,11.112784,0.20172796,2.3035095,3.565152,27.022923,0.19970706,533.37823,0.37493566,1335.5574,0.18419322,-103.527084,-0.91469395,1511.7672,0.19157013,1084.4498,0.3233385,-106.24047,-0.82354563,2656.943,0.13314323,943.1377,0.51251,-111.48444,-0.7389593,-18.679346,-0.3316866,30.238197,0.2153256,0.08223139,0.3496886,-0.020870382,-0.67004186,0.09292313,0.71288556,35.860584,0.3225361,13.538202,0.7005958,10.426675,0.9998338,-5.7185416,-2.4079735,-15.754751,27.268892,-0.037648965,0.0141613735,0.009597318,1.5414258,0.77821016,0.6775,0.29252136,0.5825,0.53011197,-39.46879,02
32.72612,0.05250512,31.704586,32.097588,35.271908,3.5673218,44.702953,37.200504,4.703216,2.654271,0.22405444,0.9477827,0.011232604,0.20063487,0.4681622,0.4569296,2.4266934,1.2565317,1.589264,0.7158862,0.052567214,1.168911,22.140852,0.83061534,13.468452,0.7683521,12.779076,0.6760597,4.9925427,3.570076,0.010230149,1.7004753,0.67833036,1.2467015,10.429104,0.34843642,3.8951063,2.0542135,26.975548,0.23704252,516.99347,0.47960806,1354.228,0.22170877,-98.73123,-0.970412,1467.0857,0.17836401,1083.4913,0.27478766,-101.78656,-0.86107284,2631.8135,0.13691762,910.35834,0.4918995,-106.59151,-0.7800344,-18.890327,-0.34119576,29.033928,0.26382503,0.08360794,0.3767348,-0.018829796,-0.8070023,0.09062963,0.6501783,35.060516,0.3952589,14.724653,0.74797124,12.512389,0.85436285,-5.5681095,-3.0783,-15.742019,27.068987,-0.039871614,0.014025823,0.00513159,1.7110267,0.38387716,1.4499999,0.78,0.75333333,0.5046671,-39.213516,02
32.632355,0.056880586,31.3969,32.026115,35.63156,4.234661,21.00983,12.353181,6.0917964,9.425369,0.46091083,1.1220105,0.016240144,0.22627822,1.0661914,1.0499513,6.3615847,3.765611,7.331071,4.930099,0.1491127,1.2789077,18.612457,0.9774722,2.3426878,5.6054125,10.702844,1.2923814,4.7423096,3.5522487,0.012029663,1.3753533,0.83118254,0.9368198,9.507125,0.31174347,-0.6722189,-12.507892,19.60673,0.33967358,571.6359,0.4772228,1356.5955,0.24299176,-109.60254,-0.8702286,1534.6248,0.18729517,1012.545,0.31820133,-103.92944,-0.8919041,2610.8608,0.12765214,1040.5764,0.34578308,-109.395515,-0.79776204,-11.267629,-0.59418166,24.741987,0.31413466,0.08062588,0.42148829,-0.01372404,-1.0334703,0.2825191,0.64511853,34.04226,0.32383174,-2.558133,-5.3683496,7.108757,2.5057032,-3.5885797,-5.2311635,-10.506494,20.387415,-0.029563915,0.013980102,0.0058987457,1.3833992,0.1996008,2.6,0.0,1.1899999,0.13,-32.257156,03
32.724796,0.059410684,31.452797,32.12352,35.704426,4.251629,8.733552,3.2589025,16.547005,8.672864,0.5458345,1.0825293,0.020236913,0.32419527,1.0659366,1.0456996,7.460482,5.0826926,7.9508286,5.9638724,0.17971188,1.317484,21.373976,0.73852247,-2.8767128,-4.546742,8.201576,1.5702716,0.25794768,65.21286,0.009597821,1.5886438,0.72091174,0.89072627,9.883041,0.25747147,-0.055264544,-156.90675,18.4852,0.34496897,585.3332,0.48379657,1322.8596,0.19176768,-106.047165,-0.9094784,1581.3356,0.21540996,1051.6814,0.3182824,-98.61701,-0.9406896,2618.8264,0.12395295,958.86786,0.38079408,-103.40553,-0.85307264,-10.815371,-0.59052855,23.04992,0.28748506,0.08587562,0.34174317,-0.013436687,-0.9479537,0.3243355,0.73602986,33.13419,0.2913389,-4.1186733,-3.4696088,8.659954,1.8968339,-6.0344424,-3.0663497,-5.6170235,18.715342,-0.00052837323,0.0166957,0.00791684,1.4028057,0.4048583,1.345,0.775,0.73333335,0.50499725,-30.860073,03
32.550106,0.056910288,31.391397,32.01756,32.67785,1.2864513,30.323406,44.88441,7.616662,5.1583257,0.53398114,0.8269778,0.0533048,0.47020188,0.96536577,0.912061,5.54639,3.592602,5.132441,3.6924121,0.1705661,0.9917077,24.845274,0.77809507,0.83780277,17.002735,6.5190783,1.6668254,1.4798819,11.004252,0.00930844,1.30144,0.7537231,0.92939997,9.706215,0.34029981,1.2557182,7.6156583,21.944593,0.27579904,591.8619,0.5005376,1318.4729,0.21503374,-72.71956,-1.2229534,1549.1764,0.21338917,1027.7047,0.2706381,-70.5164,-1.1818447,2663.9084,0.15190998,969.59686,0.35200104,-78.2816,-0.9976537,-13.056141,-0.53704995,26.41714,0.32184517,0.082962245,0.44602358,-0.013992151,-1.035468,0.2391711,0.66397434,34.629303,0.40176222,1.6354451,8.248427,4.882689,2.4571218,-1.8759639,-9.371534,-3.2349374,14.191861,0.0013149295,0.019484503,0.013617941,1.7412935,0.7575758,0.92333335,0.72251105,0.28,0.39862263,-32.1941,03
32.74136,0.05406042,31.57541,32.20187,33.922974,2.3475628,19.890028,11.820805,-3.332487,11.7142515,0.48835453,1.0846516,0.012609342,0.2932465,1.0381213,1.025512,5.8790336,3.2213664,5.082841,2.6034985,0.1492891,1.3071253,20.383966,0.79165685,-0.3324176,-38.17263,5.781735,1.9075544,5.687944,2.637354,0.007524305,1.2477305,0.76144516,0.9748754,9.61577,0.36962742,0.8471205,12.344385,19.170769,0.38045058,601.1179,0.50680786,1326.1174,0.24312642,-109.42232,-0.87758154,1601.276,0.21000353,998.64453,0.3021648,-100.824585,-0.91757405,2681.79,0.12555034,934.1793,0.31420097,-105.562256,-0.8335771,-10.504379,-0.5607356,23.17001,0.34947538,0.09435981,0.32687092,-0.0130308755,-1.1273905,0.27638218,0.6967897,32.534187,0.38004407,-2.9422975,-5.021099,5.911019,2.4549117,-2.2692628,-6.9735575,-8.527539,21.583843,-0.020077508,0.019825231,0.00553791,1.6032065,0.60728747,0.87333333,0.65774024,0.5625,0.5496533,-32.154354,03
32.521534,0.06422473,31.279099,32.083862,33.908054,2.6289558,44.478645,22.479881,66.78591,105.79488,0.84702486,1.1985831,0.02991361,0.2979474,2.152037,2.1221232,11.618553,6.286144,15.798281,8.590519,0.38364983,1.3990142,16.464867,0.8760696,-4.25013,-2.8993187,9.744011,1.1850485,0.08910476,216.87695,0.018549893,1.6009771,0.93641126,0.81836826,8.317161,0.39930737,-1.5236163,-6.2593293,11.089551,0.68328315,750.8771,0.41847026,1135.0435,0.22604121,-110.08236,-0.8879111,1822.1798,0.21716624,820.28296,0.36617845,-107.940445,-0.8605032,2821.2815,0.13252702,789.4711,0.3815208,-108.68114,-0.84802455,-9.386588,-0.5398935,19.153843,0.31075013,0.034455553,1.5017377,-0.014617054,-0.9582337,0.76274693,0.7163843,27.98332,0.33050343,-7.619438,-1.6994505,13.00609,1.0858116,-9.127059,-2.508893,-7.2861953,20.139603,-0.015164847,0.015762616,0.013744106,1.3833992,0.3992016,1.24,1.03,0.8266666,0.58516854,-24.931398,03
32.68557,0.059580658,31.630672,32.117626,33.965645,2.3349724,45.990906,25.918137,18.502659,9.276433,0.90103287,1.1949317,0.019901663,0.18961053,2.0726988,2.052797,15.357918,9.786305,19.41118,13.262666,0.462821,1.3830537,16.486446,0.7467674,-2.7302825,-5.266461,10.172409,1.1027269,2.0259619,9.8202915,0.016688013,1.5445024,1.1839697,0.8493387,7.4993644,0.46910048,-0.77486193,-11.809892,11.647185,0.4536757,817.66626,0.3502115,1075.3838,0.22585283,-111.2842,-0.8651672,1884.3329,0.17183797,872.97235,0.5547299,-109.29941,-0.8424243,2877.2307,0.10987179,838.1333,0.42654997,-109.56133,-0.83856505,-8.297599,-0.606061,17.141144,0.33004496,0.049020387,0.91885895,-0.012037327,-1.2399653,0.9019033,0.6531967,25.13288,0.3781497,-6.128413,-2.1997573,12.066383,1.1993899,-5.895538,-3.9113407,-10.820361,22.70016,-0.01574615,0.012315283,0.041974086,1.8789145,0.63291144,0.77,0.64518726,0.78333336,0.5493228,-25.043451,03
32.61174,0.059325702,31.407007,32.137672,33.064045,1.6570377,38.93543,34.313084,20.782227,20.98094,0.7880985,1.129547,0.02509892,0.33403206,1.9072657,1.8821667,8.182811,4.6729207,13.289599,7.4039235,0.3364074,1.2186946,17.462591,0.8521448,-1.3395133,-9.072928,7.396998,1.3330514,2.6898136,6.5198855,0.012462331,1.4365208,0.85814446,0.9824375,8.720649,0.3838388,-1.124089,-10.305551,13.975622,0.4696769,733.64795,0.41126347,1146.021,0.22534047,-116.8439,-0.81364274,1795.4766,0.21705693,935.42755,0.45641053,-111.97477,-0.8154139,2736.2932,0.13132179,861.20294,0.38395557,-112.78461,-0.80177724,-10.347909,-0.6086857,19.81557,0.331327,0.06400757,0.7003141,-0.01669284,-0.86668915,0.66714174,0.55029064,28.419764,0.39619783,-4.0703883,-3.234728,9.022839,1.4175006,-5.8298473,-3.3598852,-8.773085,21.485996,-0.01151659,0.014580537,0.0357172,1.4028057,0.8097166,0.585,0.60499996,0.625,0.57290924,-25.962906,03
32.43047,0.07526707,31.424976,32.254353,33.330975,1.9059982,114.8735,57.419903,16.798452,8.914364,0.89827746,1.1339955,0.03631202,0.44200408,2.0477667,2.0114546,12.928575,6.4723744,12.901462,8.234875,0.38655198,1.3319428,15.78284,0.9321447,-3.675781,-3.4252355,5.7284417,1.7477368,0.0057080314,3005.2886,0.0149493385,1.2097089,0.8815939,0.8173551,8.083449,0.47077453,0.014329865,799.50586,13.077114,0.47595197,849.6836,0.33261436,1088.426,0.22748645,-106.950165,-0.8995657,1914.8724,0.16885245,900.7648,0.36672416,-103.950584,-0.88250583,2892.5527,0.12029409,807.1184,0.4426454,-104.62677,-0.8706873,-8.983527,-0.6508691,19.076147,0.38017127,0.06812687,0.6318374,-0.013379701,-0.9719124,0.7277473,0.71141905,26.739101,0.4211125,-5.273909,-2.6653686,9.543569,1.2582654,-6.919786,-2.917666,-3.6129932,16.99794,0.00016662959,0.015460542,0.020349022,1.4925373,0.6465517,0.79999995,0.6256197,0.54249996,0.50221384,-25.247772,03
32.413708,0.049469646,31.278248,32.10381,34.519142,3.2408943,18.95068,14.402727,10.937507,9.891508,0.36166197,1.0348592,0.028244084,0.21565995,0.6976516,0.66940755,4.7643037,4.012113,3.5995734,2.5756366,0.101977184,1.293881,23.110245,0.7464007,3.75888,3.2351801,8.220384,1.6626518,-0.6189554,-26.49237,0.008816047,1.1300644,0.72799426,1.1377765,10.332935,0.26641837,1.2007699,7.025551,25.599949,0.27768403,568.63995,0.46339947,1352.5204,0.2333661,-98.17207,-0.9677032,1505.9808,0.19431801,1029.5758,0.29254165,-99.87419,-0.9064951,2707.3894,0.12776724,947.79474,0.57323164,-106.68944,-0.7881737,-16.158928,-0.43459007,29.401817,0.21088599,0.07917426,0.50616354,-0.015247719,-0.8691854,0.17664501,0.77243,36.258335,0.29204172,6.837656,1.6383607,6.0489974,2.7962964,-5.9273257,-3.1596644,-8.484621,18.98093,-0.01683638,0.012736112,0.01129451,1.3307985,0.38387716,1.435,0.84499997,0.7633333,0.52828866,-34.037685,04
32.497913,0.046130437,31.45092,32.143116,34.215042,2.764122,26.87753,15.876469,2.8610835,5.7160244,0.2864853,1.0214286,0.023500592,0.21467717,0.51621217,0.49271157,3.1612763,1.756653,3.3499444,2.0226178,0.07794118,1.2356855,23.3852,0.73895043,4.0772877,2.9636989,11.869195,0.9333342,2.777167,5.420418,0.011422772,1.3978418,0.86720645,1.3000604,10.257411,0.31232667,3.555451,2.0910814,26.350227,0.2462067,583.3326,0.43557838,1310.5402,0.23438385,-100.20589,-0.9386327,1567.3359,0.18373214,1057.8927,0.35681647,-103.25571,-0.84937876,2662.5925,0.12163418,920.06396,0.5902667,-107.77948,-0.7742393,-18.108706,-0.38403088,29.232414,0.25135037,0.075372726,0.4856174,-0.015515229,-0.85603577,0.13624771,0.7094936,35.982742,0.32307395,9.941427,1.0722227,12.723289,1.0919229,-1.0981739,-15.873033,-7.2835197,17.57918,-0.024423447,0.016902182,0.007500365,1.6032065,0.4048583,1.355,0.615,1.0849999,0.024999999,-36.4935,04
32.245163,0.052954752,31.077723,32.015583,34.230907,3.153185,45.934097,68.25592,12.118338,8.88513,0.32942396,0.94199324,0.018711753,0.2270158,0.6550223,0.6363106,4.1395473,2.608463,2.661222,1.4717743,0.09915969,1.145623,20.087355,0.914444,11.482855,1.1302377,9.260975,1.257012,3.080348,4.366637,0.010853225,1.2258779,0.6753169,1.0529299,9.77237,0.34688863,2.4411356,2.8091521,26.585503,0.26965547,543.8441,0.48420554,1305.0591,0.22209242,-103.89772,-0.9070818,1481.5728,0.20859794,1039.5004,0.31873444,-105.43544,-0.8410714,2658.6206,0.115678355,868.744,0.43243647,-111.86799,-0.73559135,-16.587198,-0.4631494,29.4629,0.28815988,0.07060039,0.54812014,-0.018519005,-0.7760207,0.17444566,0.61639124,33.543808,0.409841,14.741668,0.6922954,6.2606306,2.1451051,-2.0438952,-7.3348956,-13.728205,24.647007,-0.029741695,0.011694739,0.01590654,1.8518519,0.6263048,0.84333336,0.6361516,0.5475,0.48833263,-35.155785,04
32.65115,0.046073407,31.730616,32.135357,34.772705,3.0420895,17.419031,10.799066,7.8282666,6.0526133,0.342357,0.940409,0.030156648,0.27150863,0.674392,0.6442353,3.0799541,1.6934824,3.7494469,2.7817857,0.091141276,1.2161819,20.805645,0.9354657,4.38922,2.7050385,7.9881,1.3356981,2.3711073,5.890948,0.006444486,1.1897817,0.66919184,1.1350888,10.509651,0.28947094,2.3998353,3.3142812,25.18396,0.2337914,532.1413,0.47080705,1361.0515,0.23983265,-96.54465,-0.98864955,1448.4169,0.18677457,1061.367,0.3638213,-98.4352,-0.9168202,2625.9028,0.11972558,919.41656,0.3760466,-104.88857,-0.80345327,-15.089673,-0.45798886,28.132708,0.29830414,0.08694054,0.42030045,-0.015605111,-0.842,0.1581658,0.6895125,35.082634,0.3565862,8.200353,1.3722767,5.4497514,2.4195223,-3.8177779,-3.929808,-6.1798697,16.324245,-0.019084975,0.017777642,0.007540492,1.3833992,0.59880245,0.9266666,0.6839265,0.53999996,0.5060138,-35.632614,04
31.609922,0.0994065,30.838654,31.932592,33.30809,2.4694366,137.64706,96.199684,20.493887,8.597953,0.753986,1.1656315,0.033592198,0.33129868,1.6212561,1.5876639,11.686666,5.322974,9.384911,4.9734054,0.33799914,1.2393249,16.183556,0.84964985,-0.85081464,-15.079655,13.010719,0.90552837,7.379203,2.408196,0.01968178,1.8708973,0.9842243,0.9207673,7.039695,0.5927757,3.0915728,3.1518507,15.525901,0.42076215,911.75195,0.2685972,1041.8566,0.28627405,-104.069885,-0.91840607,1948.4004,0.15020512,902.1766,0.3164374,-104.19017,-0.88663435,2910.1296,0.08867069,825.5753,0.42843655,-105.45183,-0.86493146,-9.362483,-0.7461411,18.573097,0.39288393,0.059029423,0.8561662,-0.0077396915,-2.0104315,0.60723543,0.70308465,25.82161,0.40194222,-4.7052007,-3.11194,12.286704,1.2221471,2.5320103,8.968864,-15.925368,26.44325,-0.04530285,0.0131031,0.049113803,1.3487476,0.5836576,0.8866666,0.85058147,0.79999995,0.5255473,-27.141434,04
32.20108,0.05435814,31.276691,32.22289,33.510757,2.234066,43.122017,20.514635,18.090002,8.836484,0.80469483,1.1695331,0.01622659,0.33875808,1.6138357,1.597609,11.753735,5.815721,10.191806,8.1701765,0.31339315,1.4515257,16.559671,0.80741006,-0.34693927,-40.242702,10.300514,1.2836066,5.8963346,2.860704,0.012948761,1.351106,0.8024545,0.83043903,8.4837675,0.42026517,3.388631,2.9100096,14.290471,0.45684728,883.9975,0.30735287,1024.5021,0.29741275,-97.85467,-0.970186,1919.509,0.150466,911.9198,0.37757203,-97.28403,-0.94050896,2878.5403,0.103775494,803.08154,0.42172414,-98.20277,-0.923647,-9.558635,-0.7064886,18.933311,0.395618,0.07657098,0.5899412,-0.008804695,-1.7530682,0.5539745,0.88727784,25.957056,0.39550412,-4.232886,-3.585609,12.156412,1.2837615,3.6893098,5.6835465,-10.873159,20.635405,-0.02350055,0.010166083,0.01284112,1.5122874,0.38167942,1.4599999,0.77,0.7566666,0.5080901,-26.65185,04
32.30119,0.0469071,31.231068,32.01108,34.103508,2.8724403,42.37295,37.946865,18.12599,15.46914,0.6280899,1.0344365,0.032099906,0.35828665,1.3492589,1.3171589,7.112546,3.8830593,7.038653,3.6795902,0.21010219,1.0858669,19.172552,0.800487,1.9138134,6.554115,11.180702,0.9635804,8.319112,1.7916385,0.011146355,1.4687549,0.68162125,0.8138524,9.490533,0.29723075,3.2902524,3.007873,18.619873,0.36012602,728.68463,0.46346116,1174.0344,0.23311216,-102.88456,-0.9186317,1755.1451,0.23004274,961.6709,0.43160233,-98.47,-0.91782206,2764.9265,0.13939334,839.68665,0.70550895,-100.83247,-0.87539786,-11.848327,-0.5652547,22.691456,0.32378215,0.08557312,0.579095,-0.008158785,-1.9731984,0.3527721,0.6067925,29.552202,0.3336613,-0.24981809,-53.41484,9.1398325,1.3600836,4.214011,4.3138084,-16.600908,27.705074,-0.04926068,0.016118055,0.03325084,1.2987013,0.5617978,0.9866666,0.8593538,0.5775,0.50281084,-29.697062,04
31.991425,0.08194122,31.161095,32.059097,33.399567,2.238472,25.551208,13.776331,5.152871,12.755657,0.8683506,1.060267,0.024107862,0.4269471,1.9131155,1.8890077,7.6308575,3.6044319,8.626716,4.5538464,0.31630453,1.1597081,16.559181,0.79490626,-1.5022292,-9.578796,9.294114,1.2830347,4.548775,3.9307554,0.009484249,1.1218295,0.7788045,0.8763172,8.3710575,0.36153734,3.5358572,2.9581099,14.934049,0.43583545,966.1278,0.21011594,980.21765,0.3130075,-96.94416,-0.98124015,1960.6857,0.12983686,957.40436,0.2883516,-97.23556,-0.95465237,2966.1345,0.08007944,719.85614,0.45802483,-98.07588,-0.94017607,-8.246965,-0.7894295,17.507349,0.43348688,0.098204054,0.43889534,-0.0072298325,-2.1225781,0.55881655,0.6023944,25.172918,0.3536351,-6.3192687,-2.2414489,10.841167,1.3050313,-0.7333156,-28.542452,-11.51476,22.54138,-0.02611837,0.014636379,0.02112788,1.48423,0.37453187,1.4699999,0.57,0.78333336,0.48009259,-27.043365,04
31.760893,0.083754554,30.564415,32.010956,33.628864,3.0644493,-31.664413,55.404846,18.28421,12.946888,0.81637216,1.1586498,0.050614484,0.31948113,1.9667356,1.9161211,12.696251,7.966187,12.670258,8.733773,0.3536326,1.2125375,15.516343,1.0566928,-0.8594113,-17.697796,16.250397,0.73923826,2.066874,8.436228,0.022291271,2.5265892,0.8910287,0.76010025,7.474383,0.47081545,0.5385767,16.326809,11.627074,0.5680459,903.08105,0.3193781,1036.6774,0.26897377,-105.68532,-0.9028791,1936.1307,0.15740907,951.3764,0.40486923,-104.06693,-0.8802848,2928.026,0.0932687,702.84875,0.3422446,-103.674904,-0.88828135,-7.938383,-0.7719512,16.076466,0.4774351,0.0705379,0.6445702,-0.009469539,-1.4448242,0.6400056,0.65520155,25.662306,0.40902635,-7.1328974,-2.281753,18.166174,0.87522066,-5.3294535,-3.8191323,-15.9432745,26.825775,-0.043859474,0.008917891,0.04096898,1.5717093,0.3968254,1.3199999,0.64,1.17,0.099999994,-27.06392,05
31.722763,0.08423844,30.71553,31.783264,33.47717,2.7616386,44.101475,18.384768,47.397472,55.08367,0.96274984,1.208337,0.018267693,0.34260783,2.398384,2.3801165,14.347987,8.048527,14.221689,9.388484,0.5059753,1.3065507,16.648142,0.7324085,-1.4216703,-10.680517,14.732634,0.85316265,2.9530385,5.987008,0.030942874,2.996782,1.209759,0.76236284,6.3742113,0.58422565,2.2413893,5.516709,11.87652,0.53325975,875.6334,0.30817837,1021.1825,0.2614585,-105.34198,-0.91352886,1904.3925,0.14434764,876.1132,0.26832113,-103.28694,-0.8953819,2915.0754,0.08532186,736.89294,0.36890754,-103.43786,-0.8935779,-7.161606,-0.83817446,15.815733,0.41770002,0.071991116,0.64542747,-0.010500737,-1.3375924,0.9545129,0.68126065,24.785908,0.403369,-8.560776,-1.6925622,15.140117,1.0674989,-5.2912436,-3.8232248,-17.242199,27.725458,-0.049466453,0.011300895,0.02351959,1.3752457,0.7936508,0.65,0.42243344,0.585,0.5586367,-24.205433,05
31.869682,0.058100075,30.63981,31.787117,32.78325,2.1434383,35.932358,17.478083,48.017544,58.044155,0.9061799,1.0906324,0.051823523,0.42273557,2.017482,1.9656585,11.354223,6.4901867,11.657149,7.1579757,0.4221009,1.1992068,11.100222,1.6018441,1.5173036,8.70069,10.345341,1.0318917,4.720117,3.4292352,0.012496509,1.0794237,0.8892989,0.8103599,7.4206905,0.45890993,2.5466292,4.0416403,13.254835,0.45212254,884.31665,0.3025058,1004.1578,0.26992932,-114.07494,-0.824566,1907.3838,0.14315625,837.51227,0.27384892,-110.59185,-0.8261017,2944.925,0.0874742,661.06134,0.38585633,-110.69075,-0.8248689,-8.398131,-0.75727874,16.979206,0.41551793,0.07841716,0.55571955,-0.009446193,-1.575869,0.80726355,0.59919524,24.091026,0.47328758,-3.9146023,-3.6668587,13.495517,0.9769506,-2.253729,-8.954121,-9.611748,19.796566,-0.030654656,0.012970547,0.06286097,1.5503876,0.7827789,0.615,0.61646163,0.512,0.5583332,-25.704557,05
31.753416,0.05351719,30.509834,31.725176,32.567722,2.057888,35.633045,23.672333,29.736362,24.104725,0.9221759,1.0910845,0.039295394,0.47640362,2.1350143,2.0957189,11.838514,7.68423,10.318379,5.2380133,0.37437162,1.1941153,12.456681,1.3072958,-0.14319901,-96.6443,13.288601,0.7615428,2.7122517,6.443991,0.014645095,1.3620136,0.83302444,0.87185097,7.363511,0.5285836,2.4342177,3.551338,12.278036,0.5275071,939.75226,0.261586,1011.31433,0.29614484,-101.400024,-0.9302169,1991.6736,0.13653073,917.97,0.2682035,-98.9756,-0.91855633,2996.7234,0.09325806,687.6529,0.3653444,-98.59165,-0.9270084,-7.71303,-0.72802186,15.674445,0.44760427,0.07553062,0.5909195,-0.008742239,-1.6736716,0.67176604,0.6129323,24.07008,0.5085857,-5.4151177,-2.8432493,15.523463,0.79679537,-4.253345,-4.9021163,-5.1344194,13.956686,-0.007928046,0.013611221,0.016360952,1.3565892,0.7827789,0.695,0.30565503,0.44799998,0.48979175,-25.827387,05
32.003918,0.13859619,31.220127,32.259315,34.975113,3.7549858,132.04114,57.325947,47.075974,46.26454,1.2454143,1.1663021,0.06717367,0.429717,3.0156157,2.948442,23.126055,19.965889,24.7086,16.0776,0.8775262,1.2511979,14.491919,1.0443228,-3.641553,-3.9125018,13.402494,0.8927782,-0.71665335,-27.939623,0.033769097,2.6320307,1.207754,0.84287727,5.9215283,0.73181206,0.95017993,12.303149,11.776442,0.5172936,817.7265,0.3478834,1116.6498,0.2808697,-120.5537,-0.7962174,1872.2731,0.16821478,899.7923,0.4128062,-116.986305,-0.783929,2854.548,0.10309698,784.8271,0.37017077,-116.77082,-0.7881245,-7.8737464,-0.6472354,16.642399,0.29937467,0.043271326,1.1690463,-0.015817681,-0.92946625,1.7623198,0.6027169,27.826809,0.308081,-11.851225,-1.0881859,14.465481,1.1005669,-11.614927,-1.9320105,-12.843074,22.98368,-0.03071649,0.00924138,0.15008087,1.923077,0.729927,0.62,0.5731201,0.545,0.5052475,-20.476372,05
32.475033,0.15567356,31.143469,32.093014,34.643944,3.500475,108.83319,55.003113,65.66518,57.367912,1.178891,1.2406299,0.0450577,0.21942471,3.0556374,3.0105796,22.401842,11.274033,23.233047,10.381621,0.9140581,1.3626634,14.881883,0.98649997,-2.724898,-4.7639003,9.938452,1.3725078,3.5507133,5.048924,0.029981643,1.4382666,1.1804881,0.80276555,4.9168653,0.9199826,1.2132438,8.908283,12.260534,0.48335698,800.9863,0.37228522,1063.0323,0.2620381,-132.00406,-0.7015167,1808.6207,0.18765251,918.43463,0.33321157,-126.1965,-0.7205766,2822.0432,0.10406162,741.2849,0.2738923,-126.279594,-0.7128431,-7.125713,-0.78388286,16.30367,0.3711984,0.028708903,1.7502881,-0.015487828,-1.0261946,2.0721824,0.5991756,26.430689,0.39225954,-10.921161,-1.010764,12.43904,1.450343,-6.1490216,-3.6506305,-16.200886,28.107592,-0.039415836,0.008927206,0.15368035,1.4705883,0.8492569,0.4675,0.58293974,0.55,0.6442049,-20.398941,05
32.32173,0.10349179,30.971611,32.031654,33.940628,2.969017,132.94101,142.78305,61.694225,61.59307,1.1535832,1.216056,0.02996341,0.30715474,2.794792,2.7648284,17.460049,10.403628,18.248024,11.295298,0.6924553,1.310814,14.855236,0.9897465,-0.7136013,-22.037401,13.748944,0.92062646,1.5108112,13.74111,0.020678904,1.387376,1.1342483,0.8874618,6.5731626,0.5196778,1.9070305,7.306369,11.389374,0.9344657,888.7062,0.30447468,978.93365,0.27462387,-116.89748,-0.8108353,1902.5023,0.13363065,831.5651,0.319847,-113.689735,-0.8101396,2952.5342,0.09080649,592.5008,0.3226257,-113.69962,-0.81001455,-8.043184,-0.7344269,16.714739,0.3899333,0.037878763,1.4850818,-0.013993419,-1.1817064,1.4032567,0.64414823,25.09771,0.46053696,-9.342332,-1.5933441,16.665089,0.9562484,-10.411762,-2.3671575,-17.053698,28.468697,-0.05002921,0.012122816,0.082054876,1.3565892,0.7827789,0.5875,0.62118334,0.534,0.5778789,-21.274998,05
32.11772,0.11370788,31.430267,32.043777,34.111248,2.6809807,221.43098,262.5575,40.14124,31.271326,1.232385,1.224629,0.059393883,0.17877376,3.0587442,2.9993503,23.522182,12.386163,19.850494,12.607035,0.88994354,1.3713782,15.276403,1.1105292,-1.2911102,-12.600385,12.083257,0.9399092,2.91613,6.9056196,0.03013669,2.1302705,1.1112258,0.820482,6.094152,0.6327564,2.117088,4.802398,12.049527,0.44647375,890.1081,0.27733806,1042.5046,0.2479098,-120.07758,-0.7818324,1926.3176,0.13301499,865.266,0.32081965,-116.536354,-0.78403413,2974.6582,0.08682408,726.2168,0.34619015,-117.30443,-0.77299064,-8.000438,-0.82256067,16.833197,0.48525122,0.022925533,2.5214808,-0.014024586,-1.2051395,1.786079,0.7234002,26.176123,0.43684098,-11.258633,-1.4428606,14.569923,1.00115,-7.4013357,-3.409622,-15.746046,27.039547,-0.03950798,0.009500827,0.1562618,1.4522822,1.2578616,0.35666668,0.22012623,0.35714287,0.4835498,-20.389675,05
32.463554,0.042761292,31.376074,32.27003,33.624233,2.2481594,53.01753,65.58896,18.512272,7.3372927,0.29939395,1.0435673,0.03527241,0.17409211,0.5341383,0.4988659,6.1806355,6.035773,3.9265163,2.3375351,0.10813062,1.3791625,20.663094,0.8688621,7.1132994,1.5676613,11.395886,1.1808898,4.5657005,3.3930943,0.012178093,1.4144526,0.80315185,1.0023971,9.879442,0.26368743,6.6052685,1.8048295,25.53688,0.2901351,565.16174,0.46001884,1285.0582,0.23914872,-105.89538,-0.8702652,1570.7998,0.19948709,1002.7377,0.34404907,-105.67828,-0.8243223,2711.0593,0.13166393,843.5123,0.38038895,-110.598015,-0.7433522,-17.841389,-0.44225731,29.583178,0.27015424,0.05204172,0.84447414,-0.011363128,-1.1719083,0.19236454,0.8385619,33.86614,0.3587927,10.022175,1.0700027,14.132854,1.1861608,3.3888147,5.6230526,-6.7754803,17.686365,-0.0068582995,0.015032662,0.01220029,1.6260163,0.8213553,0.65,0.7393578,0.436,0.49098265,-35.59319,06
32.661648,0.045973405,31.433126,32.307976,34.274113,2.8409863,34.300392,23.334778,14.68482,7.512107,0.2443556,1.0118396,0.03825122,0.13435605,0.4857503,0.44749907,5.3670526,3.8252792,2.928572,1.8821075,0.1087631,1.793797,20.714123,0.8195373,8.041106,1.4996961,11.672653,1.007281,7.7323146,1.8695947,0.019955656,2.0178413,0.8450555,0.8621112,9.874611,0.26741502,5.8652205,1.4471134,26.666676,0.26478472,582.77606,0.4742665,1305.4648,0.23641086,-112.415474,-0.81831294,1598.7742,0.20739788,1086.5491,0.4658897,-114.80231,-0.74924725,2649.152,0.13411185,905.3621,0.49346375,-118.826515,-0.68792105,-20.088577,-0.32473868,31.597057,0.19731776,0.025615023,2.132726,-0.013941798,-1.1160407,0.20215708,1.2092197,33.177715,0.3570923,15.721593,0.6061185,14.448408,1.009912,6.3030686,2.8992555,-9.050029,21.035112,-0.014078434,0.015528725,0.019453505,1.7928287,0.804829,0.60749996,0.2282953,0.49400002,0.55058515,-36.354473,06
32.09634,0.04805305,31.202309,31.978022,32.851955,1.6496468,61.73462,63.783047,18.552498,11.343935,0.48903194,0.9819234,0.08758374,0.2768769,0.8769633,0.7893796,8.228611,7.181433,7.1143327,5.4850993,0.2454367,1.5912361,18.510246,1.1167746,8.144095,1.4942133,7.5574727,1.5364603,6.256925,2.257408,0.014424919,1.336152,0.7309629,0.96415204,9.263419,0.31546354,2.6486545,3.0323582,22.22488,0.39846882,602.8726,0.5007011,1257.3171,0.24835749,-102.27069,-0.909117,1566.87,0.22987212,1013.42456,0.3048629,-105.65595,-0.8303972,2617.107,0.1366273,939.96204,0.42748684,-110.04164,-0.75788987,-16.224674,-0.458737,27.855036,0.30590242,0.041555118,1.5968604,-0.013357327,-1.2019768,0.41480488,1.1315738,32.49356,0.44324028,10.364658,1.2530082,8.070517,1.8115717,4.9540534,3.2196927,-10.951682,21.661798,-0.0139764175,0.010665507,0.05794162,1.9762846,0.998004,0.52,0.6044171,0.45,0.4636809,-30.180908,06
32.08383,0.054877065,31.048079,32.01498,33.844887,2.7968082,47.717777,40.00944,18.517979,11.09281,0.37058663,0.9805426,0.037203252,0.22522682,0.6493769,0.6121737,5.840727,3.835551,3.7943597,2.8070884,0.13958481,1.3611969,18.269503,1.0579547,9.272996,1.4315269,10.165786,1.0369765,5.543868,2.3301098,0.0139774615,1.1624126,0.888668,1.1184556,9.443493,0.3218125,6.45558,1.7123517,26.353867,0.257033,560.8735,0.47982574,1281.5934,0.24250726,-107.29344,-0.8822109,1523.7499,0.17977875,1044.0371,0.32801583,-108.30661,-0.81314856,2678.1675,0.1170631,885.36847,0.44015366,-113.41183,-0.73023504,-17.267385,-0.4110459,29.445593,0.23317172,0.043430306,1.296878,-0.012170509,-1.1611403,0.25027388,0.8277629,32.67784,0.4095816,12.6539955,0.94010305,10.681654,1.2569704,3.7390115,4.1957264,-7.9202266,17.824295,-0.0050574685,0.011373811,0.022557996,1.7167382,0.86767894,0.59,0.58021545,0.432,0.45591226,-33.593033,06
32.449207,0.054986387,31.505152,32.13637,33.431232,1.9260807,121.89075,128.42801,22.434559,16.847046,0.42245987,1.0782735,0.056238428,0.19021988,0.9003794,0.844141,10.839556,7.8527455,7.5593314,3.9115438,0.2209354,1.3634117,17.609837,0.90360993,-3.3468487,-2.7395165,5.9933434,2.210973,2.1778197,5.959503,0.020141054,1.0719376,1.3541647,0.7459194,6.6598125,0.5471291,5.5764623,1.9043909,22.049337,0.31099194,649.5387,0.4250888,1250.0201,0.21241985,-126.73373,-0.72328424,1597.1133,0.16641912,982.7121,0.39853403,-122.75216,-0.72592556,2676.4104,0.11269657,811.9057,0.406633,-125.61004,-0.6828606,-12.62784,-0.5025653,23.287487,0.2611126,0.04036385,1.2845492,-0.01204937,-1.1589965,0.4707217,0.68847126,31.53903,0.36277,-2.5581498,-4.6335073,10.210967,1.7565209,1.7672504,10.391819,-4.9858923,16.628876,0.0028013869,0.011200582,0.04298673,2.9850748,1.511335,0.26999998,0.13216151,0.5475,0.50766003,-32.867886,06
32.201977,0.08673168,31.306736,32.204315,33.84744,2.5407028,109.80371,129.24385,117.67782,196.37341,0.52653116,1.1895598,0.019971788,0.29978764,0.9818634,0.9618916,9.398828,5.0164657,9.297247,4.87362,0.29101124,1.2805651,17.22705,0.9480166,0.009890224,1217.1725,5.75893,2.402767,4.468469,3.1466753,0.02445986,2.1057816,1.0301721,0.76128024,8.066087,0.43794608,1.3218522,7.1574426,21.306887,0.41932917,632.1156,0.4706855,1253.6807,0.21786986,-124.75315,-0.7392743,1623.7281,0.21460776,985.5283,0.3550196,-123.913765,-0.71199095,2707.3726,0.12590821,835.8403,0.38471156,-127.279396,-0.6610881,-15.038849,-0.53297657,27.19583,0.2566188,0.008088952,6.5119214,-0.014369885,-1.1877455,0.62843347,0.5577754,32.11711,0.37320548,3.2515893,4.063974,9.478016,1.7413523,0.4906945,38.05841,-6.7976484,19.475296,-0.0018303632,0.012802614,0.04771762,2.2779045,0.92165905,0.445,0.47668123,0.40666667,0.46147105,-28.16847,06
32.63661,0.069509245,31.060108,32.433292,34.849457,3.7893486,110.661,133.20496,16.252693,11.632876,0.6495646,1.1813792,0.03661631,0.3378885,1.260744,1.2241277,12.489626,12.649382,7.0806847,3.6298296,0.36665013,1.3757095,16.191198,1.0102724,3.1006978,4.6016192,9.610404,1.2640456,5.6852245,2.9227374,0.021173993,1.169688,1.0564393,0.7352802,7.1437306,0.44978914,5.127479,2.0797951,17.262098,0.3730919,770.9735,0.40000588,1060.9496,0.25989175,-124.196175,-0.7496839,1773.8779,0.18178876,897.19257,0.34295207,-121.30021,-0.7357193,2764.815,0.12553728,733.8637,0.31357992,-121.89159,-0.7264418,-11.985934,-0.626045,21.511106,0.3729621,0.052603245,1.1228968,-0.011789971,-1.3950132,0.749308,0.7446372,28.059053,0.45896474,-2.647008,-5.7272863,11.081223,1.3786288,-0.5485187,-39.198162,-15.384084,26.814762,-0.02734469,0.0078583015,0.07785205,1.7699115,0.8948546,0.48,0.43063906,0.49199998,0.536932,-27.582438,06
32.7281,0.048324425,31.45023,32.37745,34.422127,2.9718971,48.445114,31.405178,19.334743,13.27312,0.5424704,1.2028971,0.050117083,0.20007773,1.2523528,1.2022357,10.377087,6.037528,6.297292,2.4058466,0.29140458,1.4586228,15.674768,0.9728262,-2.1512425,-6.102272,7.5088153,1.4709125,2.5698717,5.814846,0.01895507,1.1780672,1.1101259,0.77322865,7.2356853,0.43676564,4.640131,2.2367797,17.748552,0.3929559,780.40674,0.37594825,1128.8049,0.2682428,-120.484795,-0.7728471,1767.9648,0.18735735,938.9675,0.34698015,-116.821754,-0.7748125,2822.5513,0.123659834,802.07446,0.38312253,-118.08791,-0.75502086,-11.199973,-0.5515876,20.649763,0.31575167,0.054077305,0.9869169,-0.009988298,-1.5982467,0.6169022,0.7327211,27.902454,0.41460174,-2.7063096,-5.4008994,9.922983,1.4645671,0.56581444,35.78256,-5.768091,17.259315,0.0037704525,0.012465475,0.02269012,1.8099548,0.6864989,0.65999997,0.4445222,0.58,0.5249762,-29.287142,06
32.105183,0.051335502,31.099697,32.032,33.709675,2.6099777,23.78156,13.599482,16.813232,11.109453,0.29220617,1.0708842,0.012230371,0.19537304,0.6196027,0.6073723,3.6743698,2.926755,4.3948255,2.6394567,0.07567162,1.141626,16.466496,0.7895464,5.825457,2.0252228,11.28474,0.9907701,-3.2062697,-5.8041563,0.020770524,1.9697552,0.90607214,0.8446705,7.5534596,0.47371256,1.5754803,4.437552,15.970605,0.46930227,515.4761,0.5160297,1072.6635,0.19859046,-105.27724,-0.92989385,1577.4242,0.24871273,631.5448,0.4642527,-103.4899,-0.8930074,2605.26,0.14202914,513.03424,0.49474582,-104.46527,-0.8759658,-9.739953,-0.6309264,16.080284,0.4301969,0.07410653,0.44803423,-0.014332033,-0.9366812,0.13951537,0.548135,24.60189,0.38023895,1.6978151,8.296558,12.898389,1.0209476,-12.312907,-1.6752658,-12.295255,22.325344,0.0024368279,0.005898114,0.007916872,1.5486726,0.67114097,0.77,0.5385784,0.6933333,0.42593685,-40.571175,01
32.19959,0.040937066,31.199257,32.05947,33.592182,2.3929253,21.616005,9.877756,15.714458,6.4578366,0.29148963,1.1075096,0.008536922,0.18271112,0.60730636,0.5987694,3.4609897,1.5650032,4.464271,2.7797265,0.07667737,1.1618054,15.123959,0.97183603,4.216048,2.8422678,11.0220785,1.1079787,-3.3730052,-5.5962367,0.009601419,1.0074452,0.8240168,0.6962582,7.9024677,0.41465634,0.94245017,8.44391,15.561736,0.550406,530.41675,0.5123723,1052.3381,0.19618559,-104.976,-0.93632853,1609.6537,0.2544278,579.835,0.51540583,-103.87253,-0.892915,2634.7031,0.13784617,535.50867,0.27232447,-104.72774,-0.87714857,-9.762754,-0.62129706,16.165615,0.4393047,0.091505684,0.38339645,-0.016046466,-0.81406045,0.14457141,0.5336553,25.593363,0.36279035,1.0071595,14.275652,13.663879,1.0843446,-12.450641,-1.7491529,-10.022255,20.031153,0.008910982,0.009838693,0.0058870134,1.6203705,0.7025761,0.72999996,0.48463047,0.5025,0.4514075,-40.134224,01
32.18859,0.037876938,31.147432,32.06179,33.415043,2.2676105,20.680307,10.777771,9.626897,9.19659,0.25467998,1.0124171,0.008727014,0.19142614,0.5486102,0.5398832,2.8474991,2.0454054,3.7380948,2.2934115,0.05977141,1.0893031,14.836212,1.066843,7.7561684,1.3499595,9.384374,1.1367745,0.30295977,59.24902,0.01024885,0.92178226,0.8916812,0.8687496,8.596054,0.36970893,3.1829326,1.9762005,19.231163,0.3578458,476.846,0.51465535,1074.6461,0.19505116,-101.6919,-0.97494423,1472.068,0.24925125,653.9371,0.4530233,-101.12766,-0.91997683,2553.513,0.13222086,558.56323,0.35358274,-103.80663,-0.8721017,-10.564241,-0.52809125,19.318481,0.3757094,0.10550919,0.26610622,-0.015156197,-0.89821345,0.106630735,0.5102304,26.400972,0.37372944,5.401682,2.192965,8.505135,1.5738091,-8.287676,-2.4813282,-10.387109,20.13729,0.00027049961,0.0119294105,0.007881994,1.6317016,0.47169814,1.12,0.58,0.65,0.39064047,-42.119392,01
32.076675,0.04390402,31.128141,32.05566,33.363083,2.2349415,18.730476,8.283436,17.712177,5.8289948,0.2816274,1.0392836,0.00722833,0.20699297,0.563981,0.5567527,4.1137853,2.868587,3.384337,1.8669502,0.06924484,1.0896363,15.361263,1.0945423,5.0692697,2.6406472,9.289264,1.2142433,-1.8659126,-9.1222,0.011788614,1.4951719,0.81552076,0.955976,8.527207,0.3786449,2.7287147,2.7352726,19.198582,0.40542936,447.76663,0.47626477,1113.7808,0.18491565,-106.0712,-0.9264862,1464.795,0.22560287,667.86475,0.45558515,-100.76204,-0.92831516,2537.8196,0.12247085,557.99774,0.38850307,-103.489426,-0.8792889,-10.659481,-0.6320119,19.231256,0.38999036,0.10479186,0.38011706,-0.01605592,-0.859148,0.122729,0.513134,27.748304,0.35282856,1.344963,11.162193,10.192947,1.3373362,-10.123329,-1.9122714,-5.7031426,14.757617,0.023124604,0.011467195,0.0105486605,2.2421525,0.68027216,0.77,0.27067816,0.5075,0.43962342,-40.686584,01
32.10848,0.07040885,30.787693,31.742826,35.102802,4.3151093,27.770504,13.26856,12.196034,4.6285405,0.20553577,1.092028,0.008999463,0.13959682,0.4053285,0.39632905,2.7840152,1.7020508,2.7128758,1.2825586,0.043170862,1.1027805,17.068497,0.933244,8.719424,1.2064601,9.609365,1.2896116,6.0229616,2.6604269,0.012884248,1.42946,0.8634529,0.96826726,9.17618,0.34486428,4.694522,1.4492542,20.510563,0.34367824,408.81558,0.34422544,1102.4619,0.18968417,-101.437355,-0.96595144,1377.9124,0.17801228,752.2864,0.43306172,-103.71681,-0.88834506,2478.1208,0.06285351,509.287,0.631376,-107.08595,-0.8285413,-12.794125,-0.57827413,20.057922,0.38451856,0.09138817,0.42757168,-0.011868127,-0.99288183,0.078346305,0.5220353,28.954916,0.34646028,7.8120675,1.6315205,8.789939,1.7846787,0.2707821,70.45016,-12.113519,22.178467,-0.0106691215,0.011518213,0.005515693,2.0044544,0.6756757,0.76,0.5140039,0.5225,0.44706684,-43.688904,02
32.335957,0.06346166,30.967361,31.700735,35.154716,4.187355,18.676834,6.721294,15.222159,6.303025,0.2118596,1.0762995,0.007726646,0.13639343,0.44900352,0.44127688,2.515256,1.0009787,3.416048,1.6225578,0.046450265,1.168848,15.918458,0.9963122,7.846096,1.386859,7.823845,1.6176778,3.48636,4.795907,0.012601912,1.1909044,1.0045478,0.96098,8.841577,0.3462669,4.255187,1.6413193,19.617968,0.34907162,425.45706,0.393666,1084.5724,0.19698113,-102.43463,-0.9575701,1416.6855,0.20038185,710.67633,0.46225044,-103.85267,-0.8883761,2505.8076,0.09142572,483.7629,0.44089717,-107.00637,-0.8325305,-11.810147,-0.5862171,18.94452,0.39711326,0.09977079,0.32621616,-0.011173113,-0.9313544,0.085387416,0.57813853,27.619102,0.39132822,6.353729,2.0778174,9.275865,1.7272568,-1.1961427,-17.435093,-9.780497,20.004791,0.012626987,0.011918596,0.00510257,1.8518519,0.7025761,0.73333335,0.46942043,0.5,0.45271403,-43.752117,02
32.18515,0.06804051,30.897598,31.645863,34.98879,4.0911903,31.656868,12.217359,13.6807,7.1910176,0.22632639,0.9506834,0.00949163,0.20745379,0.47029528,0.46080366,2.1366613,1.2601657,2.7795925,1.2778864,0.053023808,1.0224501,16.936024,0.99134994,10.313082,1.0434216,6.0822234,1.9090146,5.2163863,2.946101,0.01245397,1.329963,0.841822,0.95339906,9.019241,0.34553882,4.3109617,2.0771825,22.687445,0.30784246,426.54852,0.34428868,1097.1023,0.19887605,-102.41555,-0.9485744,1387.4673,0.15972489,756.48706,0.38259175,-99.59372,-0.9221901,2510.0964,0.081039615,529.2308,0.45722264,-104.30036,-0.8389894,-12.8757715,-0.51328844,22.588188,0.284482,0.09589543,0.37951994,-0.013015693,-0.85691094,0.09076569,0.49547672,28.6201,0.34321594,9.725813,1.0800531,3.5252447,4.0632043,-0.20234685,-92.30267,-10.010017,20.3794,-0.01077835,0.010049797,0.008853918,1.9736842,0.6651885,0.81,0.74067533,0.6666666,0.36058593,-42.671124,02
31.97154,0.09125735,31.028994,31.75916,35.174644,4.145651,72.58971,72.82899,19.522339,13.010106,0.2716657,0.95311075,0.009387384,0.2561326,0.5135541,0.5041667,2.754712,1.9167558,3.0222166,1.737965,0.061392725,1.0246882,16.076168,1.0523797,8.874083,1.2761189,8.260695,1.437313,4.311954,3.4834855,0.013468263,1.462211,0.7896585,0.98144907,8.939095,0.41303724,6.580531,1.3441889,19.98733,0.36445755,442.70624,0.4359451,1112.0071,0.20155472,-101.39178,-0.9608999,1434.2416,0.1936656,678.08954,0.46924075,-94.02439,-0.97762597,2517.967,0.103954725,529.49066,0.48843196,-97.11173,-0.9183595,-11.104876,-0.61494064,19.19445,0.3846035,0.099697985,0.41838056,-0.012158707,-0.8487246,0.09983922,0.56740606,26.80604,0.3822038,4.9307275,2.243256,7.0740137,2.131573,-1.5691106,-10.806357,-11.974749,21.995575,-0.021521028,0.010180667,0.0119248275,1.923077,0.729927,0.7733334,0.76377714,0.42999998,0.33563372,-41.301563,02
31.977106,0.09305966,30.805256,31.731123,35.358345,4.553089,75.05259,67.98935,12.387231,8.601469,0.3075677,1.0534319,0.009845684,0.22749811,0.5611806,0.5513349,2.8580499,2.1125546,2.8248456,1.0945089,0.06930832,1.0778419,14.8034315,0.97887474,6.4418206,2.026478,6.3824935,2.1216605,1.1963023,14.358838,0.02472056,3.4587603,0.8707499,0.9171523,8.270185,0.49899238,4.102956,1.9109629,18.331898,0.41018957,493.34927,0.5517081,1043.131,0.27833915,-91.885925,-1.0622072,1525.0697,0.23813005,655.21985,0.46984014,-94.64123,-0.97434527,2601.023,0.13370806,531.38715,0.37696666,-97.449036,-0.91886175,-10.751337,-0.624856,18.48674,0.36108303,0.09844199,0.32504022,-0.012867421,-0.9394109,0.119742185,0.53166413,23.580013,0.4762962,6.36219,2.4173136,6.25869,2.7551157,-4.755499,-4.2010713,-6.8201704,17.177477,0.015414957,0.010199734,0.004733362,1.4613779,0.63291144,0.89,0.61259013,0.5,0.45765707,-39.628716,02
32.052647,0.09368444,30.831991,31.797018,35.133663,4.301672,52.88631,61.145214,15.726537,6.5586286,0.33070374,1.0511153,0.010049533,0.23890305,0.5855803,0.57553077,2.7589967,1.8877649,3.289394,1.362788,0.07384525,1.154378,15.562334,0.8961978,4.2381,3.2580256,7.1864944,1.8224218,1.0098408,20.03652,0.025603505,3.536753,0.86724365,0.9221818,8.289526,0.472058,3.036951,2.3977296,16.318996,0.4734196,485.96936,0.542268,1053.9209,0.23523408,-96.91918,-1.0171729,1528.7815,0.24145605,634.7271,0.47050026,-92.658936,-1.0095123,2568.414,0.1289642,537.2401,0.45251042,-95.19351,-0.9577289,-8.629728,-0.7790141,16.604597,0.43573052,0.10148363,0.36835507,-0.01158711,-1.107101,0.12592454,0.6439524,23.718775,0.45751613,1.1351911,14.450893,7.3887496,2.202407,-6.7527137,-3.4131827,-11.52248,22.812529,-0.00596273,0.011518512,0.0068849027,1.4028057,0.8097166,0.6925,0.2611872,0.41599998,0.46002612,-39.58873,02
31.905426,0.08370593,30.522635,31.655834,34.891155,4.3685207,31.881384,8.788185,15.69079,5.711879,0.37862146,1.041186,0.009732945,0.2995755,0.7043657,0.6946327,3.8059018,2.8892624,4.4191685,3.9153183,0.085084386,1.2189708,14.593286,1.1218734,7.6583056,1.6644241,8.744967,1.4061162,-0.8866111,-21.029423,0.017233936,1.6895999,0.738494,0.95152646,8.775376,0.46883804,5.259027,1.4967893,18.794556,0.46124768,464.39053,0.5221362,1053.8395,0.1877245,-100.23261,-0.972708,1489.0363,0.2347024,613.00684,0.48679763,-91.75363,-0.9958118,2587.9883,0.12579466,516.5889,0.30970314,-93.75885,-0.9573129,-11.435477,-0.6472553,19.730988,0.43292606,0.09283508,0.54077595,-0.01591929,-0.87929004,0.13692398,0.7768723,24.614538,0.44036338,6.9349766,2.0260577,9.571125,1.5261894,-8.727501,-2.3414454,-6.766526,16.336906,0.001969583,0.011119207,0.01354678,1.8292682,0.41067764,1.42,0.74,0.65999997,0.33236524,-37.0788,02
32.241062,0.13065256,30.858614,31.933165,35.374603,4.5159893,70.581,46.9637,22.275583,21.011196,0.38031164,1.069772,0.008571814,0.27024195,0.7037661,0.6951943,3.4239583,1.9991533,3.2029278,1.301615,0.09688607,1.1575886,12.478543,1.3334501,8.061154,1.6254407,7.564768,1.6866164,-1.4273404,-13.29353,0.022338593,2.5781653,0.79602206,0.9507864,7.7260957,0.5729382,4.950569,1.7491722,18.043764,0.46201396,549.6357,0.59676737,959.7628,0.3258689,-97.0869,-1.0112014,1578.3691,0.2789888,623.99915,0.41915527,-92.11236,-1.0156707,2666.1382,0.15139672,507.36337,0.64766556,-94.977745,-0.9591645,-9.423567,-0.8209339,17.378817,0.537636,0.09379143,0.5806404,-0.014574771,-0.80927265,0.16168423,0.6640824,21.445076,0.6514923,5.4387474,2.6614366,7.2599072,2.232396,-10.385483,-1.977563,-7.7558527,17.490717,0.0050470526,0.009924314,0.013040651,1.6701461,0.63291144,0.8933333,0.8639573,0.4975,0.42085478,-37.418518,02
32.526356,0.067408286,30.869995,31.928474,35.425278,4.5552826,26.0966,12.130989,19.464138,5.4222474,0.39175242,1.1669589,0.011842725,0.2731633,0.67887825,0.6670355,5.05855,3.4748921,3.4320314,1.8485273,0.13676275,1.612697,14.381177,1.0159042,4.423136,2.969891,9.4588375,1.3264117,-0.050491706,-410.05542,0.009933192,0.85447365,0.8063733,0.7174807,6.815662,0.52556986,2.8700643,2.0421379,15.977307,0.5566081,507.43494,0.49832729,1083.7766,0.20469958,-103.34802,-0.95796216,1575.0751,0.22422902,697.3699,0.62353563,-99.05216,-0.9359073,2627.683,0.1205699,617.9917,0.52346724,-99.76024,-0.9217449,-7.7935324,-1.0934398,14.748453,0.6162122,0.09130089,0.36012417,-0.013508596,-1.0925634,0.24768004,1.0181329,21.775658,0.60925084,0.71656215,21.997625,10.396549,1.5229343,-11.545781,-1.8776307,-11.105445,22.411247,-0.012497583,0.010381775,0.0077679446,1.7429196,0.66079295,0.81333333,0.3591038,0.5075,0.4334383,-36.85746,03
32.726227,0.064518616,31.264524,31.963955,35.563286,4.2987614,19.536467,11.467495,12.960679,6.6531405,0.4164771,1.1271689,0.009711603,0.31616062,0.7457168,0.7360052,5.3669276,4.3239408,4.1988273,2.1819391,0.13737482,1.4267075,13.654318,1.0620204,4.311341,3.1146843,9.658384,1.2621706,-0.7478326,-28.526373,0.013755821,1.3910773,0.9627858,0.8133179,7.403113,0.51095915,1.8717853,4.4725966,14.843102,0.64360553,490.4593,0.555109,1075.1774,0.23131025,-109.82844,-0.8906146,1522.8859,0.22021353,641.18085,0.39729297,-97.27844,-0.9572401,2590.4912,0.119487494,569.87067,0.44915986,-98.5341,-0.93323433,-7.2713556,-1.1186699,14.72176,0.6607017,0.087572254,0.3929494,-0.011555215,-1.2796805,0.24683936,0.8497952,20.834906,0.64291316,1.5470678,10.492793,10.533598,1.4719485,-12.292067,-1.7983538,-9.420823,19.48989,-0.0015025566,0.011291001,0.006810763,1.5486726,0.67114097,0.81,0.36175498,0.49249998,0.4533969,-36.140717,03
32.321465,0.0847929,31.148916,32.195446,34.739933,3.5910168,69.28405,94.684814,13.950325,16.40941,0.4793076,1.0795246,0.0055908114,0.35765514,0.863257,0.8576662,6.419207,4.838092,4.8990803,2.3743947,0.15731224,1.2219839,11.4153185,1.3593626,2.6156573,5.556107,8.700862,1.466144,-2.6355565,-6.695476,0.016151858,1.9547125,0.81541103,0.78900546,7.3084426,0.5371334,4.7029166,1.9469441,14.125918,0.56032455,740.8427,0.51368433,960.0946,0.36760804,-106.13009,-0.91238236,1787.4017,0.24460709,731.076,0.53432316,-98.57444,-0.96625715,2853.4026,0.14936125,566.7455,0.56287706,-100.59248,-0.92832273,-5.8506694,-1.1653816,13.91127,0.5569456,0.10286479,0.42920834,-0.011554786,-0.9357668,0.2823485,0.65813196,20.497171,0.5952887,-3.3847249,-4.6722083,11.020996,1.4691519,-12.447557,-1.476616,-5.5273995,15.028878,0.025706073,0.011732757,0.017824888,1.3452915,0.68027216,0.77666664,0.30003703,0.5025,0.4158951,-35.027855,03
32.75225,0.09578422,31.170874,31.911798,35.59108,4.420206,67.70733,52.42132,28.142822,12.349522,0.49979687,1.1072583,0.009238806,0.3341938,0.9950727,0.98583394,5.107732,2.857188,5.844413,2.7336574,0.14905839,1.2323407,11.447964,1.3312489,2.848495,5.3838534,11.82201,0.9739828,-2.2447376,-9.353418,0.034969505,3.237762,1.0028013,0.797125,7.073538,0.5713016,4.671312,1.5148476,13.403867,0.53270936,769.43005,0.48271734,914.7624,0.42217797,-105.048836,-0.9258367,1884.8667,0.24561217,652.05707,0.4949143,-98.0706,-0.96685016,2931.8171,0.14896429,627.9171,0.5381895,-99.00011,-0.94874525,-5.523622,-1.295764,13.195412,0.6101557,0.091280214,0.538832,-0.011632808,-1.1456016,0.27116603,0.6500727,19.936459,0.6266228,-3.5444262,-4.705135,13.05988,1.0850968,-14.991916,-1.3958293,-9.6389675,19.399767,-0.007672578,0.011181411,0.010685623,1.8099548,0.6864989,0.7733334,0.31678942,0.49499997,0.41560194,-34.976284,03
32.924618,0.064986646,31.377657,32.09238,35.839672,4.462015,30.939117,18.432695,23.422146,17.059868,0.46807706,1.1903294,0.01017793,0.29281336,0.86989516,0.85971725,7.814721,5.8279076,6.9077682,4.8012743,0.17931786,1.4332551,12.694386,1.1168233,0.21369289,68.70041,7.090706,1.7229781,-3.0612874,-6.6864605,0.0118928,1.045995,1.0430303,0.8230601,6.96451,0.5493254,-1.2062707,-7.522978,13.145308,0.7279271,659.625,0.5162072,1026.6239,0.2383881,-108.88941,-0.893451,1700.5851,0.23631606,711.9778,0.6748951,-103.382034,-0.9037424,2772.006,0.13339512,640.9393,0.5286504,-104.47277,-0.88359,-6.8856063,-1.0874988,14.936797,0.49719885,0.068036824,0.5751027,-0.014790527,-0.95659435,0.34004015,0.81362534,21.146347,0.5701163,-3.3108594,-4.9494624,7.682956,2.074131,-14.218817,-1.5867022,-6.084432,16.750614,0.013190914,0.009004109,0.014372193,1.8348624,1.3921114,0.35833332,0.1300534,0.33666667,0.42944404,-33.70867,03
33.363556,0.112888254,31.558815,32.25173,35.970936,4.412121,63.73642,35.68868,523.0124,987.3526,0.4893149,1.1617391,0.013433659,0.31052867,0.86125195,0.8478183,5.137553,4.3834176,5.3922296,2.800936,0.18113197,1.5630584,12.380541,1.1163098,-0.7871644,-17.734966,8.1434355,1.4161094,-2.5459926,-8.574189,0.016101593,1.9093703,1.0969704,0.8268274,6.753337,0.55988526,-2.1064246,-4.3029833,10.08464,0.97475576,675.08374,0.4876873,1044.3005,0.2841236,-104.6524,-0.9424853,1781.6267,0.23589982,592.503,0.5695216,-98.844666,-0.94205445,2802.4644,0.14396027,747.65533,0.43366158,-98.34406,-0.952351,-5.5845127,-1.3151864,12.619993,0.65471745,0.08721842,0.4520445,-0.0138722425,-0.9852423,0.3329385,0.9600733,19.922997,0.6356157,-5.1355553,-3.0694115,7.9399796,1.8807337,-14.986232,-1.5322653,-8.930914,19.501364,-0.005234092,0.009737516,0.0113347005,1.5945331,1.1520739,0.45799997,0.21131966,0.48,0.4573292,-33.84702,03
32.701656,0.08154402,31.397676,32.254265,35.646427,4.2487507,144.52544,196.29082,17.935965,8.946222,0.5846846,1.1031698,0.021032125,0.39349303,1.0584124,1.0373803,6.139308,4.225701,8.427158,7.3747253,0.24743009,1.2888093,13.581653,1.0981009,-0.6428942,-25.155895,11.265875,1.1757832,0.34008354,60.64212,0.0375494,2.5264144,1.1071439,0.8891193,6.7519894,0.5362268,3.557883,2.823099,12.068969,0.7937327,776.8524,0.48577693,1029.7158,0.47585276,-105.56947,-0.90590674,1828.9554,0.24310692,774.79193,0.4215244,-97.49687,-0.9635394,2867.054,0.15093161,666.048,0.5167418,-98.95138,-0.9369317,-7.2877507,-1.1386486,15.360399,0.6190282,0.07486248,0.713109,-0.0148364315,-0.85118,0.43981808,0.7474864,21.941935,0.54836434,-6.1745396,-2.6870377,12.221535,1.4025147,-11.594689,-1.8314235,-12.7139845,24.384285,-0.031462364,0.0066202944,0.028239476,1.6826924,1.216545,0.432,0.3719355,0.30666664,0.35803473,-31.6266,03
32.684883,0.0998217,31.209282,32.18196,34.78457,3.5752869,112.30978,95.27313,47.918182,52.35579,0.5656683,1.0049726,0.019092033,0.46396503,1.0821872,1.0630951,6.244688,5.3635635,6.504242,4.857809,0.21533576,1.1489383,12.221973,1.2136778,-1.9496652,-8.214887,9.181283,1.5232216,-3.8322175,-5.288473,0.033769518,2.7995408,0.9751439,0.8205163,6.1926317,0.60714865,1.8178989,4.2977495,12.083848,0.7621766,737.0338,0.49561486,1000.6836,0.3835285,-103.63385,-0.9336266,1793.3894,0.24922757,797.06445,0.49603167,-95.369514,-0.997818,2833.603,0.14657134,706.0643,0.59033173,-97.059265,-0.9636961,-6.209285,-1.1381049,13.633135,0.6291158,0.074106425,0.648979,-0.016541425,-0.6812359,0.3742783,0.62134874,20.835155,0.5765694,-5.6257377,-2.950804,11.916081,1.4173723,-15.400319,-1.368605,-5.863181,17.276258,-0.00856869,0.0050959173,0.02865003,2.672606,0.9009009,0.59749997,0.39219734,0.48749998,0.40462172,-33.401283,03
32.0717,0.042728063,31.261616,31.682219,33.95661,2.6949959,22.8757,12.014896,9.023045,2.8209214,0.25741884,0.9879004,0.009846859,0.21077523,0.5005839,0.49073702,1.9348373,1.09528,4.593194,2.4014516,0.052295778,1.0737915,17.908699,0.99761665,4.1635013,2.7610753,12.329202,0.8530111,-2.5710146,-7.477777,0.009101103,1.3953694,0.76237094,1.0595499,9.344932,0.32893518,2.0301616,4.3049946,19.930925,0.43764344,638.08185,0.4906988,1130.362,0.28244957,-98.792145,-0.9840582,1695.0908,0.2656638,891.6789,0.65784436,-100.11379,-0.9118943,2703.2478,0.135301,823.77454,0.52502424,-102.05914,-0.8774631,-12.648832,-0.57178247,19.622324,0.43066642,0.11619865,0.29557738,-0.016923722,-0.8473689,0.08998426,0.55005634,30.892107,0.37685463,2.7328494,4.6734533,14.1825695,0.861803,-12.166543,-1.6921004,-8.644854,18.473145,0.010827407,0.011484603,0.008610183,1.6949153,0.856531,0.625,0.6149187,0.41599998,0.44978222,-41.288216,04
32.176285,0.040398918,31.090538,31.829357,33.992065,2.9015274,18.928701,8.203956,14.332987,12.481264,0.24807516,0.9719352,0.010500395,0.196541,0.5497139,0.53921354,1.7055829,0.8252844,4.284016,2.1475153,0.055030815,1.0746108,17.744862,0.92368543,3.4707358,2.977495,9.670268,1.1850954,1.4252142,11.387836,0.014215426,1.1286968,0.85467523,0.8484836,8.348056,0.46197447,2.912033,2.860684,20.05579,0.376884,647.2901,0.5020069,1117.3026,0.28564486,-100.81912,-0.9574287,1686.6586,0.26283208,798.5552,0.4200618,-98.988304,-0.91996735,2722.1663,0.14084563,776.93646,0.5660294,-101.250626,-0.87806493,-11.557153,-0.54687524,19.80252,0.34294933,0.09480968,0.49293175,-0.012819329,-1.1243051,0.096062966,0.52441984,28.948185,0.41880786,3.5433395,3.5648665,11.302277,1.2496439,-6.0611186,-2.9023805,-8.25924,19.758427,0.0021448913,0.013402961,0.0058885333,1.7167382,0.6507592,0.84,0.5471746,0.505,0.4642467,-41.847122,04
33.105064,0.1507551,31.208687,31.762503,34.501526,3.292839,27.532106,17.96674,25.458334,0.0,0.22140554,0.93024796,0.008912467,0.21598965,0.3811953,0.37228283,1.4270494,0.7128372,2.2007422,1.3507944,0.04441629,1.0695577,18.779905,1.0238214,11.052625,0.93979406,10.499067,1.1548638,3.4376616,4.391503,0.012195,1.2752806,0.7179274,0.9652162,9.53431,0.42081136,4.73683,1.8336502,23.294289,0.4810622,524.185,0.5279254,1133.6295,0.2185413,-92.54245,-1.0436717,1494.1437,0.23545185,817.89044,0.39935887,-92.170204,-0.9762135,2597.4236,0.13125005,672.90875,0.48198667,-96.37604,-0.8967455,-14.10864,-0.6560133,23.442238,0.42403087,0.0996947,0.41916704,-0.014240555,-1.0787196,0.07004108,0.62565225,30.087317,0.5183627,10.9155855,1.1055449,9.614454,1.4677174,-2.804655,-5.774271,-12.179838,22.302359,-0.018957447,0.013046987,0.008735763,1.5936255,0.804829,0.72249997,0.8707576,0.49499997,0.44824657,-42.233902,04
33.04879,0.15803654,31.057308,31.748129,34.422283,3.364975,27.490177,16.165358,23.238916,0.0,0.25919893,0.9667907,0.008682311,0.22119915,0.5258597,0.5171774,2.134166,1.1962106,3.9241164,2.8159385,0.05659085,1.0418637,16.980183,1.0885173,6.017303,1.9281292,11.384735,0.97230154,-0.8266125,-20.671526,0.014053269,1.6172953,0.72527504,0.8668257,8.456248,0.5684179,3.4818017,2.7653809,20.486233,0.48668417,655.5183,0.4737535,1125.2715,0.23037732,-97.52663,-0.99884236,1725.491,0.25408974,882.4618,0.50693166,-93.58175,-0.97655416,2762.3296,0.11771087,856.7041,0.51917386,-95.59726,-0.93925345,-11.327228,-0.67576075,19.793644,0.4971366,0.1079484,0.37725133,-0.0135024935,-1.0552381,0.09429419,0.5180676,28.0569,0.53735346,4.0619636,3.313763,13.226958,0.9356857,-9.555743,-1.8142172,-8.365728,17.796738,0.005427707,0.012563096,0.006844828,1.6949153,0.6423983,0.8866666,0.8132786,0.6433333,0.4215316,-40.79642,04
32.33292,0.05811831,31.17463,31.89984,34.20459,3.0299606,54.43145,97.77305,28.530888,31.057823,0.25246608,1.0230668,0.010179061,0.15966378,0.55952644,0.5493474,3.476169,2.6034932,3.9051776,2.0572238,0.07909935,1.1420182,19.090237,0.8380285,5.139349,2.2102354,9.463445,1.0971556,8.303506,1.7062129,0.0154948095,2.7722292,0.9595187,0.8459486,8.296911,0.3600209,6.2773237,1.4601989,21.272057,0.3151554,642.90704,0.47452784,1147.2275,0.20545128,-106.99482,-0.9172074,1671.6481,0.23018053,788.1143,0.3196115,-102.440865,-0.9103757,2616.055,0.14262545,682.8123,0.26933542,-104.41793,-0.8743264,-11.860197,-0.37875718,18.331656,0.29780903,0.10552448,0.31716362,-0.012943364,-1.1947957,0.1470195,0.5337762,31.050549,0.31292057,-0.081477374,-144.62213,7.849124,1.5554769,4.982646,3.5505702,-14.439455,24.464897,-0.015574428,0.010288604,0.006363576,1.9911505,0.67114097,0.77,0.51192445,0.5225,0.47251323,-40.44398,04
32.477146,0.068033814,31.385422,31.996817,34.41722,3.0317993,-0.027833939,22.880514,19.016258,12.031024,0.30444086,0.9785118,0.013165565,0.21801569,0.6421749,0.6290093,2.8723881,1.3716096,5.0993237,2.4537067,0.09052538,1.0927147,20.53386,0.76310015,1.295979,9.934898,8.067325,1.2755985,4.3283386,3.497869,0.01945957,2.773981,0.84822047,0.8288194,8.545996,0.39403993,4.0405493,2.3219562,21.979044,0.34279695,586.06854,0.47460902,1219.3959,0.18892685,-104.45515,-0.93834233,1642.4852,0.2284019,788.24304,0.25387534,-97.61836,-0.953048,2660.474,0.12240536,724.63544,0.3894866,-100.83747,-0.8931332,-12.899059,-0.40053082,20.48726,0.2606349,0.10442284,0.35478747,-0.016781783,-0.79974455,0.16054656,0.5273751,31.894638,0.30265853,0.80070955,15.282513,8.080663,1.5449955,-2.0151973,-8.513682,-6.8670363,17.10643,0.022463437,0.0129218595,0.0076399385,1.9607844,0.66079295,0.82,0.5608921,0.6666666,0.42632797,-38.236794,04
32.414654,0.052779406,31.037655,31.832401,34.58952,3.5518646,23.49174,13.861869,12.606415,8.4687605,0.2219331,0.9694255,0.009686504,0.18938941,0.4402076,0.4305211,1.5605195,0.56295174,2.849915,1.7818855,0.053475596,1.0750264,20.108662,0.9228497,8.718762,1.3616685,10.688331,0.8480301,5.4804535,2.5364897,0.012242371,1.2835413,0.7799608,0.9598848,9.284487,0.40779686,4.1329546,2.7174828,23.35258,0.31517035,540.3775,0.53077596,1193.2223,0.21454085,-104.67431,-0.93395627,1557.202,0.25344414,878.376,0.3493929,-103.78237,-0.8833705,2576.7654,0.1358974,857.50165,0.45275328,-107.549614,-0.81885695,-15.363492,-0.3778177,23.407614,0.34882218,0.09831925,0.37082842,-0.016253354,-0.9740664,0.094943196,0.5114268,33.13855,0.404857,6.9346824,1.8666623,10.47388,1.0745603,-1.1026744,-14.262566,-12.524416,23.361961,-0.006662459,0.010280475,0.008854498,1.6697588,0.74906373,0.69,0.28618175,0.498,0.56375164,-40.948524,04
32.283802,0.10765699,31.262903,31.8825,34.586536,3.3236332,81.46777,99.2498,27.671211,24.269266,0.23807548,0.9780305,0.009320961,0.20536971,0.45895177,0.4496308,2.2413685,1.0380435,2.9908512,1.4819338,0.06275669,1.0382609,17.924154,1.0386136,7.987982,1.3414943,8.321566,0.98621184,4.854698,2.808432,0.03281102,1.9682573,0.89962465,0.9186331,8.244252,0.55374,4.4681063,3.4282284,21.653023,0.56277114,634.94446,0.4795064,1186.9017,0.25419024,-101.67043,-0.95886296,1639.6298,0.23730665,897.4883,0.34678373,-99.77968,-0.9224635,2639.777,0.13209525,790.95386,0.3323407,-103.31896,-0.8600189,-13.889189,-0.36414486,22.166866,0.31138086,0.10514154,0.3766283,-0.014110678,-1.0653524,0.111032575,0.4673359,31.063013,0.4020879,4.6086197,2.395191,7.2813034,1.275622,0.47345,34.32499,-11.968599,21.709625,-0.0012248266,0.011296101,0.007307479,1.7429196,0.66079295,0.81333333,0.15107025,0.67333335,0.387843,-40.323196,04
32.39662,0.10910247,30.801674,31.716566,34.3611,3.5594254,21.182974,11.58532,43.026688,41.064598,0.50579965,1.0936315,0.00801193,0.3055155,1.0717893,1.0637773,6.694105,4.2577066,6.4333124,2.556359,0.20231013,1.2139248,14.201624,1.1043768,-2.3692198,-6.327871,6.2749815,2.477972,-4.219112,-5.0686607,0.0173373,1.3872293,1.165382,0.7146007,6.0596724,0.6003347,-0.7080208,-12.689417,12.279767,0.7646727,750.4272,0.4207099,1062.0497,0.29127654,-105.398224,-0.944854,1831.1315,0.20450206,788.59,0.58767176,-98.730354,-0.9584139,2862.1023,0.119977385,776.4948,0.5149685,-99.66611,-0.9410631,-4.805566,-1.524995,14.718246,0.56796044,0.09171818,0.46964148,-0.012074898,-1.3352852,0.3768301,0.59798986,24.209345,0.5147277,-10.014626,-1.5688992,7.7970653,2.5538516,-15.682256,-1.4909189,-7.4957385,18.219278,0.0076355985,0.012257061,0.012233034,1.7699115,1.1185683,0.46599996,0.26462048,0.404,0.4514244,-33.47725,05
32.306217,0.11630325,31.139832,31.762201,34.639732,3.4999008,183.48732,186.6543,59.400352,83.76372,0.61146057,1.1067528,0.010926156,0.33230007,1.322106,1.3111799,7.585287,4.7359257,6.9600325,3.0573316,0.24511328,1.1756868,15.434947,0.9232342,-4.1532474,-4.10403,8.349514,1.7893109,-3.1722834,-7.1260943,0.02134102,1.7470365,1.150085,0.8115842,5.6164045,0.72110534,-0.07267698,-118.991325,7.117415,1.3089923,840.09937,0.3635021,988.48785,0.35120404,-98.2132,-1.0132226,1909.4054,0.20393996,759.94336,0.46868593,-96.7081,-0.9896764,2887.7625,0.12787071,778.38257,0.42103574,-96.86749,-0.9850919,-2.9468966,-2.4837992,12.720717,0.5842153,0.08493655,0.4930975,-0.01151615,-1.4173826,0.45174995,0.56514233,23.772238,0.49860045,-14.04496,-1.1762877,11.03094,1.7307178,-15.118983,-1.594972,-12.189094,24.194368,-0.012008056,0.011891583,0.0123934625,1.7167382,1.0845987,0.484,0.30097175,0.34666666,0.43145746,-31.310196,05
32.71483,0.14102452,30.882185,31.747726,33.834652,2.952467,58.148518,55.439724,38.995205,35.615284,0.5576799,1.0171173,0.009906941,0.41363415,1.1923244,1.1824175,6.887405,5.167609,5.594062,2.537097,0.17642452,1.084552,16.248613,0.9079091,-3.6874168,-4.957726,8.994557,1.4367565,-4.180202,-5.2286077,0.023036607,1.5448503,0.9346936,0.7516035,6.007756,0.74156994,-2.1613982,-3.6516643,9.068537,1.1044663,941.5028,0.29772922,903.1148,0.4161772,-91.34235,-1.0754632,2051.7864,0.17453542,850.02875,0.36560807,-90.85,-1.0473639,3018.6416,0.103755325,869.23065,0.57082283,-91.69189,-1.0293632,-4.204617,-1.6939074,13.773101,0.5254494,0.109868124,0.37618932,-0.011459824,-1.4060853,0.3051409,0.5324374,24.475626,0.4672638,-13.661289,-1.2887001,10.471877,1.4712982,-16.416866,-1.2906188,-11.343461,22.765831,-0.0063861613,0.010746435,0.010432166,1.754386,0.6651885,0.84666663,0.3064129,0.63,0.3765634,-33.98345,05
32.76762,0.12803993,31.231594,32.031673,34.593384,3.3617897,57.865795,46.38531,737.4429,1112.1183,0.6528533,1.0237733,0.009496132,0.43786645,1.3855715,1.3760754,7.359681,3.6642218,5.0871725,2.0434477,0.23940988,1.0648566,14.476348,1.0941035,-3.4242294,-5.1940727,7.804964,1.6390427,-1.1116596,-17.706726,0.03830689,3.4743967,1.0170437,0.82228714,6.6979065,0.6126188,-0.9420881,-8.792608,10.520241,0.83286744,923.43164,0.28650117,935.9325,0.35487473,-96.47786,-1.0112619,1993.7836,0.16636898,788.8682,0.3378804,-91.38309,-1.0510244,3001.7256,0.10219628,741.54803,0.5337561,-93.496025,-1.008161,-3.6443634,-1.9017835,13.636203,0.6035697,0.10643529,0.40103263,-0.0121348705,-1.2302194,0.42117506,0.48986244,23.341888,0.56744,-13.42367,-1.2663138,7.974286,2.0692692,-12.983535,-1.412974,-9.704174,20.609976,-0.0076153367,0.014700551,0.016843114,1.7699115,1.3422819,0.405,0.43652987,0.378,0.41925648,-31.794754,05
32.529945,0.088834435,31.21326,32.28109,34.977894,3.7646332,83.798935,80.54691,35.524746,32.13308,0.7680306,1.0176858,0.02140523,0.5348582,1.572113,1.5507078,12.007223,6.848029,10.560469,6.882968,0.44022837,1.1999756,14.603287,0.77503586,-7.848194,-2.0577335,7.2487707,2.0793338,-2.0597134,-10.316552,0.03959199,2.4028902,1.3151026,0.66916496,2.7424443,1.3772364,-1.4782386,-7.753634,3.9193451,2.5977604,869.9376,0.26966766,1001.7862,0.29962486,-97.018906,-1.0201259,1928.0868,0.15540427,893.48914,0.5791462,-94.98389,-1.0073733,2844.3525,0.09219837,995.21014,0.5146566,-94.61909,-1.0161222,-2.4910612,-2.7937708,8.937028,0.9289915,0.051080577,0.897216,-0.014235309,-1.2195146,0.79501146,0.6165376,20.198982,0.47763902,-14.484095,-1.1294273,9.114437,2.000342,-12.577528,-1.8449444,-9.908,23.0172,-0.014228974,0.013137723,0.030184204,2.1321962,1.2931035,0.41,0.18511257,0.34,0.42968982,-29.459711,05
32.458466,0.109024905,31.202995,32.33519,34.9796,3.7766037,299.10416,290.72208,332.65076,616.09564,0.9263648,0.94797885,0.01759932,0.6719162,1.873505,1.8559057,12.885369,8.008909,8.240617,4.646369,0.5485693,1.0523782,13.33101,0.8486148,-6.2530904,-2.7113566,10.24788,1.4846135,1.303629,16.266045,0.042634316,2.5359254,1.2354903,0.59046483,2.5357254,1.5114675,-0.79715145,-11.596238,2.4324512,3.5717425,904.31934,0.23318897,1018.35657,0.3681302,-90.243256,-1.083124,1993.2897,0.116897166,812.3605,0.4615893,-90.45323,-1.0518385,2885.2512,0.07796808,1033.5322,0.40177658,-89.807236,-1.0664781,-1.5720412,-4.2685018,8.672622,0.7642492,0.04517104,0.933918,-0.014762755,-1.2405697,0.9433588,0.50855273,18.766151,0.5000632,-15.429638,-1.027586,10.651376,1.7709754,-8.32759,-2.8001065,-13.235354,25.255522,-0.030960606,0.01051668,0.048636455,2.173913,1.1976049,0.4583333,0.20554128,0.2625,0.34379318,-27.78849,05
33.91867,0.13091178,31.69133,32.759617,35.37415,3.6828194,185.00676,195.98581,56.571854,36.914474,1.0243359,0.9396633,0.022070829,0.8809476,2.0257983,2.0037274,11.904252,6.38143,7.9381266,3.2352414,0.5535155,1.0426134,13.981437,1.0176167,-8.702943,-2.369905,9.182062,1.7079799,-6.552781,-3.196016,0.020050671,1.5906578,1.2120411,0.8092909,4.508978,0.7683284,0.9754466,8.245875,4.750862,2.3293688,961.96423,0.21855827,932.3722,0.38071078,-84.72723,-1.1594756,2033.7681,0.12765153,790.62054,0.48177233,-84.690056,-1.1248488,2966.6194,0.08308857,967.83844,0.40521172,-84.35351,-1.1335648,-1.8382769,-4.007234,9.664949,0.921047,0.058711898,0.8032645,-0.01235351,-1.1946206,0.9178718,0.53545994,18.702597,0.67927676,-18.75884,-1.0113728,9.511876,1.8393961,-16.64116,-1.291854,-6.485451,17.172554,0.015916089,0.008470118,0.04658871,1.7013233,1.7175573,0.3322222,0.19395176,0.22777778,0.32433787,-26.897724,05
33.552094,0.16159604,31.489285,32.41711,35.275063,3.785778,263.80048,114.412476,72.272835,78.57911,0.9948867,0.91372186,0.015445546,0.84896994,2.0422723,2.0268269,9.717568,6.1012764,7.46968,2.5922327,0.51157045,1.0558313,11.627062,1.3674052,-6.5808673,-2.875062,9.109594,1.5130078,-5.141638,-4.0469203,0.037759766,2.4398286,1.1496142,0.69348586,4.064973,1.0230273,0.6985169,10.809936,4.293022,2.1735103,928.0736,0.22860399,932.6232,0.37917027,-83.625534,-1.175931,2017.8633,0.1255761,830.2556,0.4468952,-82.49366,-1.1484299,2908.0952,0.07966527,984.87537,0.37922657,-80.91489,-1.1784072,-2.3848574,-3.4333084,9.718801,0.83278126,0.06899955,0.68784827,-0.0144579355,-1.1560669,0.824088,0.58522147,18.198061,0.7208612,-14.518906,-1.3165601,9.545126,1.7643381,-14.665472,-1.4402685,-5.4951124,15.618754,0.0065764044,0.013783478,0.038653918,1.8315018,1.2939003,0.45999998,0.41655043,0.255,0.36708307,-27.40164,05
32.771366,0.10825652,31.255322,31.96084,34.65812,3.4027977,29.798828,5.804027,41.053047,45.393326,0.36229533,1.0010399,0.010974153,0.29452804,0.72232574,0.7113516,4.493191,3.402708,4.605455,2.8545444,0.107046016,1.1056118,16.885239,0.8807245,0.6466375,20.833427,7.8210936,1.386354,-0.88898206,-22.096035,0.016660929,1.3041961,0.96541977,0.852961,7.1300635,0.56293374,1.6791816,5.6286964,16.50052,0.50610954,599.9656,0.49004018,1140.4934,0.23573732,-100.36419,-0.9862594,1608.3289,0.20530362,856.45703,0.42410168,-95.28647,-0.9841006,2632.0854,0.14825885,658.45703,0.376767,-96.9001,-0.95245415,-8.380293,-0.7465384,17.050402,0.46748897,0.11402667,0.28768095,-0.013251068,-1.052223,0.18815292,0.54347223,26.158443,0.45319253,-3.5253186,-4.1727743,7.731231,1.7552849,-10.85843,-1.9404972,-7.9805164,18.820545,0.006918173,0.010784768,0.008230155,2.2624433,0.45766592,1.2099999,0.61,0.6333333,0.4030164,-37.98653,06
32.366196,0.04829314,31.050667,31.94917,34.196815,3.1461487,21.213448,12.313742,-2.8477905,21.111635,0.21750923,1.0160422,0.00738072,0.16076338,0.48429856,0.47691783,2.1064184,1.324545,3.359308,2.1093116,0.05530396,1.1243277,17.916351,1.0091008,2.686415,3.9006681,8.969156,1.1422724,0.83801,22.478024,0.011649744,0.91389126,0.9015138,0.87706697,8.282675,0.38649833,4.9478374,1.6332359,21.927322,0.31034252,632.66754,0.46940237,1160.1176,0.2452822,-104.19271,-0.93933135,1689.9902,0.23707387,803.0132,0.39176613,-103.68893,-0.8868485,2672.538,0.15312503,837.5832,0.43488792,-106.28004,-0.8430663,-11.913801,-0.46845305,20.199192,0.31823346,0.09694838,0.3701136,-0.015170173,-0.9924907,0.10082885,0.54372513,31.99876,0.32817498,0.26961806,44.490913,10.153325,1.1736215,-6.006181,-3.8039396,-6.053806,15.433188,0.017876929,0.011494257,0.0069156634,2.0179372,0.9070295,0.565,0.21406774,0.5125,0.46294573,-43.474392,06
32.449295,0.05161822,31.412182,31.952887,34.343864,2.9316826,66.4582,109.58651,14.642899,6.9594197,0.27054796,0.98230255,0.009349519,0.231266,0.522461,0.5131115,2.8496091,1.8796567,3.4105346,1.7366875,0.072455645,1.0576683,18.969446,0.9389255,5.5416822,2.098653,7.2514396,1.2646935,0.48181832,32.150013,0.027730709,4.089915,0.8118247,0.8565273,9.166902,0.38648146,4.480125,3.019419,23.694902,0.26491058,543.5321,0.530433,1215.6896,0.22473715,-105.637985,-0.928413,1524.9761,0.24422571,879.33325,0.29117137,-97.149796,-0.9617314,2596.1245,0.12782909,767.37225,0.384391,-102.10607,-0.8706335,-13.123821,-0.39824116,22.973495,0.29181775,0.108634114,0.36662126,-0.016540596,-0.88114244,0.1263851,0.50429386,31.899668,0.32996237,2.1477754,5.353762,6.251391,1.786977,-8.514493,-1.7916933,-9.249046,19.185709,0.005349686,0.011471521,0.008553903,2.1786494,0.66079295,0.82,0.76384985,0.5025,0.43808532,-39.545452,06
32.269093,0.05895112,31.330435,31.892914,33.936928,2.606493,53.406517,62.48954,21.724623,18.744003,0.33685505,1.0254505,0.00927702,0.29028165,0.69549197,0.6862149,4.1745787,2.9852386,5.210203,3.0221665,0.101412356,1.1024264,15.879364,1.0135834,4.175995,3.4843585,9.974528,0.9941006,0.06649309,287.69498,0.011385841,0.9213039,0.9375559,0.6693429,7.224737,0.4706685,3.2130919,3.196335,17.483847,0.40184262,791.9073,0.42050323,1058.9343,0.25877467,-105.85471,-0.9050912,1813.242,0.22306204,887.7989,0.30705082,-99.63766,-0.9415875,2840.525,0.12402253,680.9635,0.39622706,-101.50584,-0.9056758,-8.603187,-0.67631006,16.52249,0.41385764,0.107323356,0.27556,-0.014134369,-1.0619428,0.18377723,0.5159375,26.686943,0.4340841,-3.9295955,-3.4576375,10.932688,1.1523707,-12.360265,-1.4488288,-13.411085,24.079329,-0.017476786,0.012219697,0.009908299,2.0179372,0.68027216,0.77666664,0.7182076,0.5025,0.4351077,-38.851555,06
33.67154,0.20400688,29.9855,32.39361,35.90503,5.919529,296.99884,364.23404,83.181885,36.42175,0.4421441,1.0466423,0.01673995,0.26633245,0.88514495,0.868405,5.6181097,2.4581027,7.1668706,2.7524822,0.24050745,1.2088169,15.573014,0.9566027,-1.2120476,-11.001777,4.462349,3.0461519,1.4397564,14.279484,0.062081642,1.6357297,1.3597828,0.5164765,3.6467543,1.1562929,0.79458123,12.8522215,19.52136,0.5582014,897.8141,0.32217917,977.0208,0.34861585,-102.352585,-0.9387018,1949.5697,0.16638327,838.2617,0.30308253,-99.11958,-0.9490303,3033.6416,0.13234083,839.35223,0.5759294,-103.3139,-0.87196666,-7.975456,-0.996443,16.940496,0.55209154,0.103832535,0.3793733,-0.012213197,-1.1495926,0.44518813,0.5983428,22.45876,0.6655364,-6.129948,-1.980746,1.4527401,11.837279,-8.881103,-2.5734818,-12.352898,22.913645,-0.005303145,0.009604253,0.014901669,2.690583,1.1337869,0.45999998,0.4083136,0.39799997,0.43194443,-33.983704,06
35.316093,0.16528921,31.56971,32.5399,36.32013,4.7504196,91.254326,77.91058,63.259148,20.362614,0.56860983,1.0815467,0.011064647,0.34912133,1.0954611,1.0843965,8.309029,6.0652795,7.368643,3.828977,0.30766284,1.3643763,14.137488,1.0284698,-3.3507829,-4.638998,4.0337276,2.589031,0.520649,37.464287,0.041627113,2.181829,1.1125754,0.6023582,6.032149,0.6421175,0.61391854,14.745744,13.530077,0.64015305,857.8654,0.30488846,1003.2586,0.27004036,-104.45209,-0.9278234,1842.7635,0.13971281,855.3611,0.38851798,-101.568985,-0.9259545,2839.8838,0.1033047,683.71826,0.37644938,-104.42185,-0.8752619,-6.840336,-0.9060447,15.281797,0.5045192,0.111221515,0.3198144,-0.0142856585,-0.9770703,0.5797743,0.7298399,22.745926,0.52697647,-11.258271,-1.3518848,0.86942333,14.123232,-10.673772,-1.867207,-7.772359,18.936127,0.005802667,0.0121774785,0.02292641,1.8648019,1.1792454,0.42999998,0.18697593,0.65,0.42708313,-31.235952,06
34.14864,0.11805305,31.528364,34.001404,35.715305,4.186941,53.24756,19.83471,58.89198,39.105927,0.5367882,0.98189354,0.008889743,0.41708508,1.0673158,1.058426,8.312971,5.6586003,6.122914,3.3093643,0.25457847,1.26701,13.2063875,1.2376814,-2.2669098,-6.674034,5.9229217,2.0154777,-3.6727948,-5.219146,0.036650866,1.8792973,0.89543456,0.66318184,6.736194,0.61761737,4.291893,2.501275,17.706123,0.42275664,882.18976,0.33022887,929.9363,0.32433164,-104.568634,-0.9226861,1922.5253,0.16176747,843.5104,0.43094137,-99.09638,-0.9546726,2950.21,0.10582681,687.58575,0.30997893,-100.77057,-0.92217636,-8.851846,-0.7167942,17.118261,0.39043802,0.12030863,0.33281398,-0.014131438,-0.99713594,0.46687338,0.67821074,24.145134,0.45911345,-8.744995,-1.5940005,7.727651,2.003356,-14.784802,-1.3345436,-3.1050916,13.203661,0.03663487,0.013207163,0.017377788,2.4122808,0.6651885,0.79333335,0.74172467,0.515,0.43694964,-32.24758,06
33.241123,0.117224336,31.074493,32.407597,34.96314,3.8886452,130.1222,129.07152,41.29762,17.4615,0.51509166,1.0792646,0.010443409,0.31445664,1.0514193,1.0409758,7.8990893,6.201522,5.7805653,3.4598384,0.22404535,1.2964969,14.200509,1.1737394,-2.951977,-6.166273,7.762872,1.5954833,1.9313767,8.936226,0.03534832,1.5713805,1.170857,0.7114342,4.770759,0.9052674,2.668236,3.010705,15.827136,0.42020413,969.5825,0.20994586,873.6746,0.32211348,-99.79305,-0.97725475,1982.2612,0.103124544,841.66833,0.29169327,-95.83476,-1.0134293,2978.2986,0.0897758,722.49634,0.39037356,-99.17577,-0.94770545,-5.5347548,-0.9317372,13.343809,0.43916282,0.114828505,0.3555985,-0.010023336,-1.5206558,0.41282213,0.6986553,24.146109,0.49774224,-14.533596,-1.1447731,5.3349366,2.759824,-6.3637857,-2.9650822,-9.681294,19.422167,-0.0031830117,0.010474073,0.013986974,1.8099548,0.91533184,0.5725,0.383365,0.39799997,0.42082775,-33.504765,06
44.418427,0.023823008,43.673363,44.001335,45.68818,2.0148163,14.424456,6.7804375,11.637041,3.1102896,0.34743837,1.0372922,0.0048440453,0.20209627,0.7348931,0.730049,3.830268,2.1363301,4.010153,1.178248,0.08885551,1.1481515,6.372608,1.6675415,-8.788283,-1.5096536,-6.0249496,-2.3765967,-25.26099,-0.9570223,0.007713983,1.6405495,0.6491818,0.84995055,12.985122,0.36786628,12.09858,0.5762866,16.348495,0.4493846,594.48114,0.45968437,1193.641,0.28782627,-149.49763,-0.54650927,1640.8622,0.18771638,768.8793,0.39655995,-101.12122,-0.90281403,2897.1326,0.09591212,617.1399,0.9334798,-103.361725,-0.86141163,-8.550487,-0.80669624,16.522633,0.42156643,0.16829082,0.15299556,-0.00544312,-2.107127,0.16301028,0.54394406,12.465246,0.7785076,-16.789251,-0.7787386,-10.287573,-1.7586285,-44.00973,-0.3851214,0.0006011291,7.2183747,0.1295477,0.0153062735,0.007890198,1.6701461,1.0548524,0.49599996,0.2803284,0.35833332,0.46383968,-38.57041,01
44.398937,0.025533928,43.578075,44.028545,45.76569,2.1876144,24.012344,7.9354434,12.502592,6.48407,0.31532073,1.0691142,0.002266626,0.18650123,0.64098805,0.6387214,3.8496118,2.5483167,3.7865999,2.0293376,0.08487866,1.2109491,6.194627,1.8713758,-8.142792,-1.6174971,-4.5007014,-3.0861964,-25.433636,-1.0087595,0.008706163,1.5311207,0.70529616,0.7961463,12.534247,0.40941498,12.070221,0.5072273,16.666193,0.53469473,588.18164,0.550971,1151.9806,0.30457804,-152.0311,-0.52518827,1594.5455,0.22282882,794.3616,0.47692692,-102.791,-0.89336455,2831.411,0.10514436,600.18335,0.87090206,-105.45964,-0.8445971,-9.002385,-0.74551225,17.182516,0.43781206,0.16766374,0.1512057,-0.0057502356,-1.8168882,0.15841556,0.5974503,13.292785,0.74266064,-15.96406,-0.8260423,-8.408724,-2.08807,-45.206005,-0.4144214,2.20312,4.192413,0.12846854,0.017507628,0.007972073,1.9313306,0.86767894,0.59999996,0.23248655,0.53249997,0.49012116,-39.164413,01
44.300762,0.026773706,43.607048,44.08049,45.40866,1.8016129,30.102665,19.830248,13.219013,3.8356185,0.34869915,1.0373648,0.0024901647,0.2467531,0.7101615,0.70767134,3.219914,1.7629696,4.1098256,1.6508542,0.08788404,1.1519735,6.4462504,1.742319,-7.845242,-1.6237193,-6.228716,-2.016863,-24.712677,-1.0052195,0.007911687,1.6990935,0.7073009,1.0451243,12.775625,0.39138213,12.14985,0.48842454,16.467384,0.53746206,669.86084,0.52384585,1132.7144,0.30872402,-137.90746,-0.62480694,1677.4928,0.21629117,815.32837,0.44171488,-99.91111,-0.9132766,2896.94,0.09926899,558.37274,0.8123741,-102.75438,-0.8607432,-8.8221655,-0.73184276,17.160118,0.43988273,0.16976312,0.18479243,-0.006857479,-1.3781753,0.15962522,0.55018103,12.360862,0.8938878,-14.94298,-0.8865322,-9.755159,-1.5932821,-44.151363,-0.39704368,-0.41465405,7.993598,0.13301946,0.018191028,0.008575524,1.7057569,0.862069,0.62,0.36228442,0.414,0.45583332,-38.740395,01
44.439075,0.031175064,43.69545,44.04434,45.670277,1.9748268,64.16007,54.436962,17.098877,17.480337,0.34653366,1.0084095,0.00393847,0.23750883,0.7296982,0.7257597,3.549068,1.9539756,3.604321,1.6159079,0.0872011,1.098346,5.785314,1.9840933,-7.742967,-1.786394,-4.5671725,-2.7306244,-25.331306,-0.99239665,0.007076066,1.4649357,0.63558346,0.930558,13.040023,0.36451712,12.221974,0.41291863,15.0063925,0.5806656,613.79803,0.49495876,1164.1464,0.29469898,-147.5669,-0.5562568,1656.3695,0.2060451,832.68475,0.5661806,-102.421936,-0.89198595,2845.9812,0.097037114,600.54694,0.6827602,-103.94618,-0.8629904,-8.482499,-0.76370525,15.924327,0.46124703,0.17151584,0.16833384,-0.006549345,-1.4129077,0.16100445,0.46943757,12.0051985,0.87588215,-16.03779,-0.8456321,-7.88751,-1.9989767,-45.2857,-0.38956374,-0.089105435,7.357735,0.12856829,0.015886113,0.007907866,1.9189765,0.862069,0.60749996,0.374124,0.424,0.45858914,-38.836662,01
44.893913,0.038130768,43.686295,44.031693,47.327023,3.640728,19.044651,7.33169,11.980257,6.5553913,0.19980483,1.0512972,0.0020423841,0.15915595,0.34753144,0.34548905,2.133933,1.3871783,2.628046,1.4598255,0.042713944,1.125624,6.73329,1.800312,-6.7090044,-1.593121,-6.1674705,-2.3186462,-26.194328,-0.99127847,0.008469022,1.4662884,0.71815753,1.0484449,13.775722,0.33686304,11.949332,0.6664398,17.82157,0.538769,632.7739,0.51988083,1215.933,0.28914404,-145.49162,-0.5636678,1656.0634,0.2148636,809.2076,0.47684878,-106.06053,-0.84412456,2953.7654,0.07904328,740.0946,0.8589275,-109.21651,-0.79087013,-10.607013,-0.6409218,19.182936,0.40633246,0.18297872,0.11849047,-0.007504146,-1.5187414,0.07653019,0.54512984,14.267783,0.7366507,-12.111172,-0.9532749,-10.687663,-1.6635578,-46.712116,-0.401547,0.46473742,6.3977413,0.14370549,0.017098341,0.012069078,2.2357724,1.2320329,0.4133333,0.3173151,0.375,0.4658594,-44.22235,02
44.79801,0.03813463,43.69608,44.031403,46.630894,2.9348145,15.576499,6.7708306,9.967963,4.079313,0.2692128,0.99163514,0.0025202,0.24485442,0.49977344,0.49725324,3.0243566,1.8791687,3.400594,1.5988839,0.059026536,1.0709077,6.9491935,1.5349052,-7.435008,-1.5949597,-6.231639,-2.438524,-27.865404,-0.9376078,0.0085058445,1.4391564,0.67187744,0.872249,13.204782,0.40975246,12.961925,0.5381762,15.892541,0.5761804,586.2202,0.51396805,1115.8228,0.26981667,-151.48863,-0.53120005,1657.5542,0.2286913,834.17224,0.45724994,-94.4025,-0.9488469,2907.826,0.09527177,763.6234,0.6616882,-95.67564,-0.92352337,-10.087605,-0.56990147,17.117573,0.40234953,0.17869756,0.1489762,-0.005831525,-1.5700004,0.09920598,0.54510677,12.64129,0.7578956,-12.599806,-0.98376435,-10.451854,-1.7559392,-46.158783,-0.40507135,1.6084881,5.0671453,0.13022034,0.01812134,0.00677283,2.4904215,0.58027077,0.99333334,0.06847546,0.53,0.49784532,-41.488045,02
44.83429,0.040293228,43.66214,44.040684,47.119633,3.4574928,29.140812,23.383299,15.082138,6.605195,0.29284596,1.0093491,0.0025725577,0.22332615,0.5708547,0.5682822,2.6142874,1.3109218,3.4533591,1.6635492,0.06751165,1.1258702,6.295765,1.8415071,-6.888809,-1.8515753,-8.061983,-1.5844669,-27.586964,-0.9843338,0.009495392,2.0324428,0.7291639,1.0390944,13.255156,0.35040867,10.586999,0.60509217,16.078602,0.5981546,633.4583,0.57023627,1098.8451,0.3244911,-149.19061,-0.5405004,1622.1038,0.24262822,853.9391,0.43537644,-100.05481,-0.9195992,2888.4768,0.077429965,511.89066,0.832287,-103.412415,-0.85819733,-9.556863,-0.60518503,17.98689,0.3845423,0.17533724,0.13339104,-0.0044640023,-2.2377038,0.121517584,0.5330206,12.698533,0.8619239,-14.636985,-0.83702284,-12.757776,-1.1904583,-48.746456,-0.39752153,-1.1979879,7.746361,0.1397043,0.016500859,0.009514078,2.217742,1.01833,0.52,0.21052316,0.438,0.46473217,-40.42731,02
44.53837,0.053048704,43.63514,44.04734,44.843933,1.2087936,134.3956,163.29642,20.7823,12.727088,0.31001925,0.9792015,0.003167631,0.2550285,0.62721014,0.6240425,3.1236417,1.8322194,3.5773947,1.5462984,0.07487684,1.1349326,5.8515925,1.9276297,-7.4076447,-1.7717727,-9.524916,-1.5154338,-25.849741,-0.9919545,0.006252388,1.3122002,0.63003,0.93122244,13.042955,0.4099289,10.568704,0.60727197,16.745914,0.4992348,673.67224,0.53908145,1182.5343,0.3010501,-134.64594,-0.65159786,1671.8857,0.2223566,816.16125,0.36501127,-96.0389,-0.95851403,2934.7173,0.077708505,695.1912,0.64181435,-99.63089,-0.8896137,-9.542244,-0.65348774,18.230417,0.33867094,0.1748221,0.135569,-0.0042394726,-2.2854924,0.13209178,0.56907314,12.10749,0.81919956,-13.88494,-0.9906105,-16.01678,-1.0236895,-44.420902,-0.43418786,0.72258425,5.6313744,0.13741364,0.017672528,0.007003384,1.768173,0.7936508,0.6975,0.36588076,0.432,0.4646461,-39.89732,02
44.851944,0.039724104,43.71067,44.151566,47.434914,3.7242432,18.487238,6.1620984,13.440725,6.358646,0.23475629,0.99593884,0.0010339657,0.2225441,0.4111171,0.41008314,2.3352697,1.4842919,3.1349576,2.0675192,0.049901392,1.1467664,8.661878,1.3898846,-6.840951,-1.6364164,-9.492873,-1.8161656,-28.831858,-0.8438921,0.008915526,2.278857,0.6053861,0.9406068,14.158503,0.31457216,10.532137,0.66535825,18.15095,0.6016027,621.1653,0.5007362,1240.3058,0.27764022,-142.75154,-0.58627516,1620.9185,0.22315551,854.6705,0.36766732,-98.62575,-0.9108342,2932.3806,0.08587719,631.777,0.97020847,-101.88134,-0.8508473,-10.266085,-0.6107315,20.710447,0.3659043,0.18020906,0.1281617,-0.0022624016,-4.289452,0.084113345,0.65032786,15.515458,0.64965326,-12.152864,-0.93222904,-16.350473,-1.2273126,-47.639233,-0.29226097,-0.5913018,7.964879,0.14385802,0.017524464,0.014813333,1.4234875,1.2567326,0.43285713,0.3274889,0.34,0.44801146,-42.76296,02
44.828045,0.038171176,43.59956,44.019936,47.33449,3.734932,19.453342,9.231259,13.185901,5.396959,0.2321102,1.014242,0.0053219013,0.19213861,0.43226197,0.42694008,2.3372467,1.351768,2.9688926,1.4757609,0.052600246,1.1613063,7.987612,1.5568365,-9.038021,-1.3928441,-6.6439395,-2.1509702,-27.68309,-0.83413357,0.006508001,1.0190827,0.6300451,0.9294229,13.822752,0.3114973,13.770715,0.44498336,18.803043,0.42553133,679.8207,0.40120977,1259.2523,0.2433435,-128.43964,-0.71859854,1670.8325,0.16967767,916.9482,0.5207397,-101.68189,-0.8869218,2930.815,0.09456339,592.55695,0.975556,-104.47402,-0.8377732,-11.239953,-0.52280635,19.13931,0.32701907,0.17229907,0.13515557,-0.00666058,-1.5249096,0.09223571,0.6322832,16.408064,0.5484449,-16.071047,-0.7480685,-11.867123,-1.4230732,-45.771015,-0.31787622,0.37556928,6.6180854,0.1282517,0.01161128,0.008442098,2.052239,1.1299435,0.465,0.25773048,0.34142855,0.45413744,-42.432808,02
44.74536,0.039088942,43.485973,44.011112,45.90544,2.419468,19.912794,8.96063,17.123331,9.534983,0.21910195,1.025932,0.0033858272,0.17204916,0.4046056,0.40121976,1.9382874,1.5395727,2.568841,1.527963,0.044150412,1.1441882,7.184054,1.6458457,-5.8153276,-1.8908223,-9.832974,-1.5581427,-26.86264,-0.93742114,0.0073314575,1.3001989,0.62788683,0.89654726,13.937411,0.28440207,12.368165,0.44650874,19.205318,0.6156347,688.7661,0.49759796,1175.7382,0.30306372,-138.16327,-0.6252851,1657.4375,0.21817502,869.3,0.36075076,-102.13286,-0.8841325,2986.7498,0.072052754,771.2449,1.1026285,-105.97878,-0.8182253,-11.562705,-0.45409757,20.32243,0.375427,0.17924865,0.12753764,-0.004904999,-1.6505861,0.07749901,0.59366465,14.284377,0.70473915,-11.219022,-1.0827124,-15.341627,-1.1558697,-47.19597,-0.3373742,-0.49035135,8.092542,0.14428408,0.017081758,0.010188137,1.9379846,0.97847366,0.53999996,0.25830215,0.45799997,0.45595613,-43.326626,02
44.667263,0.037367854,43.566906,43.98172,44.983818,1.4169121,14.864563,5.854123,12.273491,3.8139381,0.27875766,0.93782395,0.0030284158,0.2787155,0.52028227,0.5172539,2.4235022,1.772066,3.2565694,2.014451,0.05730895,1.0552007,7.2877727,1.7097615,-7.2127185,-1.5490987,-7.258621,-1.6749353,-29.101898,-0.9594863,0.006940836,1.4453051,0.5963475,0.8799523,13.837159,0.34839028,12.946942,0.4729372,17.573492,0.45355254,625.9618,0.5191754,1171.5927,0.284756,-139.51366,-0.60131776,1620.3986,0.22956373,856.9828,0.40135914,-93.3293,-0.9592342,2907.2173,0.09150289,591.81134,0.7579539,-96.678055,-0.8956352,-11.087309,-0.4765797,17.910608,0.35348442,0.18053241,0.1333384,-0.007016239,-1.404578,0.096113294,0.5360709,14.085981,0.7674758,-12.46085,-0.9125729,-11.482898,-1.2330283,-48.51576,-0.41994658,1.5406213,5.7830496,0.13766077,0.018316977,0.007015346,1.8656718,0.75329566,0.765,0.43327242,0.432,0.46884537,-41.17313,02
44.298405,0.09765268,43.591682,44.29312,47.826782,4.2351,235.04724,133.1116,29.833689,14.112914,0.51710963,1.0709325,0.0037194155,0.29385576,1.1011109,1.0973915,7.898695,3.5884402,5.847085,1.9137295,0.20338304,1.2915965,4.9983444,1.9704316,-13.374456,-1.2744938,-4.669205,-3.1614938,-20.828573,-1.069722,0.027086282,2.6806831,0.7490341,0.8865141,10.846034,0.45902553,6.4791155,1.4432696,11.456259,0.9538424,794.53595,0.44980422,1039.5863,0.4076342,-121.58342,-0.7763731,1838.4066,0.19724624,854.165,0.4725333,-98.09016,-0.95820737,2952.4812,0.1006608,741.2841,0.52757865,-99.60355,-0.9286663,-4.8346286,-1.5601782,14.672135,0.5692628,0.16013141,0.1509848,0.0010644927,13.368975,0.3745691,0.6821683,9.393467,1.0685008,-23.547623,-0.72025114,-8.376831,-2.2892144,-37.684185,-0.44115388,1.2049843,4.714602,0.13160188,0.017086819,0.009501764,2.1186442,0.6423983,0.8333333,0.8321191,0.525,0.48551518,-33.858917,03
44.09742,0.09432266,43.401882,44.000866,47.584076,4.1821938,111.378334,81.02001,22.583063,11.423954,0.50323296,1.1854116,0.0027395028,0.2300606,1.0872389,1.0844994,7.845864,4.8024693,7.3809404,3.6879125,0.21683371,1.3890315,3.7250855,2.7604575,-10.710415,-1.6217186,-3.5029867,-4.0900674,-20.508137,-1.1763371,0.018443178,2.7488303,0.7779892,0.757401,10.495803,0.41436312,8.580308,0.87028587,13.793662,0.7252521,695.8791,0.4696461,1043.7783,0.284471,-139.53995,-0.6436728,1793.6414,0.18758412,727.4187,0.49674314,-105.63202,-0.88806254,2909.1887,0.09244537,736.5352,0.6651662,-106.47526,-0.8717003,-5.3075757,-1.3820857,14.991754,0.50086963,0.15349954,0.17414246,-0.0022643092,-6.4621663,0.43115354,0.69824344,9.211457,1.0642638,-21.40025,-0.8602353,-7.404218,-2.4988837,-40.494377,-0.45673662,2.074489,3.8264847,0.12001371,0.017287232,0.00678031,2.2421525,0.68027216,0.73333335,0.75424725,0.53499997,0.51207906,-33.13245,03
44.649708,0.03844903,43.54144,44.08391,45.43685,1.8954124,87.68494,124.35232,15.508425,6.425713,0.56823397,1.0527,0.0016996745,0.35089898,1.2282791,1.2265794,6.90862,3.832895,5.555142,2.023124,0.21467926,1.1528013,4.961748,2.0473814,-12.095402,-1.4361415,-7.843955,-1.6859915,-23.721113,-1.1188489,0.008376937,1.4236188,0.74014527,0.90179145,11.31771,0.40635708,8.661937,0.82905513,15.031205,0.6303221,741.26917,0.50139505,1059.2323,0.3730265,-129.4695,-0.7189745,1792.7324,0.24254552,752.9965,0.47266132,-97.631584,-0.96710443,2942.5508,0.115269445,679.5034,0.64241815,-100.07526,-0.9193042,-5.021537,-1.3079759,14.450994,0.53530324,0.15697354,0.19691382,-0.0014755611,-8.198186,0.3939446,0.5360744,9.202,1.1408852,-22.947866,-0.7373819,-14.084009,-1.0484303,-44.097595,-0.45675215,-1.225555,7.8507752,0.13039863,0.018723447,0.015202109,2.0576134,0.83160084,0.64,0.16309507,0.71333337,0.4198677,-33.109707,03
44.65748,0.044469748,43.530285,43.99637,47.336304,3.8060188,56.622536,46.96974,24.699915,7.3154187,0.56965554,1.1084092,0.004967708,0.27963266,1.2108146,1.2058469,7.2285976,5.1121755,6.0431128,2.8696246,0.22878619,1.3254157,4.3425198,2.328597,-11.5006075,-1.4873163,-5.7538595,-2.283979,-22.09512,-1.1538092,0.011883037,1.8225342,0.6971805,0.8783323,11.104714,0.38940358,5.9897842,1.1664495,11.947418,0.8095869,748.1727,0.494452,1023.24884,0.3675518,-134.1596,-0.658698,1783.9362,0.20344831,791.6019,0.34561273,-103.39942,-0.90512633,2915.2007,0.0942403,620.1421,0.6589748,-105.45717,-0.86692506,-4.6192646,-1.4288248,14.143258,0.45465738,0.15774113,0.16807194,-0.0012981652,-9.614614,0.43340227,0.7009819,8.462924,1.1540275,-22.8196,-0.70484114,-11.529915,-1.3762608,-42.354008,-0.47933736,-1.2420843,8.140041,0.13291334,0.016474307,0.02841612,2.074689,1.2578616,0.3983333,0.25261408,0.32142857,0.41556945,-32.707672,03
44.75738,0.092944905,43.45137,44.44744,47.330273,3.8789024,120.62526,89.35652,129.26962,113.310196,0.84924597,1.2994871,0.0010339657,0.14121431,1.8686991,1.867665,15.690562,8.7056055,17.228443,10.918527,0.63791806,1.6458973,3.0257862,3.0132248,-12.840825,-1.4513943,-4.4946194,-3.244321,-19.288822,-1.2039573,0.024068572,1.7348067,0.9071669,0.62558156,8.116212,0.563651,5.758757,1.6994197,12.960073,0.7842724,854.7159,0.38440105,892.6286,0.3182201,-128.0077,-0.74113804,2015.3423,0.19416781,644.8263,0.65590376,-109.64263,-0.8587433,3063.6775,0.12947536,771.6739,0.62660503,-110.42811,-0.8433289,-2.1967793,-3.3889902,13.328948,0.55042404,0.13897087,0.2617206,-0.0021020772,-8.1805525,1.3426632,0.8824872,6.279233,1.6551439,-25.394352,-0.73419154,-9.466835,-2.0438282,-38.81168,-0.5125404,0.957888,5.9252515,0.1240228,0.015644072,0.025442364,1.9559904,0.990099,0.475,0.29685855,0.51,0.48512885,-24.981487,03
44.84058,0.0971719,43.3055,44.52352,47.899193,4.593693,281.1704,218.56003,58.142517,81.88886,1.0408347,1.2230408,0.0016281967,0.38174447,2.3206458,2.3190176,17.503899,7.605913,16.045113,8.156803,0.7175108,1.3895184,2.0217457,4.7284636,-13.568896,-1.358757,-4.620618,-3.2537687,-20.621374,-1.0765437,0.030646015,1.8294612,0.9230726,0.56274563,7.837538,0.5830475,5.9443974,1.5026538,11.23389,0.90072936,942.3794,0.359547,876.616,0.34334412,-116.84698,-0.84136283,2080.2498,0.16471054,727.48566,0.6754174,-105.06805,-0.9100289,3115.1936,0.114112854,724.9316,0.4918337,-105.21517,-0.9059316,-2.3998513,-3.329598,12.04343,0.5757871,0.1394993,0.24415326,-0.001819542,-9.587066,1.4471028,0.683525,3.688608,2.9778671,-26.281044,-0.6818946,-9.923359,-1.9638892,-40.182392,-0.3713624,0.84946907,4.5444756,0.11932803,0.013883278,0.024362339,2.314815,0.9367682,0.52,0.35263294,0.42,0.4744681,-24.083101,03
44.524944,0.055901155,43.427753,44.358047,45.3702,1.9424477,56.329086,42.94317,17.856352,5.027598,0.6946585,1.2246981,0.002038824,0.18135692,1.5803688,1.5783299,14.503585,9.284272,11.323208,4.9510355,0.37082767,1.369116,4.6318097,1.9926434,-10.154055,-1.8779258,-1.1405895,-11.544372,-16.627193,-1.5004739,0.019671462,2.136598,0.80700254,0.6063932,9.943339,0.41861507,5.4853344,1.29257,11.517791,0.85634345,724.5397,0.49591357,897.04,0.39532727,-141.6699,-0.6152529,1810.0613,0.2099748,685.1783,0.50530005,-111.39631,-0.84721655,2924.9438,0.11329856,607.31433,0.6072171,-112.498436,-0.8267644,-3.451271,-2.0938187,12.593245,0.60240483,0.14333376,0.20464414,-0.0023388201,-6.1552277,0.78235936,0.6202368,7.1167297,1.3570303,-23.618727,-0.78042346,-7.3473854,-2.0439854,-39.250217,-0.43494603,-5.6097736,12.543303,0.09383076,0.014189446,0.021614458,2.6894867,0.7425743,0.62333333,0.17745109,0.6966666,0.41515726,-29.347778,03
44.049507,0.09118057,43.4368,44.106537,45.234478,1.7976799,153.02493,46.551895,26.954336,9.455437,0.976948,1.140817,0.0010339657,0.45118475,2.108034,2.1069999,13.6360855,7.9588137,10.734486,5.4385433,0.56785303,1.3703506,2.8653145,2.8278399,-13.093176,-1.406452,-5.3936434,-2.767609,-21.072414,-1.1090558,0.025233112,2.6571257,0.8879119,0.7657736,9.525468,0.5241619,8.042134,0.86404467,13.834492,0.6276019,831.24225,0.43022755,946.0005,0.33995128,-122.871605,-0.7759237,1927.9197,0.18611018,667.54266,0.59205973,-99.74778,-0.9588933,3011.585,0.114552334,620.7214,0.6812237,-101.581764,-0.9229052,-3.8910923,-1.8810425,13.2219,0.5971211,0.14685185,0.21870987,-0.0031477446,-4.5382137,1.0795631,0.7306258,6.3516526,1.2595224,-25.067574,-0.70872504,-10.628076,-1.7714356,-40.47182,-0.39867637,0.14073265,6.101015,0.118450984,0.016428571,0.033788003,2.0179372,0.68027216,0.7633333,0.7767597,0.5125,0.42868254,-25.54909,03
45.324646,0.068971254,43.76893,44.3043,46.758095,2.9891663,58.580097,44.505226,15.799062,10.118753,0.191096,0.93303686,0.0034240736,0.18049265,0.3540913,0.3506672,2.071352,1.3638014,2.2092617,1.0298305,0.0438947,1.136252,9.176336,1.618096,-6.2562337,-1.7037536,-6.845885,-1.9954072,-27.32939,-0.88621455,0.0073802667,1.367319,0.6458685,1.259299,14.504231,0.32762673,12.465168,0.65610784,19.997658,0.5289425,656.19855,0.3977257,1260.2323,0.23418525,-131.7758,-0.6769501,1618.3494,0.19974896,882.16876,0.39824814,-102.90979,-0.8572903,2920.4756,0.078270465,490.69333,0.662921,-106.8859,-0.78481376,-12.249025,-0.6723308,22.302692,0.428631,0.18161072,0.1288532,-0.005066162,-1.9027054,0.07498001,0.618677,18.316435,0.71066684,-10.807905,-1.0485168,-11.460369,-1.4207644,-45.4284,-0.37390295,0.2941986,7.0401974,0.14005244,0.016336083,0.012110765,2.1611004,1.388889,0.3757143,0.3549993,0.31571427,0.41770998,-44.312878,04
45.04413,0.040918585,43.79762,44.569252,46.91628,3.11866,124.1836,183.26894,42.977676,36.926414,0.21190149,0.9757176,0.0029358864,0.16730556,0.42148113,0.41854525,2.6993115,2.1482754,2.5431027,1.5370202,0.049702436,1.0750599,9.2533045,1.5213934,-7.139015,-1.5465204,-7.8398323,-1.7987772,-25.44204,-0.89112204,0.0110851275,2.294166,0.62644905,0.9381887,14.2275,0.3446309,9.3769655,0.7527281,17.589674,0.5841301,699.49695,0.40628573,1294.7124,0.28766403,-132.0589,-0.65940154,1658.5581,0.2083762,953.75824,0.47698277,-102.30054,-0.86550117,2939.1013,0.09200228,628.65234,0.90024406,-106.23952,-0.797723,-11.2105875,-0.7052515,21.799337,0.42340922,0.17684446,0.13435513,-0.0010472536,-9.058709,0.084584,0.552423,17.627485,0.7009183,-12.450839,-0.92772436,-12.91102,-1.2989516,-42.149227,-0.3828147,0.019030243,7.4499784,0.13986278,0.017557109,0.0148079125,2.091255,1.5355086,0.34125,0.3020529,0.32714286,0.44425586,-43.060005,04
44.700386,0.029687429,43.615833,44.105713,46.636665,3.020832,19.030474,7.615227,12.782038,7.909884,0.23268002,1.0340611,0.0010901178,0.19142094,0.44705352,0.4459634,2.3279433,1.4059229,3.4278908,2.1546216,0.0462723,1.1015242,7.121213,1.8579679,-5.1050663,-2.050396,-6.3251505,-1.8293381,-26.968723,-1.0154071,0.008870741,1.6236742,0.5834097,0.86139935,13.8160095,0.37589976,14.393628,0.38824928,18.43936,0.5049852,669.7108,0.45551792,1207.9762,0.28541845,-134.63783,-0.6517589,1677.9854,0.23253533,924.7439,0.6263285,-103.22708,-0.86005384,2937.4116,0.076567695,602.49207,0.8461408,-105.82054,-0.8149646,-12.153052,-0.56758434,20.118488,0.40913197,0.17899284,0.12582271,-0.006651657,-1.372055,0.08234939,0.5322279,14.555422,0.82924944,-9.731418,-1.1788673,-11.086499,-1.2398078,-48.462936,-0.39692086,0.54987687,6.5866976,0.13946146,0.020831218,0.009401314,1.8292682,1.026694,0.514,0.1762498,0.436,0.46633038,-42.39062,04
44.760033,0.03077284,43.68887,44.278934,45.98272,2.29385,49.437283,65.71445,14.397257,10.325438,0.23881668,0.9725902,0.0030357405,0.19442356,0.46202755,0.4589918,2.024586,1.288973,2.9815469,1.5319171,0.04958316,1.1186413,7.182818,1.9228576,-5.5188856,-1.829445,-8.2662,-1.3452644,-29.143814,-0.9533017,0.0075128796,1.3625313,0.6265803,1.0938337,14.071013,0.30028102,11.919631,0.45327133,18.407892,0.49906737,628.3676,0.5030357,1186.1409,0.25755468,-141.94962,-0.5946174,1595.3981,0.24286397,873.95026,0.3742545,-101.16113,-0.8886979,2917.8345,0.08017223,423.27118,0.8194396,-104.760414,-0.82584167,-11.248459,-0.56057745,19.835682,0.38218734,0.17742655,0.11873639,-0.005882444,-1.6420915,0.086653,0.58015597,15.19983,0.72077596,-10.675306,-0.9006157,-13.420202,-0.9137728,-50.98026,-0.3646744,1.1510758,6.3157706,0.1404545,0.019232087,0.010679892,1.5122874,1.1450382,0.465,0.30472666,0.33142856,0.44198993,-42.81637,04
44.863556,0.0412317,43.334446,44.351254,46.852398,3.517952,26.58976,13.593641,28.766396,15.141867,0.35377234,1.0465264,0.0034897123,0.23234105,0.731474,0.72798425,4.2291484,2.5238051,4.9081044,2.0809045,0.14887968,1.265744,8.85932,1.2361283,-8.331138,-1.5116143,-6.60248,-2.0604994,-24.302301,-1.028346,0.01147365,1.093486,0.73944485,0.7551407,11.866571,0.3207682,6.4025664,1.01619,14.044236,0.73447436,673.702,0.5048351,1102.5253,0.29350734,-132.01393,-0.66045475,1709.6052,0.2440569,802.03436,0.48367175,-96.52554,-0.92466927,2849.0967,0.110020675,634.55615,0.60847855,-99.31206,-0.8721684,-9.579727,-0.74289155,19.450298,0.44273093,0.17591862,0.16992858,-0.0052578556,-2.1050246,0.25853652,0.72420573,14.7138,0.63887185,-15.108575,-0.8397666,-11.126106,-1.434239,-40.352318,-0.5404042,-2.3873308,9.478279,0.14186263,0.017535971,0.010763269,2.2556393,0.7590133,0.745,0.46289846,0.44,0.45576307,-36.777767,04
45.33011,0.055027723,43.41067,44.465633,47.60532,4.1946487,36.66083,23.872032,37.976826,17.966629,0.5018482,1.0350363,0.005482697,0.340109,0.9923235,0.98684084,5.304419,3.081739,5.474794,2.4152563,0.2489517,1.2423255,6.7083,1.5740815,-9.870694,-1.3025041,-7.0155845,-2.022288,-25.151554,-1.1124063,0.017042065,1.1371554,0.85690296,0.84647375,10.771496,0.43319288,5.3432803,1.3135846,12.818505,0.71479464,696.6663,0.5211503,978.0032,0.29888716,-129.02687,-0.6824187,1732.4644,0.25644583,726.6593,0.33095145,-90.00214,-1.0082511,2901.108,0.11329322,624.02246,0.72163403,-93.99611,-0.92614895,-7.2280183,-1.0649854,17.82522,0.40320364,0.16428676,0.17412132,-0.0052368757,-2.0666957,0.41650787,0.7312237,12.0026455,0.7916363,-15.783366,-0.83366674,-10.722282,-1.5933748,-42.1659,-0.57742417,1.364384,7.3779764,0.12976862,0.017518593,0.008838736,2.0408163,0.5617978,1.0566666,1.0489466,0.525,0.47108915,-33.121803,04
44.56079,0.06394122,43.413994,44.316803,46.39811,2.9841156,129.61702,195.71077,21.78832,15.365052,0.33855352,1.0056115,0.0053630173,0.2506262,0.6417042,0.6363412,3.7203703,2.6252863,4.0181794,1.7326,0.1432998,1.24692,8.94114,1.4531839,-5.4831667,-2.2136245,-7.871405,-1.7124841,-22.229628,-1.0566132,0.018272785,1.7089576,0.74293345,0.7301046,11.784813,0.39161658,6.2053523,1.2407335,14.82083,0.7164845,584.5116,0.5093937,1204.2513,0.2748803,-141.97789,-0.5853139,1593.3638,0.2322862,847.2873,0.3999421,-93.07474,-0.9480779,2796.486,0.09876664,629.41815,0.62586695,-96.77828,-0.87606776,-11.516896,-0.6282249,21.458523,0.39250714,0.17136526,0.1796643,-0.0070563727,-1.4619819,0.23896247,0.7491152,16.205894,0.63774973,-10.0530815,-1.3035994,-12.851314,-1.11445,-37.162273,-0.5239554,-0.8673661,8.147508,0.1416345,0.01654862,0.012032886,2.173913,0.9140768,0.63799995,0.3764784,0.36166668,0.44314846,-37.267227,04
44.458023,0.068127446,43.45541,44.365154,46.40338,2.9479713,56.165714,48.20583,37.064026,30.481321,0.26419762,0.9744057,0.003991442,0.23451245,0.51076293,0.5067715,3.2405775,1.7558101,4.061245,2.187146,0.09125235,1.167327,9.742924,1.4254843,-5.2447057,-2.3636358,-7.946177,-1.5556066,-22.79728,-1.0543023,0.01661827,3.0440707,0.72139925,0.821049,12.973705,0.31930843,5.5488534,1.5022324,15.690917,0.65661794,611.2085,0.5495159,1245.0947,0.2698373,-143.77,-0.57086366,1578.8273,0.24860644,892.44635,0.40487236,-97.37131,-0.91836786,2811.9197,0.09654699,594.4187,0.7490559,-102.29779,-0.83008295,-11.202833,-0.66737247,22.551834,0.35538495,0.17811729,0.15330194,-0.0054051597,-1.9161898,0.15683267,0.640965,18.491325,0.56979495,-10.59286,-1.2787251,-11.858216,-1.2411976,-39.435894,-0.49703816,-0.63041455,8.360397,0.14303407,0.018300701,0.012831744,2.079395,0.95419854,0.58599997,0.4127275,0.545,0.44410023,-40.136032,04
44.158325,0.07862482,43.43951,44.394196,45.98518,2.5456696,87.92891,26.958303,42.239506,27.719715,0.6616737,1.141163,0.0020555514,0.3799354,1.3163382,1.3142827,10.981311,6.124716,9.773635,4.256384,0.32612613,1.3372931,4.418439,2.2317414,-9.353345,-1.6764387,-7.223026,-2.1612635,-24.336803,-1.0612746,0.027793527,2.4522274,0.7617971,0.689131,9.6210375,0.54924065,4.903135,1.7963548,13.694284,0.8076411,695.62415,0.50541747,968.7679,0.33237877,-134.64845,-0.6784433,1808.2144,0.24758305,747.41595,0.5955114,-100.93894,-0.9368281,2944.0303,0.13365856,684.6822,0.55874246,-103.29025,-0.8922226,-3.514298,-2.3510945,15.56893,0.4878274,0.14290756,0.25245497,-0.0013802683,-12.132934,0.6152795,0.710472,8.347087,1.2170424,-18.783453,-0.8629874,-13.8925085,-1.3761663,-44.26234,-0.45868203,-0.36808532,7.3650107,0.12977244,0.01726155,0.027312577,2.3454158,0.862069,0.59749997,0.39505538,0.53749996,0.491649,-29.417732,05
43.927876,0.08125978,43.172417,44.08587,46.339493,3.167076,103.6059,104.004166,35.28973,38.45482,0.63037384,1.0690777,0.0060172915,0.40854108,1.3401449,1.3341275,8.617008,4.241817,8.109465,2.8177848,0.28741512,1.3410394,4.1137695,2.5782294,-10.314304,-1.6035557,-6.5444365,-2.3412423,-24.782272,-1.0545883,0.018281715,2.5601456,0.74146175,0.7367824,9.725767,0.49185812,5.9348493,1.3163582,14.585711,0.6896944,674.58276,0.50445974,1033.3077,0.33292595,-135.28069,-0.6651991,1764.4607,0.22644112,793.56836,0.46431008,-97.95446,-0.96006674,2915.5276,0.112514816,708.52057,0.62734115,-100.259735,-0.9141979,-4.2590413,-1.913473,15.083103,0.5202904,0.14059015,0.26498404,-0.0011853902,-10.798689,0.52244186,0.754747,8.536717,1.1577052,-19.553478,-0.868737,-11.833074,-1.6014304,-43.745705,-0.4805683,1.4034632,5.772561,0.124477126,0.015453044,0.02468852,2.004008,0.8097166,0.65999997,0.43514365,0.55,0.4897448,-30.959654,05
44.087234,0.059044424,43.49178,44.054626,46.069237,2.5774574,144.42526,170.11705,28.18787,18.999752,0.54080224,1.1036144,0.004310493,0.28931218,1.2103347,1.2060242,5.519599,2.6633894,6.17126,3.1425722,0.17571032,1.2794725,2.6597946,4.2675247,-9.193511,-1.7311038,-9.162514,-1.5604309,-21.43473,-1.1956114,0.033697713,3.6125934,0.6185137,0.86203986,11.777501,0.4435254,8.311446,0.7493542,15.206676,0.60221964,661.8665,0.51567435,1052.503,0.344889,-138.7577,-0.64439243,1701.1788,0.22542094,742.5506,0.49974447,-102.21602,-0.92969143,2926.7942,0.09813114,547.4364,0.7548973,-105.13375,-0.8750176,-4.8520737,-1.5198458,14.047432,0.65381634,0.15915073,0.1913605,-0.0023062252,-4.8925147,0.34025055,0.61727005,7.7860737,1.5086699,-19.118135,-0.83240825,-16.003582,-1.0099243,-42.150723,-0.4739592,1.6602376,5.7315845,0.119569674,0.018028498,0.008350623,2.145923,0.86767894,0.5825,0.31602016,0.545,0.4860298,-33.362278,05
44.22996,0.061745472,43.535355,44.097,45.603912,2.0685577,144.31148,150.08006,50.560257,64.913246,0.5864573,1.089573,0.001817454,0.33033505,1.3095628,1.3077453,6.984781,3.3285642,6.6263156,2.2874086,0.22902966,1.2569236,3.5344234,3.0342803,-8.809125,-1.8722953,-8.771686,-1.6893502,-23.587883,-1.1745299,0.02091957,2.8321748,0.72293395,0.6668815,10.68518,0.51348674,8.0742445,0.7742752,16.424896,0.6347732,616.6135,0.56157035,1003.6592,0.34131798,-143.56856,-0.5929319,1663.0072,0.23014669,764.89996,0.46326965,-98.771675,-0.96145064,2843.1392,0.098182455,637.654,0.5974992,-102.504875,-0.89001054,-5.109169,-1.3407756,14.798847,0.57585853,0.160573,0.18697804,-0.002787407,-4.278213,0.43014842,0.6201205,7.6489334,1.5374409,-18.270407,-0.93077123,-15.887953,-1.0378485,-44.269142,-0.5182529,-0.24635857,7.2679334,0.1287399,0.018959526,0.0074741,1.9313306,0.6507592,0.81,0.18493243,0.5275,0.46407837,-31.827177,05
45.222214,0.090746485,43.404205,44.440258,47.118313,3.7141075,178.48315,103.71587,71.16897,91.157425,1.4849142,1.1331753,0.018972857,0.531312,3.4796944,3.4607215,24.9998,17.35137,20.128881,9.029552,1.3915699,1.3665218,3.762887,3.1364985,-15.054956,-1.2974234,-5.1315727,-3.0150883,-19.569763,-1.2626578,0.045479335,1.8984177,1.0833576,0.60694295,6.4235454,0.86852133,7.081183,1.3507922,13.641182,0.8378519,816.54785,0.43862778,886.9012,0.32028508,-120.99554,-0.80590194,1941.2075,0.20795645,675.90186,0.54011023,-96.761765,-0.98105556,2970.665,0.13302372,706.8414,0.4292649,-98.07816,-0.95539635,-3.16093,-2.4916253,13.052258,0.6133331,0.13464148,0.28001845,-0.007815252,-1.9861231,2.5695064,0.7554807,9.065257,1.1813802,-28.369514,-0.6023009,-12.392197,-1.3887297,-37.78901,-0.5330812,1.9718734,6.502,0.09533626,0.0065220436,0.047753505,2.2123895,1.1185683,0.472,0.39443123,0.39799997,0.45145988,-18.777014,05
44.662987,0.08068824,43.136757,44.447144,47.02034,3.883583,126.08602,72.33533,177.78801,315.40756,1.2976288,1.0916275,0.10025152,0.5148096,3.030166,2.9299145,23.506147,16.279358,17.528267,8.42814,1.1114914,1.3714416,0.26890418,56.84358,-13.525562,-1.2768811,-3.7501295,-4.2422647,-21.601877,-1.0113497,0.03288231,1.3511221,1.2141254,0.660402,6.038298,0.9803107,6.5921283,1.4268622,12.630073,1.0051707,840.7151,0.40709198,904.78033,0.32955414,-120.602776,-0.8022415,1974.3448,0.2123508,686.9428,0.5901878,-99.99412,-0.95358,3021.2922,0.14038356,727.9929,0.53016824,-101.23418,-0.9284232,-3.5334182,-2.4058838,13.224657,0.71045715,0.123406895,0.30567646,-0.0056673246,-2.712473,2.094897,0.74586934,8.212144,1.4049498,-23.905527,-0.73659694,-8.337813,-2.4319963,-36.42343,-0.5425252,4.981126,2.2819111,0.09391827,0.0074210186,0.0674313,2.4336283,1.1185683,0.45599997,0.38055748,0.68333334,0.40002775,-20.751827,05
44.639774,0.057032693,43.325333,44.473797,46.709965,3.384632,93.096344,78.21802,39.428867,22.422916,1.3914202,1.1521446,0.017799163,0.62060714,3.3170269,3.2992277,21.048185,14.573254,18.078327,10.646317,1.238261,1.4296153,2.6460757,4.290123,-15.787608,-1.0936785,-7.418687,-1.9258202,-22.203966,-1.2305174,0.02355971,2.0718002,0.96824807,0.6568004,7.841479,0.6776954,4.0397058,2.3615882,12.951512,0.818491,894.8759,0.36700508,884.9868,0.3012135,-117.64482,-0.8331968,1991.6588,0.19585493,677.5564,0.6804136,-102.253944,-0.9414472,3042.5437,0.121524215,598.70917,0.5232305,-103.62406,-0.91466147,-3.151072,-2.4796987,13.676507,0.6363798,0.13064052,0.32286283,-0.0062761237,-2.4392076,2.43285,0.7537168,7.016527,1.5163288,-25.973467,-0.68627715,-14.221598,-1.0505912,-42.60366,-0.55283296,2.8114502,6.262966,0.088325925,0.006940261,0.035223875,1.9911505,0.8948546,0.5575,0.11712706,0.53499997,0.44791183,-18.537825,05
44.419495,0.07197125,43.33197,44.458332,46.539314,3.207344,137.31068,115.96222,76.74865,56.277325,1.4453615,1.1302525,0.020213585,0.6870603,3.3562286,3.336015,23.852522,14.541094,17.264532,7.931705,1.2424294,1.3671108,1.0509552,11.440821,-15.061133,-1.1632553,-7.398152,-2.0308862,-19.352812,-1.3837749,0.02438877,1.4142275,0.88630456,0.85998166,8.041811,0.6746707,3.8051803,2.3445363,13.308995,0.8224459,895.3877,0.36059332,891.2687,0.33381638,-119.93122,-0.8065087,1980.6664,0.1804182,723.92035,0.5404856,-104.76019,-0.91858715,3045.119,0.10335467,662.7694,0.7763553,-106.31875,-0.88933843,-2.880624,-2.8640547,13.750726,0.6690819,0.1317659,0.2970996,-0.005206968,-2.9766388,2.468529,0.6868669,6.8429217,1.5476387,-26.192678,-0.7023399,-14.62175,-1.1776371,-41.41033,-0.50618166,5.192276,5.480087,0.101574615,0.015097241,0.08287395,2.4122808,0.886918,0.55,0.33188853,0.5525,0.45151827,-19.287985,05
44.99831,0.053157374,43.374615,44.2415,46.424393,3.049778,137.26212,165.4446,4.7267733,5.9336944,0.097879924,1.0193185,0.0017239427,0.06424159,0.20509486,0.20337091,2.1804497,1.5226909,1.6748538,0.8482586,0.026310515,1.2437047,8.484469,1.6213026,-1.509461,-5.2152753,-7.419028,-1.6565773,-20.468481,-0.9710249,0.010004711,1.1972206,0.7568758,0.8890661,14.491284,0.19491886,11.612994,0.68392587,23.706211,0.43478483,732.5757,0.33388555,1313.7985,0.27575865,-145.57515,-0.5695822,1718.1766,0.21025553,939.68976,0.41629472,-130.89151,-0.6426807,2982.777,0.08124811,625.29034,0.6143615,-134.65326,-0.5885081,-15.044282,-0.4843761,26.94806,0.32984248,0.17733483,0.13963297,-0.01198981,-0.78988546,0.055295415,0.55700654,20.3595,0.54521376,-5.2127113,-1.7637153,-15.640777,-0.8880472,-40.058662,-0.37576434,-3.8627977,11.316127,0.14939202,0.011482774,0.011606029,3.2258065,1.629328,0.22999999,0.17790447,0.31777778,0.42307806,-50.29887,06
44.97114,0.03803859,43.525814,44.6062,46.67372,3.1479073,48.493126,51.326237,27.550045,8.768584,0.18834387,1.114712,0.0033164565,0.121595815,0.3492237,0.34590724,3.1881473,1.9134088,2.8654516,1.3056974,0.06098137,1.3131654,8.766975,1.4249854,-2.5397584,-3.3579776,-7.8811364,-1.8107175,-21.148464,-1.0465211,0.0100952955,1.1200187,0.7872528,0.98642105,13.813062,0.25328988,13.869162,0.48017645,22.166319,0.41980085,662.747,0.37078068,1283.0822,0.26315072,-142.36348,-0.59541404,1651.2216,0.19951262,991.1178,0.43336183,-116.46646,-0.7473596,2871.5596,0.089774065,712.68976,0.76033473,-119.89493,-0.69408786,-14.421477,-0.4881434,24.840216,0.3340319,0.18342167,0.13187326,-0.012319471,-0.72601575,0.12087418,0.6747812,17.75466,0.5505209,-6.191099,-1.5575528,-15.627094,-1.0509491,-38.69135,-0.49869916,-2.2896242,9.089821,0.14126024,0.012450653,0.012884074,2.3715415,1.3972057,0.32999998,0.19964254,0.36285713,0.4525393,-41.91301,06
44.635612,0.035482667,43.4321,44.39492,46.096405,2.6643066,32.155354,13.874934,25.957813,10.9771,0.15977067,1.014819,0.0010339657,0.12145716,0.32468212,0.32364815,2.7997878,1.6872318,2.2667162,1.2624419,0.049800284,1.1906304,7.402952,1.9565715,-3.1537273,-2.5636454,-6.037141,-1.7257112,-21.133492,-1.0369943,0.012895733,1.1269118,0.7373634,0.74488544,12.819035,0.35807145,13.641172,0.62583244,20.518147,0.4773195,611.6974,0.4886925,1249.2705,0.26481247,-152.01137,-0.51674545,1622.6663,0.249019,798.1149,0.36233434,-118.04827,-0.7384842,2863.7952,0.10607846,594.2593,0.81365764,-121.87281,-0.6796671,-14.695335,-0.45875722,24.354126,0.33885208,0.17659982,0.1467456,-0.012297838,-0.95212215,0.099535584,0.5308429,18.190842,0.63489026,-6.225701,-1.4295154,-9.513072,-1.3736463,-39.937317,-0.44579583,-0.12591296,7.604327,0.14170952,0.014395855,0.012226692,2.9227557,1.2658229,0.35333332,0.21289016,0.3075,0.4281574,-44.481525,06
44.80592,0.035952773,43.537193,44.32583,46.13883,2.601635,45.426735,41.905746,18.243555,8.999592,0.14264438,1.0504696,0.0022778285,0.10456941,0.274659,0.2723812,2.219821,1.678347,1.9066182,1.1628153,0.043856267,1.2673953,7.5136814,1.9005466,-1.1770413,-7.202604,-7.1301775,-1.7943139,-20.634336,-1.0922204,0.011633097,1.5392649,0.74726355,0.9049103,13.755579,0.2648282,14.52171,0.5633394,22.313988,0.5260928,603.04846,0.42180106,1256.3428,0.2343294,-154.80551,-0.4995273,1610.3599,0.2352889,880.26825,0.43653297,-121.42131,-0.7146127,2853.4575,0.10588327,733.6824,0.76987624,-125.56207,-0.65251607,-14.76781,-0.5317753,24.79043,0.38059565,0.17678727,0.1707323,-0.013161486,-0.84749347,0.08993065,0.5985475,18.045765,0.6484215,-3.9652956,-2.2577345,-13.114245,-1.2335138,-40.912563,-0.4482201,-1.6942469,8.551419,0.14443406,0.014360569,0.011628805,2.2494888,1.2396696,0.34666666,0.20352452,0.325,0.43543082,-44.97587,06
45.044758,0.12273208,42.482605,45.339405,49.6642,7.181595,129.91061,78.788284,120.357056,84.72124,0.79470277,1.058732,0.09777781,0.38945252,1.6471798,1.549402,15.7915745,11.329985,16.126698,8.090996,0.6158002,1.4384936,4.704234,2.2802796,-11.372218,-0.9751056,-4.8008003,-2.857036,-16.37099,-1.3990852,0.06115281,1.6622919,1.238746,0.7404249,6.2254415,0.8732189,7.0552163,1.1408328,15.013438,0.748485,758.90125,0.5036201,975.93365,0.3403825,-142.14166,-0.5918773,1751.5209,0.23504016,857.8622,0.41181788,-112.76891,-0.81170326,2919.9563,0.12686047,605.58563,0.6017401,-115.58044,-0.76439965,-7.9355354,-0.8273717,17.31594,0.41402683,0.12877943,0.3303573,-0.010741544,-1.1467286,1.2657373,0.7473263,10.767395,1.0361608,-13.991456,-1.0298314,-10.901501,-1.50638,-33.904594,-0.65165263,4.0052676,6.477667,0.066641696,0.0035831516,0.05974641,2.6178012,1.591512,0.285,0.2434988,0.382,0.44691834,-25.959492,06
43.885708,0.10178383,43.08774,44.048805,47.064026,3.976284,226.6016,217.24896,73.074646,50.1233,0.892354,1.0708588,0.056595817,0.5595138,1.8296883,1.7730925,13.219472,8.75749,14.205059,8.411894,0.5639089,1.3695207,6.922575,1.5199835,-13.292445,-1.0799255,-6.1534815,-2.62893,-22.329714,-0.99503714,0.02899752,1.5530024,0.9200199,0.691231,8.825718,0.5444895,9.527078,0.7804469,17.596191,0.5483686,690.4501,0.5394308,1038.4563,0.24734662,-135.85216,-0.6616596,1728.3403,0.23227844,713.1408,0.35521868,-103.77048,-0.8959409,2843.4111,0.13420683,659.5106,0.53865314,-106.278625,-0.84948033,-8.065295,-0.7589112,17.148304,0.3633405,0.1372677,0.26477644,-0.010727436,-1.0974286,1.0683044,0.75572324,12.708582,0.71678036,-18.460144,-0.84357446,-11.153916,-1.8062228,-39.236237,-0.46881828,2.0297766,7.903647,0.1013882,0.0035735832,0.049151126,1.9093078,0.9661836,0.5275,0.35265952,0.64,0.4445222,-25.265158,06
46.008816,0.11023507,43.698044,44.658947,50.962418,7.264374,144.59357,135.4393,93.12177,58.07739,1.0593064,1.1469296,0.03685973,0.45597517,2.4417377,2.404878,19.068277,8.970268,17.345882,8.972365,0.9102544,1.3886735,4.2160068,2.0395086,-15.551083,-0.90472066,-8.638004,-1.9065135,-22.582857,-0.9841086,0.053416993,2.1337714,1.0400743,0.68797624,7.748676,0.687017,5.295129,1.5177084,14.081687,0.83582765,886.6197,0.4137814,858.4763,0.31869602,-124.35394,-0.752461,1940.8763,0.22307539,769.6905,0.53185904,-105.36869,-0.896069,3015.423,0.12968506,725.8031,0.6460252,-107.73341,-0.8526444,-6.040793,-0.8891105,16.980968,0.34697717,0.13314398,0.30126894,-0.012933287,-1.2596619,1.8118901,0.7015059,8.399813,1.0410942,-23.405216,-0.67193794,-17.12197,-1.0439594,-40.872845,-0.41407025,3.0458534,6.4017506,0.098721065,0.0046894234,0.034467496,2.5462964,0.9367682,0.525,0.2997082,0.5175,0.450576,-22.344898,06
45.716404,0.11349163,43.622734,45.254925,50.12043,6.497696,173.65201,216.9672,67.590645,32.31073,0.7755032,1.0187261,0.06137103,0.45585978,1.6671243,1.6057532,13.746378,7.283436,12.412064,7.2595325,0.5980873,1.4203054,5.7068963,1.8572556,-11.238542,-1.176745,-5.420849,-2.817791,-18.67628,-1.2285677,0.030430181,1.0254151,1.0738407,0.8899956,7.765522,0.7243996,7.375801,1.6630223,11.641874,1.3150991,820.92035,0.4484973,950.0396,0.3452068,-134.36176,-0.6510755,1907.1316,0.23149519,725.857,0.48675567,-114.07939,-0.7810183,2948.2925,0.12530509,728.8948,0.54261917,-115.79634,-0.7521978,-8.01416,-0.76668495,18.323318,0.35791185,0.14196226,0.2696881,-0.014167891,-0.81453633,1.1906942,0.75501627,10.792483,0.91971046,-14.907689,-1.1297718,-12.630239,-1.3342077,-36.3075,-0.6036403,2.344249,8.571222,0.07591991,0.005373035,0.08804911,2.4038463,1.9464719,0.2325,0.20234561,0.25875,0.3765447,-27.140211,06
32.25972,0.035313394,31.393194,32.02627,33.839405,2.4462109,68.34399,121.574554,14.952946,10.950531,0.4207976,1.0458261,0.0062596304,0.29794228,0.8643166,0.85805696,5.709943,3.794836,4.563967,2.2222576,0.13264532,1.2914804,22.726864,0.86718345,5.0881767,1.864453,5.128648,2.0770657,3.1475332,3.3926618,0.010253158,1.6036985,0.7129093,0.9525802,9.578085,0.35835758,1.9266086,5.0651827,22.783493,0.3464533,469.9088,0.40989265,1234.0507,0.2074809,-100.45822,-0.96985793,1424.4504,0.19987778,982.10223,0.35719386,-101.72596,-0.9061457,2462.5571,0.102277346,832.30164,0.4486028,-106.801605,-0.8162255,-14.64202,-0.5154527,24.968533,0.3023901,0.10838238,0.26757023,-0.020521734,-0.5968896,0.24563138,0.684411,38.202354,0.30527204,3.608298,3.166794,4.177765,3.3137782,2.3074791,5.8853827,-4.3250256,12.879199,0.04442122,0.008589831,0.0071985275,1.6317016,0.7075472,0.74333334,0.4616155,0.96,0.049999997,-32.423214,01
32.229057,0.03538911,31.390774,32.06734,33.710598,2.3198242,40.5162,32.995953,7.775727,3.5150745,0.4230259,1.0547311,0.00726054,0.26752484,0.85766333,0.8504028,7.2369313,5.35677,4.440234,1.9611528,0.13442023,1.3210709,21.018204,0.98034966,2.0213697,5.4320097,5.393677,1.9001192,1.0360961,12.915083,0.011784408,1.518744,0.7180495,0.9738573,9.317131,0.4014438,1.4876802,7.3006616,21.566637,0.36559743,472.07166,0.40019134,1252.3538,0.20965192,-96.28816,-1.0191509,1431.7776,0.20628451,934.954,0.26931167,-98.71394,-0.93409693,2492.5664,0.107508734,779.34894,0.51139456,-103.056274,-0.8547077,-15.224489,-0.46733174,24.630157,0.30190933,0.10765841,0.2773638,-0.020572452,-0.6574685,0.2442409,0.7263271,37.468002,0.31371066,2.027677,6.229861,7.3172975,1.7225943,-2.3220007,-6.8315825,-1.1364013,10.383284,0.051959403,0.013441387,0.0036844478,1.6055045,0.46403712,1.175,0.305,0.95,0.07,-32.243538,01
32.21638,0.034400344,31.5276,31.988047,33.340508,1.8129082,24.740047,15.622126,7.8018904,3.7915065,0.45745105,1.0387858,0.0075709037,0.36004925,0.9221909,0.91462,5.298222,2.6245008,5.1018043,2.9051595,0.15918908,1.2791665,20.85698,0.94428456,5.830322,1.9273258,8.657091,1.2703127,-0.17463589,-76.34366,0.012001869,1.3764515,0.7329919,1.0338718,9.1326685,0.44238424,3.2093883,4.00634,21.86632,0.35673493,534.3635,0.46011063,1243.4247,0.21384645,-96.851105,-1.012313,1548.9045,0.23726672,981.38995,0.5452624,-100.48736,-0.91023886,2542.852,0.12255641,819.706,0.2878367,-103.70466,-0.8520862,-14.75392,-0.47436854,23.634089,0.3333664,0.10792019,0.28605506,-0.02027944,-0.78658396,0.28879255,0.693838,35.48374,0.38351905,2.2130969,5.834972,10.354141,1.2897966,-5.4577856,-2.8173819,-5.426999,13.73608,0.03469164,0.007484663,0.009426849,1.6055045,0.6960557,0.77,0.52668774,0.4825,0.43372658,-31.064756,01
32.3061,0.034577467,31.416103,32.038136,33.673813,2.2577095,30.999786,21.613869,7.5670586,3.3197834,0.50731987,1.0375979,0.013177866,0.3595139,1.0448458,1.031668,6.472022,8.100351,5.5209446,3.5353537,0.17304513,1.3361969,20.525904,0.96241355,2.514149,4.694019,6.2975492,1.5314835,0.17223392,68.27894,0.009212996,1.5132132,0.7459895,0.92544264,9.299297,0.40247577,1.7385683,6.3862777,21.258018,0.4213359,471.42926,0.41296524,1274.4138,0.22945456,-98.52272,-0.9913003,1447.5106,0.20706858,942.26605,0.2666216,-99.05459,-0.930592,2512.1887,0.100706026,752.3482,0.33513615,-103.16941,-0.85649437,-13.726576,-0.48379007,23.279173,0.31599292,0.11178275,0.24158627,-0.02073261,-0.62570626,0.31404975,0.7482659,35.73599,0.35739318,0.6386411,20.298685,7.6909456,1.5975627,-2.9785407,-4.65117,-1.9856685,10.144651,0.049638428,0.00940346,0.0077984673,1.8223236,0.6912443,0.78,0.50616205,0.4825,0.4484069,-30.510462,01
32.968037,0.05752769,31.743547,32.223263,36.021843,4.2782955,25.334469,17.718723,6.0689683,5.249227,0.47325337,0.9670437,0.009292712,0.3930139,0.9523436,0.94305086,5.197519,2.9631085,5.2380342,2.9068768,0.12833364,1.2186866,21.957182,0.95070404,-0.6798784,-16.15361,5.443605,1.9284372,-1.6062771,-7.7596483,0.010290857,1.6049542,0.73654616,1.157648,9.984533,0.37007457,-1.3342013,-6.5310163,19.03305,0.3965976,465.4758,0.404741,1235.9375,0.25672477,-93.25229,-1.0412878,1393.8125,0.1886263,899.2295,0.31232554,-94.26611,-0.9899445,2498.3787,0.09073694,738.2747,0.3830809,-100.026566,-0.8817059,-12.960214,-0.46175826,23.302376,0.28551027,0.104418695,0.21037963,-0.019554965,-0.5967399,0.22417021,0.6692592,37.39275,0.3322599,-1.5902971,-7.957243,5.0841002,2.5928075,-4.4152822,-3.3113787,-0.37548366,9.39625,0.060618825,0.009965212,0.006202719,1.7316017,0.2188184,2.58,0.0,0.97999996,0.07,-32.34052,02
32.95671,0.056905437,31.740982,32.174725,35.94207,4.201088,24.653135,11.353975,7.930162,4.8321834,0.4773922,0.97048986,0.009158392,0.4080213,0.9457846,0.93662626,5.1746507,3.2943733,5.5016656,3.1786125,0.13163497,1.2516747,22.880646,0.9325259,0.5200992,23.936619,4.8358216,1.9724138,-0.25065556,-52.489403,0.008625548,1.4658065,0.7503644,1.1766055,9.9617405,0.38730764,-0.61166507,-15.906851,19.21818,0.43128982,453.25424,0.40976644,1232.064,0.22034997,-93.299095,-1.0442233,1371.7985,0.17896593,943.3368,0.2917893,-94.28031,-0.98334104,2475.0872,0.09801515,797.6939,0.54009414,-99.58405,-0.8833991,-13.205643,-0.5388943,23.943325,0.32419816,0.103753,0.21949206,-0.019282669,-0.6428696,0.2285637,0.7101285,38.030926,0.3454218,-1.0778723,-12.985501,4.826537,2.4970033,-2.945226,-5.0641975,-2.6868227,12.172856,0.0363348,0.009944895,0.006623189,1.5350877,0.2217295,2.56,0.0,0.96,0.06,-32.047855,02
32.724983,0.05509558,31.346899,32.150444,34.535255,3.1883564,102.39032,185.97853,7.5652237,5.7625594,0.4817394,0.8950187,0.018425109,0.50778073,0.95439875,0.93597364,3.3653884,2.1532896,5.3331804,2.614081,0.13533421,1.2432522,22.302492,0.9218105,2.3213391,4.870347,4.4190345,2.1393607,-1.4914242,-7.9416814,0.00979349,1.5848093,0.6526869,1.0466037,9.747542,0.4372238,1.1088235,9.741059,21.127785,0.3304713,473.12125,0.39320093,1258.2633,0.2005999,-95.098564,-1.0090842,1425.102,0.19136836,884.2064,0.24231985,-94.88729,-0.96177745,2540.1194,0.0932067,727.8105,0.51610386,-100.16514,-0.8630873,-13.939082,-0.512589,23.929447,0.30809274,0.10110521,0.28763974,-0.020190915,-0.73065394,0.2277421,0.74410164,36.6613,0.4045374,2.153578,5.0088425,4.721177,2.4178843,-4.377504,-3.0856786,-1.5941226,10.704577,0.051771138,0.00951188,0.016040927,1.6597512,0.6289308,0.8933333,0.6274463,0.505,0.44048268,-32.10497,02
32.867775,0.05630354,31.75756,32.20247,35.886776,4.1292152,79.27193,105.579315,7.2241797,4.4163113,0.47071227,0.90134376,0.01590534,0.45046273,0.89927256,0.88336724,3.2779598,1.6000307,5.375005,3.0203722,0.12609357,1.2067099,22.579401,0.935392,3.7119339,2.9370375,4.641193,1.9060965,-2.0062773,-5.819643,0.0063042897,1.3637043,0.56304234,1.1305047,10.096187,0.40504938,2.3703625,4.70997,22.979708,0.31266892,474.70578,0.43650186,1253.2007,0.22117206,-94.842995,-1.0174552,1384.0472,0.18744242,981.4383,0.36278248,-96.85341,-0.9372358,2518.6663,0.10309616,742.2732,0.34723148,-102.61162,-0.8333781,-14.508364,-0.4415483,25.06773,0.30388066,0.10531355,0.26918876,-0.019691618,-0.6496601,0.21774386,0.68231225,37.378628,0.40457258,3.542899,2.9226792,5.2714133,2.0533288,-4.645023,-2.6830194,-2.7658017,12.099992,0.05118571,0.00955643,0.011620795,1.4925373,0.862069,0.6425,0.61641604,0.39599997,0.44857997,-31.854424,02
32.928345,0.0561213,31.874733,32.146713,35.890205,4.0154724,17.29628,5.345913,5.196206,2.6719842,0.44204643,0.926009,0.02227764,0.38040704,0.8699279,0.84765023,5.5704384,3.3414044,4.239529,2.0420735,0.11051397,1.2906137,23.209255,0.9175316,-0.5725423,-20.472404,6.150098,1.5146734,-0.00017787714,-79058.734,0.0070922603,1.7017608,0.62495255,1.2267947,10.48897,0.28967813,1.1435506,8.85283,21.571571,0.33572772,441.9747,0.3811701,1289.9641,0.2088876,-91.86566,-1.0533383,1359.5244,0.15949944,1009.5701,0.43060467,-93.15146,-0.9781596,2501.8333,0.0807905,788.5733,0.5672195,-98.720505,-0.8733642,-14.270622,-0.49642876,24.879448,0.26689833,0.10564181,0.21547218,-0.017652772,-0.7351204,0.18514585,0.79758024,39.130955,0.29764855,-0.86464155,-14.768499,6.426197,1.787336,-1.9510056,-7.804983,-1.0992075,9.698655,0.047099497,0.009917345,0.009972915,1.8145161,0.407332,1.405,0.815,0.505,0.47299576,-33.35625,02
32.924343,0.055529624,31.941822,32.158897,35.725414,3.7835922,23.256594,12.841665,7.429755,5.606161,0.49669987,0.99308425,0.008601559,0.39479813,0.93813443,0.9295329,6.413778,4.2706375,4.8653455,2.2544541,0.13141641,1.3267438,23.496422,0.88806474,0.28986526,42.770607,5.2966394,1.8613464,-3.039899,-4.663908,0.008507963,1.6748278,0.6670224,1.1350554,10.065797,0.3842293,1.3091996,7.754742,20.287151,0.44298163,444.66345,0.3875181,1252.8027,0.22064686,-90.72518,-1.0751985,1356.4415,0.18300538,972.01227,0.3615912,-91.57016,-1.0115004,2478.8396,0.08546829,714.31726,0.38900048,-97.13297,-0.90413356,-13.920725,-0.5239532,23.225134,0.31823027,0.11147525,0.20573281,-0.019564236,-0.74149513,0.22383678,0.80384016,37.98655,0.34454295,-0.9043703,-15.002568,7.667467,1.5034509,-5.0426135,-3.3635607,-1.3880935,10.186051,0.06221295,0.009897714,0.0056628184,1.4314929,0.20661159,2.81,0.0,1.0,0.03,-31.52707,02
32.697952,0.055640284,31.407406,32.033493,35.721146,4.31374,37.242672,42.699482,9.109556,8.862106,0.5194324,0.920576,0.013896087,0.50760174,1.0849224,1.0710263,6.2272997,3.5318906,3.2286723,1.543653,0.12878522,1.2523831,23.183317,0.93340623,0.54841936,22.383663,6.186579,1.4849688,1.0172632,12.860767,0.008536411,1.9462003,0.60760796,1.2092042,10.426595,0.30874684,-0.028105548,-373.18094,18.62798,0.43593508,487.12213,0.4385951,1270.0133,0.22107889,-92.374,-1.0407133,1414.0089,0.19699773,1018.6494,0.3550339,-92.945984,-0.9812253,2475.2598,0.10617356,754.1812,0.3501201,-97.33744,-0.8976092,-13.925735,-0.40882984,23.100883,0.30625045,0.0997048,0.27786034,-0.020279346,-0.6424961,0.21400352,0.76294404,38.696167,0.35065582,-1.229082,-9.739733,6.8413477,1.5648832,-2.1779697,-6.8595624,-1.3650311,10.636871,0.053028498,0.009311164,0.013404092,1.4028057,0.60728747,0.9466666,0.7055179,0.5075,0.43876955,-31.223372,02
33.112255,0.10465289,31.40879,32.158222,35.558807,4.150017,25.343414,16.624252,21.661802,0.0,0.44512966,0.8986964,0.01766141,0.42938444,0.8772009,0.8595395,4.2443867,2.921055,3.6439312,1.9116895,0.11071711,1.2329035,21.82876,1.0287652,0.5176142,25.115536,7.341494,1.2113504,1.401943,7.4244957,0.0058899447,1.4708687,0.52604663,1.1608508,10.296864,0.3689509,2.8148808,4.159393,21.556215,0.3943634,446.80225,0.35801446,1269.6384,0.21800154,-93.40589,-1.035672,1394.9489,0.18307327,941.8393,0.2997748,-95.351105,-0.95085907,2498.8584,0.08933105,830.0587,0.55446166,-100.68635,-0.8528211,-13.871228,-0.5160804,23.100883,0.3298881,0.105747364,0.22171871,-0.0167476,-0.70917684,0.17464606,0.7523185,37.7183,0.3854913,-0.112681076,-109.55969,8.71543,1.2008342,0.63279974,17.810345,0.15436843,8.508063,0.059394278,0.009615877,0.029147716,1.6359918,1.0330579,0.53999996,0.68664396,0.5025,0.45334175,-33.49536,02
33.02777,0.057980236,31.881413,32.290295,35.83073,3.949318,36.026485,20.270508,8.397561,5.9935217,0.5614233,1.0384517,0.009978114,0.3382682,1.1865418,1.1765637,7.7485156,6.0083194,6.78768,3.4590828,0.1965502,1.3434143,21.614206,0.85006225,-1.2891163,-8.9029,5.7196407,1.7238071,-1.6471435,-8.492581,0.010091386,1.596068,0.7439536,1.0513942,9.560589,0.40979758,-0.38684517,-28.343924,18.079132,0.39815658,494.55978,0.41634047,1232.1307,0.22624558,-101.51158,-0.9611079,1491.49,0.211679,953.76404,0.37587252,-100.18472,-0.9311708,2522.7944,0.09402155,845.95386,0.5149856,-103.96401,-0.8615954,-13.364762,-0.47287035,22.794836,0.2724967,0.102413625,0.19692548,-0.021098567,-0.65699494,0.36260417,0.7367374,36.280296,0.30021706,-3.1105747,-4.210004,6.3229275,2.0436397,-4.7294207,-3.6482606,-2.0688612,11.303777,0.05253525,0.005790296,0.008031117,1.5250546,0.44052863,1.2099999,0.66999996,1.03,0.01,-29.463348,03
32.953854,0.056343257,31.568495,32.347412,35.425762,3.8572674,41.614246,41.605927,9.325944,5.587197,0.5686514,1.0447041,0.009266663,0.36106855,1.204357,1.1950904,9.277054,6.7797923,6.513953,3.5077453,0.17883721,1.3132701,22.236897,0.817107,-2.0444186,-5.5586057,4.7467003,2.2141757,1.6918694,8.225619,0.0097494945,1.6477028,0.84047514,1.1387603,9.608832,0.3971738,0.12277333,86.88517,18.086092,0.42022786,515.61816,0.42343506,1225.8757,0.2112263,-94.500786,-1.0316764,1524.0085,0.22362289,922.8898,0.30006972,-96.326935,-0.9672582,2564.9966,0.09374995,929.1477,0.5769555,-100.58855,-0.88717026,-12.391272,-0.53555584,22.092459,0.33903068,0.10793846,0.25560728,-0.019864326,-0.6462179,0.32084814,0.73111516,35.59114,0.31533924,-3.9447858,-3.064462,4.7611814,2.7994123,-2.0043867,-8.368912,-1.7720836,12.055191,0.047525212,0.010257812,0.005154033,1.5350877,0.443459,1.245,0.995,0.97999996,0.049999997,-29.855072,03
32.730152,0.059744466,31.748304,32.21225,33.516018,1.7677135,132.88995,208.65451,7.125765,3.531858,0.64783907,0.9945722,0.011510746,0.49539772,1.3958195,1.3843088,6.651398,3.1099489,7.4908895,4.6709504,0.2320064,1.2952701,22.025425,0.89925146,1.4845552,8.802908,3.8438654,2.557912,0.08467249,163.91772,0.009248137,1.5888009,0.70085895,1.1555853,9.566759,0.41652334,-0.03070204,-371.71942,19.836264,0.3466336,528.90826,0.44900587,1233.9166,0.19930044,-98.549866,-0.9762205,1518.0563,0.22784041,896.34717,0.22688432,-97.465775,-0.9477791,2609.8147,0.1046172,795.5004,0.5151697,-102.71731,-0.8516321,-13.428757,-0.43257886,24.480503,0.26047757,0.096000396,0.3245415,-0.021820456,-0.5891968,0.41669703,0.7185126,36.28697,0.3709152,-0.19026636,-66.8796,3.1941729,3.7202752,-5.0550036,-3.1011345,-2.9987109,12.267185,0.040471267,0.007816774,0.010338231,1.5350877,0.6651885,0.8233333,0.5990177,0.49249998,0.4425706,-27.87595,03
32.887608,0.05181525,31.95586,32.207253,34.10762,2.15176,22.360481,13.897481,6.5931435,2.7471197,0.6229906,1.0112566,0.011721093,0.48895922,1.2588332,1.247112,5.283199,4.2232704,7.713047,4.7158575,0.21157442,1.3765147,20.330002,0.922814,0.75950384,18.033731,5.403077,1.9086068,-0.8576571,-16.767174,0.009602869,1.3820502,0.70280755,0.99805087,9.304754,0.4591986,0.1798576,68.39028,16.323196,0.4231854,539.34515,0.42602843,1214.609,0.18715687,-97.5507,-0.99307346,1566.8788,0.22625841,958.4313,0.45692784,-97.36239,-0.9483192,2567.3308,0.092129394,874.584,0.53348273,-100.3472,-0.8918979,-12.189583,-0.47030216,20.582771,0.3141561,0.10245038,0.23473004,-0.020944996,-0.6963082,0.3812325,0.7973621,33.287624,0.42465377,-2.0643084,-6.661176,6.647661,1.8610789,-5.1541257,-3.2153087,-3.6791227,13.143261,0.04276988,0.008092943,0.00997028,1.7817373,0.678733,0.7966666,0.5799042,0.48,0.43617657,-28.889847,03
33.031906,0.058696866,31.714104,32.29891,35.82273,4.1086273,26.189703,27.079487,9.530499,5.1139283,0.6684028,1.0475264,0.015491295,0.41127712,1.4627284,1.4472371,7.150486,3.3243608,8.718701,4.580269,0.2256995,1.2788388,21.051382,0.86251783,-3.1893175,-3.8828816,5.6847687,1.7515882,0.003971489,3556.3835,0.00950523,1.5349965,0.8446977,1.0219693,9.596661,0.37330493,-0.50209534,-22.330994,17.107922,0.43794858,526.2445,0.45908773,1239.325,0.24484429,-97.83804,-1.0009596,1548.922,0.22090212,926.6591,0.40380207,-96.77465,-0.9645491,2594.2256,0.105849855,857.84106,0.40382087,-100.454994,-0.8950341,-11.828892,-0.49916652,21.040764,0.3159885,0.106249735,0.23379515,-0.019605054,-0.7252325,0.40617085,0.6954917,34.496662,0.3253466,-5.6191344,-2.599489,5.713366,2.1950462,-3.2617967,-5.077718,-1.7186519,11.147197,0.047742333,0.005408444,0.007994605,1.5695068,0.45351475,1.2099999,0.69,0.64666665,0.44499686,-28.05092,03
33.072716,0.056931186,31.938976,32.311783,36.083466,4.1444893,28.424463,10.319581,6.9082136,3.3393624,0.6703491,1.0564286,0.011645968,0.37805343,1.4783725,1.4667265,9.718646,5.3659787,7.87816,4.3401284,0.22492069,1.3089527,19.698072,0.92650807,-2.1874785,-5.8542542,5.9269996,1.6985399,-0.3256553,-47.057495,0.007730417,1.3896184,0.764254,1.0012819,9.938777,0.30660915,-0.90243345,-12.629322,15.530433,0.474491,528.05444,0.4266894,1219.1395,0.19513507,-100.064606,-0.97583747,1586.4595,0.22915734,871.8365,0.33630937,-97.143036,-0.95764947,2562.2527,0.09545184,990.87024,0.65513426,-99.99017,-0.9037483,-11.9665,-0.51266396,20.681444,0.32198682,0.10218876,0.25434554,-0.02048137,-0.6823368,0.4028381,0.73580074,33.669952,0.32368845,-4.766317,-3.0662038,7.8914804,1.5476005,-3.6987956,-5.1107693,-1.1000159,10.483044,0.051407754,0.0076714056,0.01036843,1.5695068,0.45351475,1.2099999,0.7,0.64666665,0.4383555,-27.900839,03
32.98464,0.055902626,31.762772,32.26598,35.68842,3.9256477,78.252144,116.28639,15.789247,15.226534,0.72774917,1.0461307,0.015288974,0.4937911,1.5153488,1.5000598,9.473904,6.527951,7.2223363,3.5486112,0.27987835,1.3672625,20.648478,0.9000538,-3.067332,-4.342236,5.0043125,1.6565852,2.065724,6.2539344,0.0076453136,1.2631992,0.7665849,0.97539574,9.336192,0.43272805,0.3998789,31.13875,15.941874,0.42756,525.574,0.44249168,1266.4943,0.23690286,-101.8661,-0.9508791,1522.7296,0.20187633,1029.075,0.43132886,-99.29619,-0.9373524,2534.199,0.09089139,923.9713,0.47792095,-103.0231,-0.86849827,-11.892357,-0.48779273,21.722036,0.2850776,0.100680955,0.3037023,-0.019186776,-0.6539698,0.5108789,0.77974814,34.076263,0.3909552,-5.882947,-2.3740835,5.323027,1.9178494,-1.8498015,-8.166827,-2.321224,12.170738,0.036454093,0.0066162664,0.01753186,1.5350877,0.886918,0.59749997,0.5965054,0.406,0.44057235,-26.848577,03
32.978474,0.05408212,31.99349,32.327778,35.98519,3.9917011,39.519493,24.825064,8.077831,4.292115,0.65908766,1.0390785,0.013970621,0.41240725,1.3291396,1.315169,9.457321,5.529648,7.415914,4.8843036,0.24614282,1.3714887,20.774473,0.91795087,-0.9585644,-13.154866,5.475978,1.7879512,2.238974,5.9821773,0.011114127,1.5812738,0.71731216,1.0288378,9.401431,0.44669577,0.95759,12.908505,16.87766,0.41408208,521.9512,0.4575154,1243.6289,0.22300948,-101.95251,-0.9440162,1516.323,0.22277693,1007.48474,0.5119317,-99.57982,-0.92800224,2548.9111,0.11130533,835.12616,0.4263795,-103.079735,-0.8640885,-12.967011,-0.44780597,21.544317,0.32759848,0.095684245,0.2971725,-0.021129722,-0.67961967,0.44658104,0.79102594,34.743618,0.39598665,-2.6387377,-5.2964506,6.3175607,1.9249021,-0.47511083,-34.57308,-2.4351635,12.076476,0.040942825,0.006527052,0.016114552,1.754386,0.886918,0.59999996,0.61834455,0.404,0.45438308,-27.811241,03
32.708164,0.046826202,31.687347,32.06975,34.779457,3.0921097,48.686638,54.629276,6.385794,2.2972994,0.35234684,1.0243431,0.0098913,0.23749584,0.70648557,0.6965943,4.228529,2.5289567,4.0489984,2.4833937,0.088091105,1.2650512,19.022139,0.8925627,2.4380774,4.522345,5.1013613,2.2361026,7.0582013,1.8943913,0.010562551,1.7343477,0.7883698,1.0249022,9.554717,0.3636819,4.5750313,2.2385097,19.55196,0.393867,591.9649,0.49406675,1189.0641,0.23885393,-97.005135,-1.0073057,1609.7957,0.22915821,877.5385,0.3747463,-98.56366,-0.93096846,2588.6782,0.13711676,808.29266,0.30939853,-101.05412,-0.8852367,-12.970138,-0.52256054,20.75411,0.36083785,0.112347685,0.26764736,-0.0125753125,-1.0858871,0.1557659,0.7145094,31.456469,0.36250645,2.1458972,5.3651304,6.7577586,2.0975,10.185072,1.512788,-2.101263,11.594118,0.05755311,0.009867285,0.00652258,1.9313306,0.43383947,1.265,0.36499998,0.6766666,0.45057985,-36.471863,04
32.82108,0.050421968,31.602602,32.165115,35.09102,3.4884167,17.772482,9.588182,8.1071005,3.8836195,0.3631556,1.054314,0.010641023,0.24163851,0.68506944,0.6744284,5.399334,3.7657294,3.6375372,1.7483208,0.0956722,1.3346674,20.385424,0.83727205,2.708531,4.6026487,6.547062,1.5157175,5.00443,2.6111834,0.010649974,1.5956846,0.7639618,0.92713916,9.449133,0.35386956,2.9352906,3.3413608,18.909866,0.43132904,556.7406,0.4898324,1214.1127,0.21922593,-100.15171,-0.9668824,1566.0417,0.22252603,933.2573,0.42656657,-97.464226,-0.9354662,2542.804,0.12750152,752.37775,0.22674412,-99.65256,-0.8946013,-13.410605,-0.5410943,20.650396,0.35322788,0.11470597,0.2454099,-0.014331025,-1.0158899,0.16754784,0.792702,32.126255,0.3622243,0.6419185,20.729532,8.395657,1.4458917,6.5622997,2.3648353,-4.893861,14.205575,0.044580393,0.007955723,0.0064969375,1.7316017,0.4376368,1.275,0.655,0.97999996,0.07,-36.323658,04
32.734184,0.047817282,31.651777,32.211594,34.98245,3.3306713,73.45772,134.20264,11.60217,7.1607904,0.37267855,0.96950454,0.010207168,0.2993947,0.7653315,0.75512433,4.4374685,3.457668,4.0431805,2.159448,0.10485122,1.3778173,20.153667,0.92304045,5.097556,2.5837216,9.363219,1.0695779,5.676149,2.071104,0.009100412,1.34207,0.71122396,1.0605865,9.98928,0.30160937,6.058169,2.087156,21.437056,0.36773458,543.0345,0.45915717,1266.7318,0.22864899,-105.44262,-0.90660745,1543.7959,0.21108183,899.3963,0.278463,-103.473595,-0.8751435,2569.3398,0.1181925,821.90735,0.38093543,-106.96457,-0.8163091,-14.116976,-0.4918947,21.523308,0.3525495,0.104916796,0.26276672,-0.013488331,-1.1792619,0.1859534,0.8429486,33.620895,0.39069873,1.948857,5.7081513,12.3139,0.9516541,5.906708,2.5535424,-5.434808,14.7416115,0.03706778,0.0059897364,0.01585017,1.948052,0.8752736,0.59749997,0.567555,0.41799998,0.43526542,-35.37389,04
32.724426,0.04117867,31.837128,32.2248,34.64285,2.8057213,77.78145,139.3834,9.516829,7.0834103,0.36166945,1.0437727,0.008486395,0.26492444,0.6759564,0.66747004,4.534392,3.6105573,3.7646391,1.7958726,0.09571887,1.4732072,18.878239,1.0214338,3.9700437,3.2153118,7.7444787,1.2640061,4.618724,2.8373134,0.010784797,1.4190855,0.67474365,0.9402818,9.588004,0.39426088,5.5297074,2.1451833,20.73269,0.37619498,550.53644,0.47722736,1223.5426,0.25764778,-100.80091,-0.95858943,1569.2115,0.2215692,929.5535,0.38400626,-100.15003,-0.9077906,2544.2805,0.120509595,807.15985,0.42543542,-102.72381,-0.86112225,-14.61061,-0.50874436,22.068628,0.32534957,0.11651657,0.25150028,-0.0142491665,-1.2108084,0.16952474,0.9225533,32.357704,0.42586732,2.6901667,4.6933804,10.248135,1.1113713,5.0805864,3.2285433,-2.5871825,11.919889,0.054892614,0.008117289,0.009002123,1.7167382,0.86767894,0.62,0.6007911,0.408,0.43888038,-35.916756,04
31.336102,0.14948307,31.015686,32.381477,35.188717,4.173031,68.96892,41.00338,16.068392,18.557486,0.52768415,1.0445497,0.01173911,0.34286875,0.9745926,0.9628535,8.531948,5.279513,6.0955086,3.7991004,0.19995606,1.2307831,18.251745,0.8270901,0.67727333,16.380474,5.5399957,1.8551534,4.197883,3.227187,0.025322024,2.2765672,0.92981344,0.6476399,7.356842,0.50506663,5.705104,1.9125346,16.859045,0.5135863,796.5936,0.36930305,1059.7108,0.21992186,-95.56149,-1.0353596,1875.368,0.17971481,794.3049,0.31895146,-92.11204,-1.0191281,2766.2488,0.11060407,854.2284,0.4236772,-92.35343,-1.0140043,-11.864334,-0.48703977,17.78839,0.34381816,0.12852652,0.22483788,-0.016265763,-1.0396296,0.3491463,0.67705303,28.351736,0.35204035,-1.4116775,-8.317356,5.6503673,2.2710407,5.35611,3.1696596,-3.1476097,11.037536,0.061694145,0.005831271,0.0063805026,1.6806724,0.6369427,0.8866666,0.34969828,0.49499997,0.4659131,-31.823278,04
32.845978,0.05992299,31.526287,32.2225,35.11075,3.5844612,133.36769,210.79507,19.393963,18.943983,0.51894075,1.0866684,0.009765883,0.31406513,1.0001384,0.99037254,8.094757,4.742405,6.270286,4.2303987,0.19111925,1.3966887,18.928596,0.88203186,1.8146819,6.497315,4.664038,2.6128492,5.446104,2.2707596,0.017444283,1.6811533,0.85382706,0.818295,8.658102,0.4333035,5.5305634,2.0850925,18.812757,0.60058016,708.50085,0.45153773,1142.1348,0.20668173,-97.55908,-1.0018908,1755.9327,0.22128391,808.2087,0.22827852,-93.10348,-0.99756503,2707.9297,0.12615052,785.28674,0.37778017,-95.26389,-0.9563188,-12.418068,-0.6091907,19.52781,0.44987443,0.12270385,0.21821102,-0.0148376245,-1.1331054,0.33387578,0.84204656,30.472578,0.35609657,-0.9023849,-14.092249,4.430039,3.4341257,7.964334,1.9035069,-3.2605474,11.356892,0.05788517,0.0054058777,0.0056934915,1.6806724,0.42462844,1.3399999,0.72999996,0.98499995,0.074999996,-31.43892,04
32.84099,0.0595609,31.87214,32.310337,34.839527,2.9673862,150.17064,102.77384,49.78521,58.583927,0.47632077,1.0223893,0.009030036,0.34181565,0.942289,0.93325895,6.1305847,4.3805795,5.6577134,3.1243687,0.17065191,1.3539115,18.151258,0.94888765,2.1804845,5.5111113,4.513845,2.244932,9.171326,1.3756081,0.027268147,2.468768,0.8097107,0.7608639,7.7539124,0.5616409,5.6503806,1.9287826,18.575947,0.48683167,825.49286,0.38066697,1110.3751,0.2873933,-100.44701,-0.944633,1861.2152,0.19422902,957.5098,0.39497784,-96.38023,-0.95423657,2753.41,0.12176071,829.8144,0.4149014,-98.60103,-0.91434336,-12.171596,-0.55634826,18.80264,0.41847768,0.12148478,0.20507237,-0.011716535,-1.7182649,0.30024174,0.7997716,29.823921,0.40599206,-0.77524656,-15.727071,4.386376,2.9092622,11.9898,1.2694734,-3.710422,12.433174,0.05074444,0.0070986664,0.010711565,1.483051,0.6423983,0.86333334,0.6321568,0.5025,0.45800516,-33.266544,04
31.68085,0.13682327,31.46788,32.285137,35.08516,3.617279,69.41843,34.644367,-23.206661,42.305717,0.5166229,1.0193605,0.009135199,0.39896327,0.99518204,0.98604685,7.8421283,6.896815,4.7170596,2.25517,0.19456822,1.2674179,18.13382,0.918058,1.425634,8.739189,3.371351,2.4582787,7.219144,1.795584,0.046231773,2.0066125,1.0676625,0.7665158,5.977967,0.8173619,3.047919,6.454792,16.493265,1.03288,776.05536,0.38712478,1108.0872,0.28446165,-94.90784,-1.0348278,1834.5013,0.19635846,863.43304,0.33751482,-92.79657,-1.0072929,2740.6387,0.121496975,819.3078,0.37662193,-94.77857,-0.9685017,-11.439057,-0.51175535,18.459621,0.38222286,0.12866306,0.2113018,-0.0142413275,-1.2703404,0.33994502,0.71893835,29.05096,0.40491313,-1.5220418,-8.411423,2.4343572,4.1584597,9.209689,1.7204429,-3.1943383,11.132492,0.054594822,0.006559852,0.00862798,1.4403293,0.83160084,0.6725,0.2868253,0.505,0.45571372,-32.61085,04
32.186615,0.0924423,31.607838,32.038364,34.355415,2.7475777,311.32306,315.81036,26.926561,23.790152,0.94911927,1.1202911,0.014054082,0.4971905,1.9630507,1.9489967,15.622346,8.480137,14.22344,8.4728985,0.47788024,1.4351529,15.013316,1.0574205,-0.36497897,-34.516968,6.9350204,1.5080823,2.0445073,7.4310446,0.030651443,3.267127,1.0587878,0.9718008,7.750824,0.51466984,2.0820324,5.0563073,14.383184,0.48738658,703.53735,0.42819315,1149.0404,0.29633588,-102.80456,-0.9585376,1789.2267,0.21050768,805.5512,0.35419673,-98.998276,-0.93317735,2745.7993,0.115133174,897.52167,0.3856107,-99.39985,-0.92491883,-9.758499,-0.7471158,16.976582,0.4346221,0.09860921,0.29171503,-0.0178612,-0.9076422,0.87548316,0.83289015,25.479965,0.49110204,-0.98133934,-14.617138,7.35239,1.806104,0.9309871,19.288996,-1.3705063,10.084197,0.051175926,0.00984603,0.016339594,1.5350877,0.886918,0.60249996,0.25713566,0.5,0.4772316,-23.984198,05
32.848213,0.092457786,31.528353,32.039433,34.767727,3.2393742,8.62036,5.1199937,58.26463,51.927105,1.1429716,1.0764039,0.019281803,0.6139731,2.4179823,2.3987005,15.050184,13.710719,18.022688,10.459883,0.53336257,1.3675703,14.965673,0.9853662,-2.6106002,-5.2018137,6.5680003,1.6771194,1.0007031,14.707462,0.012391709,1.6552213,0.88821137,0.83171606,7.824026,0.5145107,1.8316473,5.927172,11.848479,0.66281605,748.3596,0.4032698,1093.8142,0.24916054,-100.25718,-0.97643614,1865.0977,0.18842256,775.9644,0.42176545,-94.89547,-0.96706736,2784.134,0.116087236,939.47046,0.37113044,-94.004715,-0.9811917,-8.517754,-0.86985546,15.20363,0.5115902,0.099562235,0.3189085,-0.016987707,-0.9803231,0.9414531,0.8022542,23.62935,0.53793776,-3.0792558,-5.0998526,8.665512,1.5402305,-0.80062646,-22.809172,-0.79637164,10.143981,0.05556231,0.011752128,0.014775417,1.7429196,0.88105726,0.635,0.24622144,0.63,0.4328972,-22.602636,05
32.72792,0.11767121,31.421082,32.220844,34.350708,2.9296265,290.14594,232.89696,40.04258,28.630455,1.0461981,1.0544817,0.01984132,0.6787009,2.2004483,2.1806068,15.188071,8.663089,13.341826,8.937867,0.5210291,1.330695,14.467364,1.0934559,0.5294935,28.834715,7.7621694,1.3649843,1.8496162,8.103811,0.021467974,3.9684708,0.96016455,0.85080343,7.5930414,0.5976381,1.8609364,6.4467196,13.879815,0.54077864,756.5426,0.3804519,1049.3645,0.2512279,-102.15787,-0.949146,1817.7244,0.18810762,780.38367,0.39066097,-100.56547,-0.92316574,2770.2122,0.11125249,870.99805,0.3157465,-100.29421,-0.92015934,-9.651805,-0.6958554,16.271677,0.45259222,0.09914693,0.32686076,-0.01806368,-0.977272,0.9535838,0.7420258,24.03158,0.580841,-1.1584016,-14.353932,10.489274,1.2103826,-0.91523826,-20.833393,-1.5821446,11.209496,0.04933459,0.010225998,0.03407012,1.7817373,0.9009009,0.5875,0.608045,0.39999998,0.43062744,-23.506758,05
32.588085,0.049494214,31.48184,32.172523,33.866993,2.3851528,32.69504,19.877481,13.10348,7.484733,1.0113328,1.084335,0.019381912,0.63049275,2.0911717,2.0717897,11.565935,5.2094135,12.888275,7.4511065,0.45342812,1.3634473,14.297338,1.0625503,1.7312553,8.054719,6.3026924,1.7130272,3.8389404,3.2875109,0.010555614,1.3709213,0.9367764,0.86301255,8.203355,0.48648235,2.2035413,5.5811963,11.807773,0.66159594,730.88403,0.39697796,1096.3427,0.23115735,-107.023926,-0.8999352,1785.1289,0.18826878,785.2867,0.31565127,-102.301865,-0.90550256,2720.6462,0.106581666,835.9986,0.34673554,-102.37913,-0.904062,-9.824898,-0.6189291,16.073406,0.42164052,0.10126846,0.31396267,-0.018612722,-0.8677553,0.845298,0.76081043,23.98191,0.48277485,-0.65854144,-21.391338,7.2683587,1.8760867,2.919162,5.206875,-2.386018,11.850221,0.05421776,0.009003488,0.03628503,1.5350877,1.1086475,0.46400002,0.28695646,0.35,0.4231233,-24.110735,05
32.22402,0.0999254,31.598438,32.334793,34.79161,3.1931725,208.44362,166.32356,20.600042,9.783383,1.2643073,1.1066442,0.025318613,0.6406769,2.6217346,2.596416,17.072556,12.970521,19.689777,10.871538,0.7274199,1.2650136,14.402219,1.0182395,-4.609968,-3.0735784,8.680336,1.3373227,-2.4770997,-6.794005,0.031370174,2.8495393,1.0069228,0.8631406,6.7109704,0.61654824,1.2799548,8.376425,10.119684,0.87607604,771.98334,0.37227216,1054.2375,0.26280323,-98.00726,-1.000803,1849.7722,0.18449399,725.291,0.35336334,-94.46278,-0.9867795,2812.6284,0.10289197,839.5055,0.3092076,-93.63601,-1.0039189,-7.773808,-0.9111787,13.780086,0.51118237,0.09447374,0.35000977,-0.017867688,-0.935397,1.288508,0.6986198,23.934843,0.4590888,-6.576682,-2.4690506,12.594074,1.0021152,-6.9455266,-2.9593208,0.49988824,9.403442,0.060371123,0.011767562,0.026265208,1.7167382,0.6507592,0.8566666,0.85857755,0.49249998,0.46740642,-21.60011,05
32.214027,0.12899593,31.463251,32.057495,33.180065,1.716814,270.58545,142.5175,56.890663,54.132362,1.2911811,1.1076484,0.032798886,0.6116732,2.883234,2.8504353,18.010025,11.75647,16.210728,10.353403,0.68970066,1.2521882,15.369659,1.0010606,-5.340665,-2.7913077,12.390773,0.89457643,-4.0101213,-4.3878016,0.022262748,2.3185115,1.060638,0.8298096,6.8362336,0.60638857,-0.14102331,-84.37003,8.529168,1.1447703,695.0938,0.47080657,1091.193,0.2706052,-100.94841,-0.97170216,1777.9178,0.21965511,773.425,0.39541605,-94.03631,-0.99433094,2737.9797,0.11065704,797.2383,0.3132218,-93.17095,-1.0079594,-8.062357,-0.8347375,14.055165,0.47695848,0.08935321,0.44172636,-0.016853565,-0.9653849,1.2199053,0.692358,25.065243,0.40176395,-9.574471,-1.769306,15.954055,0.7698934,-8.855382,-2.410921,-1.0412745,9.811964,0.05615297,0.008960552,0.03616959,1.6806724,1.2765958,0.4283333,0.34158534,0.28571427,0.4018122,-21.306932,05
32.040867,0.081146225,31.065933,32.161324,32.915363,1.8494301,147.54257,114.29412,33.295696,44.79092,1.2740767,1.0193154,0.03789685,0.7850194,2.8034687,2.7655718,11.203947,5.9985685,16.03474,9.00278,0.6093939,1.2335387,13.982264,1.1402129,-4.4129276,-3.4896407,10.347391,1.1101412,-0.44227612,-36.25429,0.0245529,3.2664087,0.9623002,0.9238919,7.2986135,0.596136,1.692186,7.3130307,9.747797,0.8105169,833.20013,0.3329793,1021.5884,0.2554928,-100.96054,-0.9547676,1922.0016,0.16406551,741.9792,0.3886588,-96.03498,-0.9676825,2851.268,0.10236041,823.2061,0.3373156,-95.38085,-0.9810047,-7.518489,-0.77122515,13.150608,0.48637626,0.096929446,0.3450059,-0.015804911,-1.1009591,1.0846374,0.6696114,24.136381,0.49914658,-6.5901604,-2.5384855,13.0199,1.0349573,-3.7647548,-5.2004313,0.28810647,9.051099,0.052184418,0.009439531,0.037977263,1.4613779,1.0548524,0.516,0.33386225,0.408,0.42333907,-21.928926,05
32.36569,0.07714636,31.924385,32.32473,33.650196,1.725811,83.354866,93.72219,15.104652,14.736031,1.3117172,1.0821687,0.03619228,0.77403533,2.7717717,2.7355795,19.912924,13.920903,17.947386,12.697561,0.678078,1.3757739,12.727309,1.2804841,-2.7153044,-5.4654493,9.276354,1.3173803,-2.7560852,-5.8300686,0.028368006,3.4948838,0.9667629,0.9805229,7.3891735,0.5866017,1.7972449,7.497938,10.07098,0.9551049,777.6373,0.3799742,1077.9567,0.28496546,-102.42814,-0.9498056,1868.318,0.17442869,690.81805,0.35533512,-98.59854,-0.94570833,2829.6963,0.102190666,816.6676,0.3196963,-97.49563,-0.96727306,-8.774789,-0.7337416,14.126796,0.47374225,0.0963902,0.33423373,-0.019808019,-0.88594675,1.2235644,0.80549186,23.763393,0.4867762,-4.59921,-3.5502758,14.972593,0.879071,-6.063471,-3.365505,1.7152377,7.028564,0.06116713,0.01043431,0.050688554,1.6806724,0.8492569,0.6275,0.69560677,0.422,0.4302743,-21.14319,05
32.92007,0.050641153,31.733015,32.27314,35.201508,3.4684925,40.61212,35.51661,23.269136,19.05867,0.54872364,1.1178931,0.009500513,0.33398822,1.1485196,1.1390191,11.823497,8.2215395,8.414363,4.4303675,0.2274489,1.3866333,14.714622,1.0120983,1.3006735,8.044651,8.724543,1.1292276,1.9152048,7.55276,0.015918953,1.3381455,1.1822134,0.9171211,7.6141877,0.5447747,3.263205,2.9043288,15.107919,0.44339398,766.222,0.36836997,1093.604,0.2490869,-108.26808,-0.8886192,1857.2633,0.17719297,794.06415,0.37892392,-104.57832,-0.87947893,2790.9067,0.10768844,856.82697,0.2825734,-104.617256,-0.87956715,-10.267864,-0.5976701,16.649956,0.37963736,0.105968826,0.2635456,-0.015875977,-1.0471666,0.4343805,0.7462776,25.80966,0.45889905,-1.2293321,-8.513212,10.881641,1.0962099,0.12784599,142.86021,-2.9521294,11.1241865,0.036197916,0.008620725,0.009857014,1.8648019,0.47169814,1.0799999,0.89,0.66333336,0.44499686,-30.977453,06
32.88441,0.058081947,31.500664,32.274384,35.41692,3.916256,38.13311,19.115667,22.818657,27.56572,0.5113688,1.1347893,0.011510459,0.25302523,1.07308,1.0615695,8.4965925,5.5844045,6.4258866,3.7902205,0.2101815,1.3906703,15.92077,0.9583972,-0.1693687,-65.04382,7.7616735,1.2180368,2.0058095,7.021526,0.016096843,1.7469175,1.0793257,0.8344297,8.408046,0.42165652,4.7557216,2.3689098,16.567518,0.47851792,694.50476,0.46532217,1119.5939,0.25642592,-111.88468,-0.8689562,1741.913,0.22396758,818.928,0.33381224,-107.05403,-0.857302,2672.4841,0.11626083,835.8601,0.36237413,-107.32435,-0.85363257,-10.698443,-0.54484737,17.146252,0.3821509,0.11175847,0.25038868,-0.014904032,-1.0780941,0.41118366,0.7271803,27.493305,0.40482017,-1.8934194,-5.25907,10.0513735,1.1673069,0.37842408,49.15682,-2.1344526,11.118603,0.04674756,0.009424622,0.009553425,1.8348624,0.6960557,0.71999997,0.58189344,0.69,0.44862753,-31.413095,06
32.757828,0.048266657,31.550894,32.29858,34.908283,3.3573895,29.144482,20.5862,11.594575,8.047933,0.55762625,1.1091202,0.009063289,0.34003705,1.1697956,1.1607324,5.95912,3.0069861,6.420827,4.145136,0.2174786,1.3677497,14.841411,1.1106956,3.2779057,3.7668333,7.288134,1.4281576,4.432389,2.972353,0.0106505845,1.1044028,0.8768972,0.83290607,8.384663,0.462504,4.639041,2.523337,15.958049,0.4956086,700.83575,0.45189452,1144.3898,0.23518269,-109.9638,-0.8724063,1743.3247,0.2138039,804.49335,0.35165304,-105.91285,-0.8672045,2734.62,0.1272696,800.198,0.24856342,-106.78278,-0.85217905,-11.34025,-0.5115972,17.655926,0.39197484,0.10522847,0.30334473,-0.01568116,-1.1320537,0.41308513,0.7448892,26.090244,0.5113716,2.2905223,5.3381476,10.033286,1.2753538,2.8205492,6.073866,-2.0949302,11.451748,0.043938298,0.009550998,0.01717806,1.8779343,0.7125891,0.71,0.65053827,0.5025,0.43928206,-30.475729,06
32.63355,0.047520757,31.503407,32.2161,34.364323,2.8609161,58.76069,56.812332,15.075918,8.34842,0.56886065,1.1073236,0.01124086,0.33295342,1.205613,1.1943722,10.114088,8.7343445,7.4205527,3.8433404,0.22094892,1.4190202,14.781841,1.069382,0.40344968,32.26064,9.261318,0.9632129,3.572825,4.1181097,0.016608585,1.9586192,1.029963,0.92972666,7.91747,0.5074797,4.4497285,2.5554457,14.580632,0.45341128,782.0587,0.38381746,1050.5579,0.31277597,-110.32477,-0.8577286,1855.7249,0.1946703,826.50885,0.37711534,-104.58316,-0.87672913,2817.2314,0.11023638,855.2034,0.36477718,-105.11192,-0.8675081,-9.748119,-0.6603441,16.593887,0.42169064,0.107330605,0.2940618,-0.012585552,-1.3866019,0.4207311,0.7884154,25.386536,0.5227475,-2.420456,-5.3821063,12.8394575,0.75844955,1.76227,10.955123,-2.5264697,11.301471,0.047143154,0.010510377,0.013286562,2.2779045,0.92165905,0.555,0.5748695,0.406,0.42925984,-31.159101,06
32.436203,0.07275814,31.210623,32.16404,34.906456,3.6958332,94.0829,113.558876,32.32139,23.238876,0.59001076,1.1276788,0.014542858,0.3423035,1.2468668,1.232324,8.664165,6.0008063,8.268563,4.382175,0.25070113,1.3521032,16.272562,0.8171899,-0.45409822,-26.865747,9.193645,1.0080814,3.990375,3.6463058,0.01627416,1.6601795,0.98996276,0.84207344,7.43052,0.57063955,3.3809536,2.7262542,12.11713,0.68287194,753.4775,0.39969486,1061.2869,0.28125507,-110.17564,-0.8732331,1831.9893,0.19272254,782.3778,0.3641584,-103.843315,-0.89148897,2760.0156,0.107069135,860.02295,0.338138,-103.532524,-0.8973281,-8.762215,-0.668254,14.88658,0.43220514,0.09980109,0.34203714,-0.0123457275,-1.2951134,0.4772775,0.71845406,25.042677,0.4318263,-3.8354518,-3.1268651,11.334166,0.94010186,2.8315973,6.6131244,-5.5908694,15.508731,0.02666991,0.008108086,0.013673498,1.8779343,0.7125891,0.71999997,0.48689494,0.49499997,0.47757196,-30.660515,06
32.98113,0.08910078,31.582043,32.02467,34.805264,3.2232208,9.012628,4.8009753,74.4874,68.80432,0.6380407,1.1172636,0.013378899,0.39099866,1.24223,1.2288512,10.568047,6.2650504,8.021283,4.0200458,0.27366558,1.3849511,16.820593,0.8372212,-0.42323834,-28.068474,9.754131,1.0506167,5.162194,2.7368429,0.013318416,1.5482198,1.0706465,0.87110573,8.021958,0.4573875,2.951713,3.681015,12.168483,0.6961216,817.7758,0.3607155,1064.9116,0.22725719,-100.88402,-0.96203727,1876.4677,0.1657557,779.9588,0.32998252,-98.20124,-0.93358254,2826.3438,0.10653619,814.58246,0.34161776,-97.3728,-0.94474137,-9.300542,-0.66198623,15.692441,0.45268914,0.09411195,0.40930492,-0.013612102,-1.079459,0.49085164,0.80773115,25.863554,0.44749063,-4.590843,-2.6274436,10.548177,1.176128,2.3804765,7.0880637,-5.894065,15.497682,0.019029973,0.010199091,0.011899,1.5695068,0.68027216,0.7966666,0.77314657,0.4775,0.44352987,-29.79381,06
32.9788,0.061318923,31.591549,32.062496,35.294266,3.7027168,117.38302,95.30492,14.083482,7.2144885,0.6263508,1.0882598,0.011614881,0.35941538,1.3382888,1.3266739,8.599367,5.1967745,7.612371,4.0179296,0.27761906,1.3318678,14.721571,1.0081378,0.69408524,19.82957,7.762035,1.2083775,4.037205,3.2679095,0.02145534,1.6436853,1.1282653,0.72611934,6.1510344,0.94210196,4.1663294,2.7427318,14.09987,0.52624995,854.05457,0.31644145,1044.3864,0.30213928,-108.459366,-0.87371,1930.1945,0.15765744,814.84735,0.3705503,-106.08076,-0.87374604,2865.829,0.09262249,868.5428,0.38940352,-106.32607,-0.8710314,-9.106161,-0.6164174,15.797291,0.4211012,0.10763866,0.27079725,-0.0132977795,-1.3178978,0.5419001,0.67330426,24.78665,0.52589875,-3.8816626,-3.695548,10.813001,1.0249801,0.56124455,29.807676,-5.1446805,14.794489,0.020786975,0.008243058,0.014719129,1.9093078,0.9661836,0.5125,0.47882015,0.4975,0.44307873,-29.808123,06
32.75923,0.050704192,31.639246,32.1816,34.828415,3.189169,113.00458,175.56616,11.85646,6.456575,0.6665043,1.1184797,0.01274338,0.46171197,1.3306179,1.3178746,9.376282,4.4246163,10.657427,5.316768,0.29480276,1.4377856,16.328953,0.8708363,1.1223736,11.667554,6.8361244,1.3164431,3.7903285,3.4077606,0.009737576,1.1503216,0.893907,0.7382553,7.511406,0.6376354,3.8309183,3.092215,13.981706,0.50222045,850.59766,0.3210733,1068.445,0.26161763,-104.66805,-0.9169741,1919.3549,0.16513649,834.6503,0.4530464,-102.27274,-0.9086786,2847.1272,0.10010077,775.75464,0.32306728,-102.61848,-0.9022682,-9.143507,-0.5632777,15.080392,0.38072148,0.106319845,0.29185897,-0.014364475,-1.1408508,0.560137,0.79811233,24.617416,0.5453471,-2.839112,-4.8259954,7.8215094,1.3867432,0.88671136,18.683462,-5.9187927,15.489761,0.030785192,0.006357996,0.009977893,1.9093078,0.7246377,0.71666664,0.48196357,0.48,0.44626224,-28.897953,06
44.36099,0.023155564,43.630634,44.089912,45.773277,2.142643,9.391175,6.5057054,12.483386,13.132477,0.5412527,1.0367534,0.008205421,0.32070857,1.1871207,1.1789153,4.986325,2.274174,7.380993,4.503768,0.1543263,1.1540184,8.642028,1.3930124,-5.4076385,-2.2701554,-12.233523,-1.6258055,-16.724571,-1.2356678,0.008900658,2.1055927,0.6891506,0.99948627,14.052167,0.31593004,6.271305,0.8038182,17.62072,0.43051264,690.7566,0.44419578,1344.0314,0.2888152,-125.816864,-0.73382926,1597.9835,0.21463266,984.8151,0.31706992,-95.94183,-0.98332036,2800.6582,0.08008305,594.64233,0.56335145,-101.78478,-0.8727704,-7.964215,-0.79550743,21.001528,0.37388867,0.16808684,0.18365954,-0.004635921,-1.6826859,0.27829626,0.55704135,16.34182,0.5457439,-12.960482,-0.86792463,-24.88476,-0.69883025,-30.887503,-0.5398453,-0.43968233,9.063621,0.058801126,0.011659194,0.005019337,1.6949153,0.4282655,1.28,1.02,0.6866666,0.45842722,-31.377077,01
44.37645,0.0231034,43.64793,44.05005,45.845226,2.1972961,12.295284,8.754651,4.644485,7.613007,0.4831119,1.0456115,0.008583157,0.3079005,0.95091397,0.94233084,4.458938,2.9354355,7.1082296,4.2920127,0.12772751,1.202222,8.948755,1.2644687,-5.3624926,-2.2551668,-12.910069,-1.5036354,-19.553148,-1.093057,0.005969403,1.2907212,0.6781027,0.9850755,13.950216,0.33157018,6.925877,0.74587214,19.339434,0.44528493,676.81006,0.43402785,1306.2717,0.22916661,-128.13167,-0.7122079,1615.2205,0.22880358,973.30225,0.34525052,-96.2132,-0.9671246,2847.2788,0.07436339,700.08136,0.88710505,-101.70059,-0.8661827,-8.000232,-0.7138478,20.825212,0.41029066,0.16983889,0.17576437,-0.0058606174,-1.3661778,0.22820474,0.62251383,15.6248865,0.6005684,-10.842046,-1.0971423,-25.259928,-0.6452777,-35.514236,-0.41295046,-0.553323,10.193848,0.0611539,0.009469867,0.004233226,1.7167382,0.43383947,1.275,1.055,0.66999996,0.4262237,-32.863277,01
44.391705,0.022959173,43.505646,44.18544,45.807697,2.3020515,39.02003,83.90504,5.6441655,2.9410279,0.43158457,0.97996217,0.009019483,0.29001778,0.8602414,0.8512219,5.0313916,3.9569557,3.9032097,1.9542701,0.10855525,1.1363659,9.3865,1.1522115,-3.9111438,-3.2683573,-13.14848,-1.3160741,-17.86207,-1.2946539,0.0073411753,1.5940311,0.62633395,1.0110092,13.927769,0.38611278,7.968945,0.92219347,19.234005,0.38117117,630.59863,0.42960203,1348.6238,0.23901644,-129.10938,-0.7236281,1568.1178,0.190055,868.9235,0.31026062,-96.60443,-0.96568424,2820.0586,0.076491304,511.73267,0.6249467,-102.54973,-0.85539144,-8.974642,-0.69920325,21.866945,0.28864896,0.16518289,0.20518526,-0.0073224553,-1.1351519,0.19307147,0.5641109,15.676007,0.59044456,-10.149895,-1.2452235,-23.089674,-0.6601359,-34.31388,-0.5254679,-1.9949754,11.776412,0.06206247,0.010582924,0.0065163006,2.0576134,0.6237006,0.8766666,0.85799503,0.5275,0.44940934,-34.57147,01
44.41804,0.024289886,43.707054,44.15453,45.815815,2.1087608,15.689726,13.250385,13.949788,6.6799808,0.5007804,0.996372,0.011260047,0.32814616,1.0012182,0.98995817,4.8627086,2.876974,5.0747166,2.690658,0.13161415,1.160837,8.075154,1.459347,-4.632238,-2.6596825,-11.916895,-1.3775904,-19.493773,-1.071722,0.008181959,1.8277472,0.66079366,1.1279392,13.677245,0.3580179,10.367406,0.61001086,17.970963,0.4423659,641.968,0.53565437,1242.8804,0.28466308,-141.23633,-0.5993998,1582.0743,0.25337648,908.8378,0.37238494,-96.188515,-0.9672324,2804.616,0.10083717,631.5572,0.84258425,-101.460365,-0.8681608,-9.4497795,-0.59610826,20.758642,0.3427145,0.16612537,0.19890963,-0.0050915233,-1.7850237,0.2335761,0.59230137,14.714747,0.69116086,-10.17037,-1.2231668,-21.508583,-0.706491,-34.51962,-0.44735625,-0.34295702,9.780075,0.06363128,0.011066126,0.0070587215,1.8907564,0.6369427,0.86333334,0.8392589,0.5125,0.46895495,-33.061134,01
44.797176,0.04697793,43.481716,43.965588,47.718582,4.236866,15.83544,8.691953,13.553591,12.629457,0.5937531,0.9970614,0.011182161,0.38467515,1.2433467,1.2321645,7.866583,6.8300767,6.496522,4.09652,0.18490191,1.1804539,8.1314945,1.28924,-7.9165554,-1.7810614,-11.282408,-1.5039494,-20.416214,-1.0930959,0.007074816,1.8549128,0.68900764,1.0930872,13.937134,0.26445332,7.4986963,0.7681371,14.008114,0.58239126,741.5599,0.40382442,1355.7971,0.28114632,-116.927444,-0.806301,1610.7235,0.19146654,1126.411,0.4738694,-94.224495,-0.9824333,2792.1594,0.066497356,578.9482,0.8121857,-96.89456,-0.92977077,-8.311069,-0.71738535,17.124365,0.41412696,0.16275285,0.17722103,-0.005224749,-1.3143774,0.32285342,0.627026,13.793714,0.6006033,-15.101225,-0.67809325,-20.459282,-0.8228365,-35.583267,-0.48438057,-1.6104586,11.924619,0.059540775,0.007791397,0.007869435,1.6359918,0.6198348,0.90666664,0.87940633,0.5125,0.47378132,-31.440023,02
44.58644,0.045060776,43.374626,44.01157,47.53579,4.1611633,17.804983,6.829046,18.76141,16.757238,0.55036306,0.927745,0.013990119,0.43861735,1.1210848,1.1070946,6.780286,5.5306935,3.7480485,2.2794468,0.15828863,1.0888867,8.458023,1.4324296,-7.5392613,-1.6217412,-12.40223,-1.4931333,-22.46581,-1.0459838,0.0076349443,1.8276173,0.59811455,0.9613848,14.007532,0.31542516,5.6799474,1.1193215,16.00635,0.544258,660.7399,0.5116981,1346.8563,0.26065722,-126.90559,-0.7132014,1541.7673,0.22041531,1046.0499,0.3685311,-87.25449,-1.0670854,2809.4685,0.06728612,518.521,0.7399442,-93.30631,-0.9428895,-7.8714895,-0.7619171,19.351292,0.38135746,0.16468886,0.18882276,-0.005721411,-1.3869478,0.26274365,0.5811233,15.266954,0.63367707,-13.051758,-0.85797095,-21.875109,-0.7703986,-37.024174,-0.5173737,1.2993865,7.1694493,0.07246061,0.011181004,0.0070486413,1.724138,0.3868472,1.535,1.245,0.68333334,0.4461938,-32.65766,02
44.8385,0.037439138,43.591217,44.193085,47.355667,3.76445,20.6158,25.897589,8.322466,5.2757306,0.43130833,0.9532339,0.018847985,0.32323438,0.87746936,0.85862136,4.68043,2.855848,4.001379,2.8040798,0.10579153,1.1884613,8.572805,1.4590814,-3.6253564,-3.1433122,-14.886055,-1.1795901,-20.520931,-1.0968021,0.008490298,1.7784072,0.5838052,1.0248522,14.211467,0.3451873,8.338619,0.5721948,20.175396,0.48292455,669.40186,0.4435774,1271.3253,0.24751268,-126.026924,-0.71490836,1580.5261,0.2037336,890.60205,0.3819098,-92.275055,-0.9836526,2861.0032,0.07529729,566.98315,0.83643943,-98.50548,-0.8661208,-10.540388,-0.5965853,23.320406,0.35100976,0.16572492,0.20001999,-0.0048153633,-2.0658689,0.17744495,0.68992674,15.842548,0.6426431,-7.5757813,-1.5500154,-24.69396,-0.6163977,-36.265697,-0.4459804,0.5020066,8.754048,0.06897748,0.012787922,0.0074174344,1.744186,0.7827789,0.7375,0.4800716,0.515,0.45609754,-34.771137,02
44.735786,0.05441981,43.529976,44.19826,47.79007,4.2600937,12.754924,6.792922,14.084675,10.906044,0.5524825,0.9513865,0.0136175025,0.4481262,1.1467052,1.1330876,5.5837564,3.7709188,5.736012,3.4980872,0.14485802,1.1582721,7.884856,1.4478058,-7.1415424,-1.8395324,-12.525849,-1.2531554,-19.83892,-1.152987,0.007209684,1.8107488,0.5550605,1.0884297,14.475587,0.31578326,6.274742,0.8682937,14.540779,0.53911775,700.8986,0.4556642,1316.7244,0.27786806,-126.53468,-0.7194322,1573.0746,0.20704345,1027.8389,0.44260922,-93.54653,-0.9990662,2815.6636,0.0795238,531.9171,0.6287252,-98.37303,-0.9054823,-7.945445,-0.80954444,18.791204,0.36917526,0.17088315,0.16471116,-0.0038803853,-2.4911067,0.25111827,0.6195355,13.901091,0.73784435,-13.629204,-0.87197864,-20.794008,-0.65900457,-35.617477,-0.49871778,-0.651862,10.707072,0.06862197,0.012129686,0.009611685,1.5625,0.591716,0.9466666,0.9436925,0.53999996,0.4468221,-32.419525,02
44.95964,0.04047186,43.65571,44.152416,47.79833,4.14262,-2.2290344,27.92212,4.4656205,5.515114,0.35703576,0.9793139,0.00778308,0.2622922,0.7211787,0.71339566,4.8803554,4.377023,3.1264381,2.11989,0.08013584,1.2123239,9.393082,1.2956809,-3.5108218,-3.346028,-16.796679,-1.1826522,-21.69738,-1.0330416,0.006765564,1.2029785,0.6473994,0.9932562,14.419909,0.2834886,6.634538,0.9485219,20.613527,0.42362288,687.20026,0.39603388,1386.0529,0.27853575,-113.06311,-0.8316292,1528.8202,0.20747806,867.8673,0.28495,-89.18292,-1.0249695,2860.4617,0.06590452,467.26178,0.74886936,-97.14169,-0.8712316,-8.512011,-0.74910897,22.92607,0.41983125,0.16952965,0.16820365,-0.005055131,-1.8063139,0.1320739,0.7357127,15.797741,0.63509667,-7.2077475,-1.6525548,-28.249262,-0.60080695,-37.06575,-0.4179813,-0.24692889,9.277119,0.072795205,0.010978439,0.0065435665,1.4925374,0.56497175,1.0366666,0.63331574,0.53249997,0.45669326,-37.16611,02
44.879814,0.037333492,43.780746,44.22995,46.653645,2.872898,12.398984,6.8185506,4.397824,5.098187,0.38883513,0.9412723,0.011092978,0.30567223,0.752622,0.74152905,3.9401035,2.4066029,3.7249155,2.160526,0.09377883,1.250931,11.342348,1.1253965,-5.0262117,-2.3401577,-13.958827,-1.3397853,-22.57331,-1.0462967,0.006741213,1.6135452,0.5920937,1.044459,14.944378,0.25063914,7.541958,0.86027956,18.805744,0.49292654,705.4525,0.4175545,1319.0029,0.22406103,-110.60981,-0.84427184,1551.1246,0.19140911,935.09174,0.29415748,-88.45862,-1.0052749,2859.8623,0.085392214,515.9642,0.87163275,-93.86595,-0.89966613,-10.05337,-0.6881581,22.92099,0.40148926,0.17179851,0.16796017,-0.0057736496,-1.6451182,0.1501736,0.80312604,17.782633,0.61520845,-8.61074,-1.3651931,-23.655033,-0.69438326,-37.426487,-0.4770178,-0.66203296,9.963602,0.085375614,0.0142766675,0.009180691,1.6393443,0.7352941,0.815,0.4937864,0.51,0.47796443,-36.124046,02
44.724255,0.0556265,43.542274,44.176487,47.529156,3.9868813,23.181704,18.64039,15.596912,12.041377,0.54389083,0.8148812,0.02102361,0.58264923,0.93465924,0.9136356,2.6353755,1.5516914,4.6008964,2.6686487,0.13830934,1.0365702,9.925805,1.1523945,-4.687067,-2.8939693,-16.183168,-1.1491561,-21.944052,-1.0148739,0.0071682534,1.5320117,0.6386734,1.137288,14.052432,0.33043677,6.1474123,1.1414101,16.57155,0.5712328,658.6973,0.5205527,1309.5648,0.273414,-114.934135,-0.7860296,1539.8672,0.24196698,913.4854,0.30036896,-73.74929,-1.2024026,2805.7007,0.071426764,519.0863,0.75525355,-81.852936,-1.0109105,-8.0568695,-0.8258766,21.028337,0.34835792,0.16329502,0.18554926,-0.0039934237,-2.8103638,0.2037015,0.65870607,14.735761,0.63350904,-8.938067,-1.4074191,-23.893803,-0.6778105,-32.997772,-0.5687893,-2.0561895,12.7253,0.09863063,0.014208488,0.0119389435,1.2578617,0.6339144,1.045,1.3461891,0.408,0.42338634,-33.219902,02
44.94037,0.041737232,43.666428,44.095394,47.88606,4.219631,10.682243,5.2877765,6.613458,6.864892,0.39756626,0.9400467,0.014137443,0.33849764,0.8265065,0.81236905,3.1593006,1.8050487,3.9703684,2.903628,0.09960299,1.2252661,11.167527,0.98330235,-5.522381,-1.9799979,-15.036913,-1.1840672,-20.613588,-1.0796908,0.0075417743,1.5774068,0.6175932,0.97365606,14.092291,0.36673757,6.8632092,0.8381747,18.165417,0.51356536,715.75226,0.4297712,1326.3466,0.2566175,-115.12697,-0.80919814,1610.8031,0.20324253,893.65137,0.27738488,-90.68884,-1.0064517,2903.231,0.06412099,513.05774,0.7148577,-97.31778,-0.8801286,-9.400125,-0.7011996,22.373405,0.35049492,0.17049944,0.17017372,-0.006095598,-1.7186168,0.16521186,0.74094576,16.585073,0.55075985,-9.79772,-1.1361119,-23.723576,-0.6917401,-35.107277,-0.4993337,-1.5362436,11.657333,0.07638208,0.012524443,0.007605298,2.079395,0.76335883,0.7625,0.6004321,0.5225,0.4536725,-35.297977,02
44.87261,0.040645957,43.532936,44.21425,47.74724,4.214302,21.379847,14.501783,20.800894,14.221564,0.6380251,1.051239,0.0068471455,0.34250742,1.3897696,1.3829224,9.240995,7.4839554,8.639858,4.436168,0.21565133,1.1403109,5.805799,1.8576783,-7.575152,-1.8164496,-9.228456,-1.8197362,-16.692905,-1.2826753,0.0084694885,1.52178,0.6888838,0.86511326,13.235715,0.32697192,8.31298,0.78948575,14.314949,0.5095301,664.3177,0.5109733,1195.3774,0.2495527,-143.04167,-0.5961205,1580.6996,0.20998763,940.281,0.3727373,-99.782486,-0.9411054,2797.248,0.08212128,643.34216,0.9321019,-103.59174,-0.87096083,-7.8343024,-0.7135541,17.256058,0.4241324,0.16224079,0.17387062,-0.0019955083,-4.3211493,0.39983088,0.51413447,11.8199,0.79133433,-15.505268,-0.71919066,-18.308786,-0.95035726,-32.87448,-0.48509273,0.039588697,9.262529,0.061321415,0.010808731,0.009718081,1.948052,0.65645516,0.80333334,0.74727654,0.5225,0.49088567,-30.484856,03
45.049805,0.0391212,43.656105,44.349335,47.725185,4.0690804,27.689741,25.846489,16.545403,12.553383,0.70463705,1.0430284,0.008980829,0.36188686,1.4780143,1.4690335,9.533138,7.4120426,7.1508207,5.0447593,0.23808458,1.1439023,5.333606,1.8613688,-8.580092,-1.5338148,-10.364027,-1.7931676,-18.700865,-1.119782,0.009852728,1.8835744,0.72602886,0.89458257,12.946555,0.37681967,7.9186034,0.8405076,14.681604,0.55083954,654.88885,0.50259,1232.3225,0.25371504,-140.61507,-0.6194229,1601.4055,0.22574662,843.80566,0.2618083,-97.77339,-0.9668316,2854.4973,0.080509245,558.0456,0.75930667,-102.288055,-0.8823962,-7.3546286,-0.824097,17.571152,0.4151487,0.1681662,0.1713956,-0.0012973498,-7.241871,0.436626,0.5309634,11.134712,0.759855,-15.488525,-0.8109053,-20.834614,-0.85856783,-34.171688,-0.47780156,0.7942314,8.00038,0.06907639,0.010994582,0.010530162,2.145923,0.6507592,0.82,0.8204064,0.52,0.48088458,-29.284948,03
44.731316,0.04030783,43.382607,44.194633,47.46767,4.085064,23.449944,15.889496,13.226075,5.3845162,0.57191294,1.0186223,0.009995434,0.39624596,1.2332082,1.2232127,7.7090335,7.1404996,6.1663923,2.8958158,0.18057342,1.1750107,7.513824,1.535426,-6.0356736,-2.216735,-10.963072,-1.478055,-15.658794,-1.3375295,0.00920817,1.5865772,0.649055,0.98529804,13.180406,0.42675066,9.498923,0.67845243,15.814998,0.61705726,692.5331,0.48309508,1223.4412,0.32192507,-137.31871,-0.6278305,1577.2126,0.19597176,945.98267,0.35178572,-99.20486,-0.9368596,2783.7993,0.07766564,650.9252,0.7915667,-103.480576,-0.8573894,-9.277942,-0.6392901,20.160551,0.36231616,0.15950084,0.18938863,-0.004701826,-1.9970133,0.32817584,0.57993066,13.728506,0.79452884,-11.738534,-1.009201,-19.807724,-0.72786474,-30.052027,-0.59173006,-0.17886841,9.86161,0.06823384,0.010786333,0.009678534,1.7316017,0.65645516,0.8166666,0.7951659,0.5125,0.4543883,-30.914965,03
44.785076,0.043675676,43.47666,44.079685,47.720333,4.2436714,29.759325,11.727621,2.0013516,4.718064,0.61953473,1.0195495,0.0096922135,0.36530158,1.3015996,1.2919074,7.4113884,4.1238813,6.514609,4.4486823,0.20673238,1.2729623,5.8291097,1.878729,-5.492015,-2.392247,-10.772241,-1.4950706,-17.238482,-1.2185144,0.0076801456,1.5304288,0.64169174,1.0289556,13.054195,0.42735034,7.3974314,0.77541,14.961974,0.688883,701.868,0.49864048,1203.1766,0.30823064,-135.9922,-0.63696235,1605.8688,0.22799589,955.6577,0.37126395,-100.18689,-0.9177132,2826.844,0.07477999,609.5949,0.8773406,-104.295296,-0.84384775,-8.837634,-0.60864806,18.550085,0.36558384,0.15962052,0.20049404,-0.004217085,-2.2209353,0.36811325,0.69878685,11.155273,0.9153466,-11.355976,-1.059191,-19.574749,-0.8075967,-31.738373,-0.5714056,-0.047420397,9.485137,0.07194539,0.010067126,0.0251515,1.8907564,1.0615711,0.49199998,0.20262279,0.30142856,0.33498096,-30.233805,03
44.37998,0.08216085,43.459747,44.27481,47.77207,4.3123245,49.4828,6.5608,260.8494,237.39902,0.885532,1.0298318,0.00863527,0.47555557,1.9719464,1.9633111,15.052935,13.138188,10.955477,6.7452927,0.33351967,1.203976,7.077929,1.470545,-10.297013,-1.5116194,-9.228631,-1.877741,-14.024307,-1.4615301,0.020895774,2.914771,0.78498024,1.0444127,12.458359,0.43994674,6.705604,1.1753492,12.964347,0.57155836,671.281,0.48195192,1231.0353,0.26515755,-131.61107,-0.6844891,1611.7966,0.21689877,878.6631,0.29102504,-93.51988,-1.0120531,2808.998,0.08948689,616.10535,0.5322501,-97.54043,-0.931515,-6.7507367,-0.92187995,16.781912,0.39862156,0.15943547,0.21269444,7.0306065e-05,130.61688,0.592329,0.6290243,12.414963,0.69050056,-18.320297,-0.8033935,-18.025488,-0.99749446,-26.559736,-0.7080809,0.18728784,9.237819,0.06043142,0.011687589,0.009879556,1.6597512,0.2096436,2.6499999,0.0,0.6866666,0.2833529,-26.352966,03
44.161087,0.087733574,43.271774,44.10671,47.93183,4.660057,110.72488,55.52776,65.96119,79.28977,0.82121694,1.0318404,0.010310279,0.4530515,1.7697332,1.7594229,13.879354,13.47625,9.781089,5.6404,0.3110242,1.2156988,7.083948,1.3679587,-8.7669935,-1.5568397,-8.600255,-2.187076,-13.814083,-1.3677914,0.023785176,3.3270383,0.74733096,1.1599449,12.388275,0.4569602,8.156464,0.9750175,14.721254,0.5615855,720.458,0.43140358,1368.9946,0.28282854,-121.73748,-0.7712815,1609.3646,0.19368662,997.5779,0.3468685,-95.94652,-0.9812572,2802.831,0.09346132,694.04834,0.7451761,-99.52428,-0.91299325,-7.8237805,-0.71424985,17.07212,0.42811438,0.15849558,0.19434258,-0.003747044,-2.179209,0.5630812,0.6201257,12.489254,0.673654,-16.083729,-0.7917647,-18.851414,-1.0139062,-26.294893,-0.6418101,0.13250802,7.927677,0.06744946,0.0123718865,0.008533025,1.86722,0.4192872,1.3,1.0699999,0.70666665,0.45791796,-27.03001,03
44.846443,0.053320546,43.46076,44.249664,47.177795,3.7170372,32.975483,5.510961,47.113674,43.353943,0.88817996,1.0182722,0.011668534,0.5450822,1.8651848,1.8535162,12.00764,7.8916807,12.632855,8.777391,0.36392137,1.2197711,6.852132,1.6393195,-6.661113,-2.1880608,-12.326221,-1.2842383,-14.788175,-1.2773962,0.0132365,1.6097625,0.7541348,0.97479117,11.89139,0.52052194,5.556364,1.2443454,14.261236,0.67542803,738.20734,0.47260496,1181.2638,0.40109974,-126.89689,-0.7016454,1664.9714,0.23472016,940.8827,0.36491683,-93.808174,-0.9895206,2865.1265,0.09268615,648.86835,0.5387684,-98.518135,-0.8981356,-7.542653,-0.78882945,18.690216,0.37784526,0.15375827,0.20574151,-0.0021584264,-4.467421,0.64190066,0.65306944,11.3729925,0.8929347,-13.952742,-0.99669427,-20.776047,-0.74889654,-25.887735,-0.6870225,-0.6214264,10.736447,0.06657796,0.008412216,0.010066428,2.360515,0.6507592,0.8566666,0.9647567,0.49249998,0.41227266,-26.159943,03
43.921154,0.08220174,43.22533,44.070984,47.757366,4.532036,101.489655,124.94611,18.80967,11.960166,0.7733006,1.0586025,0.007105467,0.38330662,1.6330748,1.6259693,11.489589,8.493206,8.642761,5.0729136,0.30278477,1.2080094,7.451472,1.5909977,-6.6355443,-2.5119684,-8.847033,-1.8389096,-12.142916,-1.6092237,0.010898316,1.4855063,0.8200669,1.0803457,12.380917,0.45504785,7.195656,1.0858476,15.177024,0.71506476,684.50134,0.5042578,1197.7483,0.31869662,-133.93318,-0.6561555,1636.2775,0.21916142,960.84717,0.3394882,-97.727585,-0.95103705,2796.0325,0.08518759,683.37555,0.5970004,-102.622406,-0.8611867,-8.908084,-0.8424857,19.400177,0.42605615,0.15000843,0.26460657,-0.0039517214,-2.1455562,0.545167,0.62829345,13.78136,0.7319417,-13.471626,-1.2472414,-16.70718,-1.0172898,-23.489683,-0.816585,-0.8568385,10.823478,0.06307963,0.009232196,0.017036142,1.6597512,1.048218,0.512,0.398216,0.41799998,0.4835452,-27.31533,03
44.47345,0.029085739,43.60275,43.988068,46.39624,2.7934914,12.573033,13.048652,9.606756,3.775324,0.43859506,0.9964573,0.007993793,0.29477346,0.8872344,0.8792406,4.0922837,2.608133,5.3273935,4.207726,0.105399944,1.2099066,9.3646,1.2253853,-4.628679,-2.510106,-10.419191,-1.7463075,-18.023285,-1.2288429,0.007435098,1.616448,0.64749086,1.0971507,14.227628,0.30877718,7.2121205,0.77174795,15.908993,0.53485084,649.70496,0.50139904,1356.7728,0.32830676,-133.13268,-0.66754466,1564.3177,0.24531473,959.40845,0.38335043,-94.16806,-0.98006827,2786.2063,0.093291186,611.9237,0.644892,-99.353485,-0.8822818,-9.478529,-0.5474673,20.575514,0.3424776,0.16928828,0.18273884,-0.005151009,-2.0513148,0.18251322,0.6704894,16.633457,0.5125579,-9.818924,-1.1129594,-20.962048,-0.7842313,-32.16966,-0.5798841,-0.15855016,9.008911,0.06644667,0.010566163,0.0053753364,1.6260163,0.41067764,1.38,1.11,0.6866666,0.4647819,-34.453236,04
44.83316,0.03295083,43.85358,44.108845,47.07477,3.2211914,19.09116,29.227106,21.072577,29.101786,0.40394667,1.0505404,0.007876781,0.26905832,0.88315535,0.8752786,5.92484,4.3596144,5.390958,2.7518835,0.099287465,1.3636031,9.523903,1.1836694,-5.6540785,-2.5543828,-11.259152,-1.613932,-17.691038,-1.2223405,0.00931609,2.746786,0.61833143,1.0198405,14.031865,0.39892364,6.582442,0.9341302,15.09284,0.65895265,644.3748,0.48974648,1253.9908,0.28182983,-139.92204,-0.62342256,1565.7091,0.2155235,977.9669,0.38128275,-97.72876,-0.95085365,2781.108,0.08604289,609.83984,0.720759,-102.15635,-0.87080914,-8.41295,-0.75395507,19.407278,0.47855067,0.1730218,0.1581283,-0.0032295482,-2.9422927,0.17870052,0.7862763,15.854171,0.6377344,-11.998941,-1.0740501,-21.188204,-0.81025857,-33.394386,-0.47900409,-1.84372,11.993869,0.05095961,0.009827251,0.004459303,1.9067798,0.4282655,1.275,0.995,0.69,0.45963755,-35.492657,04
44.478203,0.031589635,43.57019,44.05417,46.26668,2.6964912,32.496014,27.606138,9.315913,10.504547,0.39724785,0.9500041,0.008458514,0.34878573,0.74447757,0.7360191,4.5564795,2.779496,3.9737844,2.3950486,0.09217233,1.276663,10.213451,1.0814635,-1.3659536,-9.068299,-10.588022,-1.3967379,-16.170172,-1.3786685,0.008887398,1.8350703,0.6058929,1.3249909,14.528932,0.3507801,9.467631,0.62687635,16.479147,0.51637626,716.0519,0.4578181,1285.666,0.3193734,-121.6126,-0.74426347,1681.6329,0.24981023,1044.8082,0.5551331,-95.02836,-0.93984604,2838.1143,0.09314843,622.36554,0.8754492,-99.589745,-0.8564385,-12.693024,-0.4609719,24.049795,0.28299007,0.16884492,0.15554127,-0.0055050272,-1.7819706,0.15503263,0.7761161,16.663757,0.55998456,-4.956095,-2.5861144,-18.556963,-0.66207606,-29.689669,-0.6689483,-1.754358,11.379024,0.059836585,0.011982037,0.0064469515,1.744186,0.39138946,1.48,0.85999995,0.7,0.4384062,-34.61392,04
44.420708,0.029880434,43.397877,43.99443,46.343952,2.9460754,12.88365,9.044179,12.061966,12.506242,0.50039977,0.965906,0.008366405,0.38522953,1.0532728,1.0449065,4.478971,2.86228,5.0527735,3.267611,0.12708658,1.2414625,8.678662,1.3907291,-3.776762,-3.3837838,-12.783407,-1.2461296,-18.65215,-1.2130262,0.009203669,2.0414855,0.5859208,1.0783681,14.018108,0.36378494,6.645049,0.7844825,15.714975,0.5592022,652.9203,0.511753,1295.5408,0.3151013,-134.3565,-0.65387243,1563.9146,0.25473937,906.40857,0.3962146,-95.69408,-0.96783507,2827.8525,0.096631825,543.4562,0.5809801,-101.32688,-0.8628565,-9.495836,-0.57150126,21.06295,0.30695888,0.16790873,0.16999128,-0.0058833677,-1.6900928,0.22272505,0.6957178,15.848549,0.61948234,-9.144868,-1.3674406,-21.47012,-0.6397548,-32.94828,-0.6152207,-0.31219807,9.719462,0.07278629,0.011592163,0.008062549,1.5810276,0.59880245,0.9266666,0.9074629,0.53999996,0.4806766,-32.441616,04
44.83043,0.0285684,43.994434,44.34179,46.698235,2.7038002,16.441946,29.900358,4.7029896,2.7230222,0.5535124,0.90050554,0.009622445,0.5620744,1.0324566,1.0228342,4.338995,3.8226442,7.168969,4.0469975,0.12669058,1.209073,11.142219,1.1042522,-9.703176,-1.4343626,-10.179261,-1.5405151,-20.0663,-1.1991261,0.006409206,2.5822449,0.5514678,1.2902303,15.15506,0.3055724,6.6285286,1.0575094,11.946185,0.6338888,685.0835,0.48884085,1339.8948,0.3119678,-120.05094,-0.7617149,1584.6218,0.25495538,1018.952,0.36193523,-82.52334,-1.1107372,2768.4407,0.095313504,627.78375,0.5231188,-87.13608,-1.0092028,-7.5705833,-0.7153352,16.580694,0.44137958,0.17242253,0.13392079,-0.0006365272,-14.440042,0.20146835,0.75498486,18.519102,0.4698513,-16.48738,-0.70118463,-17.374079,-0.837045,-32.429897,-0.6790154,0.48026708,8.188733,0.064632006,0.012120468,0.0052635586,1.2455516,0.35906646,1.73,1.4499999,0.6866666,0.46735662,-32.63751,04
44.737377,0.03255298,43.88971,44.226845,46.724068,2.8343582,9.101615,4.629926,25.281256,31.366232,0.6474653,0.9076351,0.011435229,0.64253056,1.2330214,1.2215861,3.8725488,2.514968,7.342514,4.587186,0.1649757,1.1435186,10.760121,1.0464436,-10.13918,-1.4256794,-9.59045,-1.5401257,-18.325256,-1.3223916,0.0071097594,2.2910593,0.5120551,1.0331994,15.08239,0.27179596,7.2743235,0.7898312,11.598789,0.5261733,712.16504,0.4706765,1287.5822,0.28465346,-120.26613,-0.76002455,1646.7278,0.24158241,1089.2078,0.43464413,-86.85877,-1.0589051,2772.7808,0.0989201,708.7458,0.5719981,-90.38428,-0.9846292,-7.600145,-0.7253384,15.184295,0.45796424,0.16896804,0.14806822,-0.0019248098,-5.2634163,0.27082336,0.65562284,17.394032,0.4943607,-18.202847,-0.64120495,-16.891912,-0.7442772,-31.192791,-0.72475237,-0.9370372,9.941671,0.06516706,0.012066862,0.008141739,1.4311271,0.54151624,1.1,1.1246629,0.71999997,0.46669048,-30.823292,04
44.805454,0.03245737,43.745506,44.223846,47.025177,3.2796707,55.59405,95.96341,9.11332,6.103632,0.52965343,0.9228743,0.010493536,0.44937488,1.0291247,1.0186312,6.1948886,5.3769484,5.4069853,4.0059657,0.15040055,1.2410836,9.750124,1.1844946,-6.252839,-1.9517982,-15.374115,-1.079884,-15.0026455,-1.4389459,0.0077592917,1.523804,0.5618239,0.9677336,14.163806,0.39003986,3.6972728,1.4454867,15.203382,0.44888824,728.2281,0.44413418,1388.8119,0.36154017,-119.64552,-0.7612731,1631.1702,0.2463311,986.59515,0.3441669,-90.52083,-1.0122532,2868.9546,0.10636148,630.5023,0.57391006,-96.86611,-0.88922966,-8.274563,-0.7402497,21.420757,0.28609478,0.16743147,0.12699088,-0.0012757961,-7.5837874,0.25332543,0.7275401,16.356478,0.5665272,-11.373979,-1.0251505,-24.916698,-0.55473,-27.513884,-0.70591927,-0.3941702,10.430313,0.06341733,0.013686367,0.0058140405,1.6697588,0.5617978,1.04,1.0182666,0.53749996,0.4778271,-31.487185,04
44.670113,0.03491735,43.550842,44.107727,46.935616,3.3847733,11.359464,6.9168267,13.924271,17.861748,0.7152739,0.9194674,0.025042206,0.67904615,1.2212436,1.1962014,5.7406907,5.010152,6.7318897,3.2369432,0.19175854,1.1581305,9.575225,1.1989348,-7.9939213,-1.8461909,-11.008029,-1.632197,-16.676254,-1.209849,0.0062815878,1.8517336,0.5476234,1.1475497,14.739772,0.31208864,4.9997864,1.019943,12.041168,0.7392477,738.00903,0.47198194,1278.3275,0.3598088,-118.82658,-0.7644711,1669.8871,0.25198284,1034.8954,0.40110645,-86.839264,-1.0583158,2826.161,0.103946,766.7283,0.6836207,-91.4918,-0.9619214,-7.576526,-0.69019914,17.669487,0.4070939,0.16584033,0.1411861,-0.004124673,-2.4415612,0.31203315,0.6815665,16.122969,0.5524477,-15.620104,-0.8416504,-19.527382,-0.815018,-28.102942,-0.6413049,-1.0605292,9.267754,0.07694043,0.012303586,0.011983705,1.3816925,0.5226481,1.1466666,1.183676,0.5575,0.45800516,-29.022434,04
43.79583,0.07014599,42.87118,44.056637,46.60631,3.7351303,54.510002,13.201926,52.60915,73.257416,0.9925144,1.0684581,0.013863666,0.4502999,2.202322,2.1884584,14.870749,12.37945,12.293154,6.461215,0.45021275,1.1684816,7.522266,1.6293434,-10.553945,-1.4458796,-6.6233487,-2.5247045,-15.439444,-1.3976617,0.020983994,2.6482396,0.7961369,0.99138707,11.574958,0.5053497,7.312233,1.0329932,12.820718,0.69443154,624.217,0.53581256,1189.5076,0.28384954,-146.48836,-0.5673906,1564.9585,0.22349408,966.1229,0.4060221,-98.481964,-0.95637125,2715.7126,0.09433313,716.56195,0.6118779,-101.69275,-0.89539886,-6.928862,-0.7786982,16.332176,0.42679757,0.14603065,0.21594313,-0.004520419,-2.1279557,0.82959265,0.5521296,14.892333,0.60997844,-18.526348,-0.7484421,-14.168104,-1.3170766,-27.288944,-0.80272126,1.2360979,7.5820117,0.07249625,0.009849156,0.018612776,2.0876827,0.63291144,0.84333336,0.56617624,0.71,0.46783188,-24.580177,05
42.53318,0.13807133,42.4791,43.771084,46.813065,4.3339653,79.465775,35.513866,99.92106,94.10843,0.88951993,1.0743744,0.010213806,0.39113918,1.9431591,1.9329453,15.0018635,10.210621,9.593823,6.0942397,0.3773926,1.1235628,8.386117,1.5227666,-8.160939,-1.9126524,-4.8089433,-3.5034552,-13.269007,-1.6128355,0.031397756,2.5737638,0.73350096,0.92292583,11.656984,0.46090394,6.5449996,1.5303072,14.182674,0.694735,678.95056,0.4936945,1243.9514,0.3474401,-133.72586,-0.6833897,1645.1393,0.23036799,956.2263,0.3637301,-98.67162,-0.9522009,2765.1926,0.09916368,723.6055,0.45928282,-101.76773,-0.89494807,-7.9037747,-0.8340677,17.324392,0.4425796,0.14240499,0.24886625,-0.006890078,-1.1984162,0.69284266,0.50826627,15.153483,0.71321005,-16.713577,-0.8949739,-11.4666395,-1.7361135,-24.958115,-0.900811,-0.5083417,9.516081,0.06688718,0.009218351,0.020397091,1.9189765,1.0775863,0.48799998,0.1704582,0.41599998,0.4814395,-25.91998,05
43.837837,0.08599774,43.26327,44.117203,45.623253,2.3599815,121.32716,118.33726,22.90246,12.393077,0.6157847,1.0713689,0.008833976,0.30752283,1.3733697,1.3645357,8.457374,4.7932744,5.7660704,3.329812,0.24074195,1.1612803,8.113452,1.6158506,-4.7895107,-3.237207,-8.032071,-1.842903,-14.837946,-1.3714556,0.019235333,2.3702524,0.7316237,0.88084567,11.88772,0.4759696,7.813124,1.1739653,15.664106,0.67260873,649.92755,0.5359596,1216.2406,0.31431657,-147.99309,-0.5454182,1571.6853,0.2284511,958.18933,0.3924549,-104.81858,-0.8853946,2765.7751,0.099153735,659.16626,0.4768028,-109.41915,-0.80523616,-9.210234,-0.75019807,20.13454,0.43755454,0.1558967,0.1855767,-0.0063039805,-1.6264855,0.46206522,0.5073296,15.145509,0.80042666,-12.153191,-1.261485,-15.632195,-0.9628452,-28.907013,-0.64433855,-1.7847164,10.818458,0.06556005,0.009460405,0.016360443,2.1186442,1.0706638,0.46199998,0.2917122,0.31714284,0.43891796,-29.691824,05
42.806805,0.12339672,43.08354,44.030685,46.232704,3.1491623,135.31427,84.82496,-60.77072,80.645874,0.7496747,1.1489383,0.011232405,0.28426462,1.8263249,1.8150926,15.438629,10.499809,10.142254,5.742035,0.31339964,1.215216,8.070036,1.5180371,-5.8715854,-2.6484096,-6.454718,-2.22614,-13.256882,-1.5631229,0.01732409,2.0999863,0.751185,0.9473618,11.005282,0.5985879,7.217403,0.94329995,14.265082,0.7454021,673.6192,0.55188346,1084.4915,0.3586414,-140.5912,-0.6148451,1611.4054,0.23930237,902.8458,0.3538012,-102.61273,-0.91887033,2750.9773,0.10294239,638.49365,0.44015494,-106.18748,-0.8545267,-8.092602,-0.77573085,18.112883,0.43170226,0.1511639,0.23592125,-0.003649152,-2.4043071,0.60671383,0.5456036,14.497957,0.7958338,-14.439536,-1.1581024,-12.663982,-1.3052393,-25.285393,-0.8741128,-1.620685,9.890684,0.0645888,0.009050041,0.010101891,1.948052,1.094092,0.45999998,0.2613044,0.42999998,0.48592177,-27.004835,05
43.99202,0.05532983,43.22756,44.08606,46.365093,3.137535,37.283176,25.506886,21.064941,15.332379,1.4073437,1.1948096,0.01392272,0.5374775,3.5564044,3.5424817,21.42688,14.72722,21.183245,15.146473,0.82491493,1.3077855,3.413636,3.1332338,-12.750608,-1.2514756,-9.276673,-1.9743567,-16.754436,-1.1604267,0.01859145,1.8927711,0.81792825,0.85382956,10.271878,0.5452099,8.274129,0.78558517,14.473086,0.6202228,908.5772,0.35197318,941.5027,0.38776088,-114.05236,-0.8592951,1989.5199,0.20490672,805.513,0.7259927,-98.4938,-0.9741671,3040.538,0.11699876,714.41986,0.48468685,-100.737755,-0.93100786,-4.116975,-1.5343995,14.861431,0.52654415,0.14157712,0.25013465,-0.0020176894,-6.428288,1.565627,0.6631181,7.2558475,1.4669002,-21.611673,-0.6927403,-18.829361,-1.081893,-31.21394,-0.4738186,1.5712708,7.390263,0.07264956,0.011562313,0.015614361,1.4925373,0.862069,0.60249996,0.42891577,0.53249997,0.5079555,-19.66142,05
43.51421,0.096383184,43.10059,44.087494,46.55848,3.4578896,76.97861,51.93304,82.24192,96.80807,1.4487354,1.2344759,0.01327866,0.39466184,3.4856093,3.4723306,22.795542,18.114305,19.481672,12.716508,0.82796365,1.343061,3.7790067,2.9513812,-10.613545,-1.5350631,-7.1382427,-2.6028652,-17.225452,-1.1797903,0.026216123,2.098023,0.82919073,0.85491097,10.611248,0.528323,7.722726,1.0177989,14.050127,0.64779186,822.64166,0.44660372,933.2178,0.34046665,-115.1112,-0.86283666,1936.314,0.23099859,629.37384,0.6064946,-97.56939,-0.98321974,3004.7168,0.12903596,763.98865,0.44345596,-98.691246,-0.9605014,-4.619345,-1.7261835,15.285261,0.56090873,0.13832097,0.24855864,-0.0031554808,-4.0484567,1.5502146,0.7131992,7.5294213,1.5138412,-18.878197,-0.88796365,-16.849474,-1.1817791,-30.977152,-0.58450866,0.981779,7.3202014,0.063702285,0.010867677,0.013680527,1.7167382,0.6507592,0.81333333,0.5654693,0.525,0.50012493,-18.677828,05
42.71478,0.1122801,41.908524,43.781883,45.01871,3.1101875,129.8681,90.86031,21.584158,15.233771,1.3145932,1.2271163,0.009855945,0.37732893,2.990974,2.981118,23.61027,15.987553,20.447805,18.395504,0.78255665,1.3379984,5.198425,2.3148322,-9.664392,-1.9070137,-4.4745116,-3.9172769,-14.375761,-1.3985394,0.030711554,2.8900836,0.75973207,0.72724164,10.128525,0.5354341,8.229739,0.7954799,12.328655,1.0232124,910.3972,0.36804733,930.5112,0.4658071,-112.594345,-0.8473697,2008.7948,0.19490111,868.1732,0.62114304,-99.54416,-0.9444689,2969.161,0.12107983,842.39276,0.50925523,-100.86252,-0.9190576,-6.737173,-1.3944921,16.797926,0.58240557,0.12829174,0.31841317,-0.0057757776,-2.3475587,1.4630189,0.7118042,9.678716,1.2590505,-17.000496,-1.2439039,-10.085833,-2.0963287,-26.190876,-0.7887863,0.4003938,8.334906,0.07040667,0.010158545,0.0175217,1.483051,0.856531,0.615,0.41572225,0.7,0.4102032,-20.194983,05
43.617992,0.06408099,42.812187,43.88666,45.576454,2.764267,83.88788,39.987072,31.993637,32.51682,1.4570631,1.1766653,0.01808612,0.48049527,3.7477205,3.7296343,28.332327,20.958984,20.624542,14.586208,0.8312784,1.28218,3.344504,3.2983444,-11.350237,-1.5391176,-7.292095,-2.0979555,-16.853148,-1.1861794,0.018230362,1.4748179,0.8121787,0.8612367,9.818403,0.6007166,7.282322,1.2407166,11.144172,1.1703466,950.60706,0.33623466,843.00415,0.41097662,-106.99871,-0.9100499,2044.7941,0.18909432,756.664,0.64647895,-95.28253,-0.9996086,3063.9775,0.11018083,836.2611,0.5719104,-96.85475,-0.9687793,-4.7248907,-1.5360172,14.87219,0.58007985,0.13618174,0.30499595,-0.00326266,-3.7531188,1.5180441,0.67525566,6.7953606,1.7076043,-19.172506,-0.97426826,-13.581364,-1.2350338,-28.280365,-0.6629354,1.0601724,7.5486617,0.06722298,0.010853606,0.010885773,1.6949153,0.6423983,0.84666663,0.79264677,0.68333334,0.42679682,-19.732937,05
44.34416,0.044386443,43.413677,43.946075,46.837048,3.4233704,23.217981,7.3624053,6.082646,7.720267,0.50160426,1.0542506,0.007936053,0.29906338,1.0701996,1.0622636,5.990155,4.260768,6.3267674,2.5799313,0.15048489,1.2484775,9.863663,1.1646178,-7.336522,-1.865846,-8.822248,-1.9557891,-17.183401,-1.238038,0.01257676,1.6322381,0.6491201,0.9245132,13.839413,0.33535975,7.9090548,0.78232026,16.145882,0.4891923,713.1783,0.46405837,1368.0898,0.27696422,-128.92354,-0.70085186,1594.8013,0.21443991,1059.488,0.38338488,-97.90765,-0.9426431,2798.1597,0.09657164,648.18866,0.5411979,-102.58401,-0.8578726,-10.692022,-0.6246243,21.39727,0.3794216,0.16177253,0.14869913,-0.004654787,-1.7138892,0.27064407,0.6626115,17.533533,0.46449307,-12.639956,-1.160746,-17.570257,-1.0075061,-29.464157,-0.69156563,0.47570822,8.527727,0.063625716,0.009448157,0.0040343613,1.502146,0.21691974,2.55,0.0,1.015,0.005,-32.183804,06
44.465157,0.03329676,43.445354,43.92793,46.424965,2.9796104,17.673563,10.822104,15.411772,14.765795,0.50454813,1.080938,0.007805304,0.24515325,1.0822941,1.0744888,5.564231,4.485102,7.1132183,4.9722357,0.1569337,1.2153172,9.057824,1.3527082,-5.399059,-2.632123,-8.8504505,-1.6789818,-16.061754,-1.2457231,0.009629421,1.367089,0.6523999,0.98065776,13.609597,0.36972085,8.002136,0.81745774,15.248646,0.46525303,681.2057,0.4884801,1339.8075,0.31226102,-138.14784,-0.6279036,1600.4271,0.22693603,979.6342,0.307248,-100.03442,-0.92590874,2776.5293,0.102250956,626.68066,0.62145555,-104.45972,-0.8466066,-10.037448,-0.645177,19.686953,0.38246197,0.16702372,0.19108932,-0.0054377997,-1.5943203,0.2873422,0.61118144,17.085447,0.5245354,-12.59883,-1.2097448,-17.650406,-0.8448123,-27.650349,-0.7102843,-1.0043976,9.308873,0.06499231,0.009883434,0.005636322,1.754386,0.2217295,2.44,0.0,1.02,0.02,-32.11659,06
44.636734,0.031844467,43.488064,44.20353,46.605625,3.1175613,23.735378,20.09883,10.841486,4.481542,0.38737634,0.9693817,0.008603049,0.2753713,0.775867,0.76726395,4.1579404,2.7479331,5.172746,3.729915,0.11658562,1.2779186,9.494237,1.2530111,-2.2700589,-5.366763,-10.830885,-1.5226065,-13.842558,-1.362359,0.011234735,1.5994276,0.7020557,1.1076281,13.709401,0.3677941,8.640049,0.64886564,16.596733,0.5733875,739.6804,0.41122052,1383.9824,0.301812,-127.867935,-0.697841,1623.3915,0.21464519,1007.0112,0.42350766,-102.08857,-0.8881408,2812.9922,0.08159854,621.12225,0.55007285,-106.91991,-0.8045327,-11.776523,-0.5417149,23.250816,0.27863473,0.16661617,0.16033517,-0.004742161,-2.2923727,0.21065326,0.7037179,17.454006,0.54806024,-6.490866,-1.776642,-19.947252,-0.7691158,-25.079298,-0.7309282,-1.0789778,9.972719,0.067347884,0.008568315,0.008914381,1.8789145,0.63291144,0.84333336,0.8114733,0.53499997,0.4752631,-34.010544,06
44.53911,0.03499499,43.541218,44.169582,46.389103,2.8478851,12.36113,5.8860917,14.314523,18.624605,0.49671093,1.0061697,0.0071451413,0.32202992,1.0904415,1.0832963,4.6680055,2.5869555,6.2004223,4.345737,0.14302747,1.2382997,7.5549016,1.5725743,-3.9268005,-3.0687025,-9.895433,-1.5106051,-15.579207,-1.237193,0.0105731655,1.6983503,0.6148438,0.9866472,14.122358,0.3418315,6.3885603,1.0081675,15.201812,0.6552971,665.78174,0.5401602,1269.5981,0.3665483,-143.79524,-0.5704409,1611.2687,0.25545588,1002.198,0.48171794,-102.79014,-0.89038575,2821.3604,0.10030652,650.02765,0.56763035,-107.93319,-0.80131906,-10.133618,-0.56245834,21.548168,0.36276034,0.16808172,0.16775472,-0.0025250628,-3.4656386,0.26395956,0.6423289,15.106025,0.6518318,-9.458046,-1.256629,-18.673513,-0.7670836,-28.266806,-0.62405944,-0.21236333,8.772431,0.080938675,0.011586473,0.010095852,1.7057569,0.862069,0.60499996,0.38823318,0.42599997,0.47693187,-31.471338,06
43.991997,0.0857459,43.4785,44.06117,46.48586,3.0073586,173.80266,164.16487,10.031193,8.157728,0.6457008,1.115202,0.00854021,0.2688637,1.4425161,1.4339759,7.780817,4.311059,7.419326,4.2681684,0.22761667,1.2047788,8.2744255,1.3926836,-5.755031,-2.2711098,-8.263733,-2.050193,-11.343805,-1.7002937,0.009306333,1.3856373,0.76009643,0.936593,12.595224,0.42937693,7.7082686,0.8679783,13.424334,0.63527566,698.9403,0.4873923,1262.5281,0.2947859,-135.62668,-0.63929933,1643.5994,0.22027631,962.09717,0.35408837,-103.120766,-0.8931667,2802.2087,0.10673428,725.0888,0.561823,-106.47791,-0.8339674,-8.622095,-0.6878454,17.614386,0.40032068,0.16201274,0.17640314,-0.0035267402,-2.2673001,0.43223226,0.5607244,14.709881,0.666179,-13.770501,-0.8951798,-16.537622,-1.1589216,-23.573254,-0.79731566,-1.6389967,10.837682,0.056850385,0.009051401,0.009040455,1.7429196,0.66079295,0.78999996,0.5413563,0.53,0.490051,-28.757116,06
43.60437,0.10518782,43.215054,44.167,47.23634,4.021286,169.62082,113.18345,48.977615,36.421593,0.7843354,1.1017146,0.008500112,0.3647384,1.6260448,1.6175447,11.691677,8.790086,10.605519,5.947253,0.32457715,1.2185888,7.8678317,1.3666476,-7.84022,-1.8886665,-8.967875,-2.0989878,-10.825914,-1.676784,0.024652248,2.6815758,0.7592781,0.9221494,11.86405,0.4844554,7.9645233,0.6914806,16.496721,0.54360485,742.9985,0.4648243,1300.299,0.30727193,-128.63774,-0.71048045,1645.2699,0.20535791,1012.9675,0.3440511,-99.44833,-0.9530564,2777.2727,0.09040488,815.275,0.64333266,-104.07373,-0.8675504,-7.726586,-0.74017584,18.32995,0.4021393,0.15478474,0.1785768,-0.0030334513,-2.8021874,0.60825634,0.5923834,13.576843,0.6995998,-15.423443,-0.99081963,-18.085316,-1.1054162,-19.924807,-0.97778946,-0.70011824,9.833248,0.062874734,0.007882716,0.014154589,1.7167382,0.6507592,0.8066666,0.5412537,0.53,0.51019603,-26.583836,06
43.068302,0.11300556,42.75076,43.95263,46.210297,3.4595375,57.756638,40.55318,83.89394,102.8677,0.618506,1.0476009,0.008850411,0.37017936,1.2295554,1.2207049,8.065101,4.874805,7.508311,4.605526,0.27665135,1.1946244,8.201117,1.4607116,-3.8408778,-3.3958037,-9.664002,-1.7134709,-11.343861,-1.6988869,0.02901212,2.872393,0.7498294,0.7716165,11.271977,0.5402361,6.7037225,1.038722,17.181177,0.6021296,730.67584,0.49857792,1216.7045,0.34207788,-131.39395,-0.68221325,1659.304,0.23672664,1083.5156,0.49461004,-100.61709,-0.92509085,2789.0122,0.09978593,775.883,0.5222285,-105.37403,-0.839094,-9.662905,-0.6202902,21.252487,0.30985826,0.15488231,0.18029459,-0.006539713,-1.3366308,0.5122174,0.5822083,14.514409,0.7512844,-9.162939,-1.6276512,-18.713821,-0.88037705,-21.977392,-0.9350167,-1.2860612,10.808929,0.0600553,0.009785261,0.013777029,1.9313306,0.6507592,0.81333333,0.59111947,0.525,0.48551518,-28.96935,06
43.197178,0.124052644,42.674313,43.991528,46.35165,3.6773376,139.34885,99.30604,14.850033,9.151296,0.6736267,1.0907469,0.013850886,0.27728736,1.587422,1.5735711,9.452842,4.939281,6.7284727,3.5124054,0.2903791,1.199746,7.693773,1.6120338,-6.7826467,-2.0945506,-9.155159,-1.6688216,-12.270488,-1.3940042,0.022368016,2.287092,0.78393525,0.8184476,11.507886,0.4909099,6.7401485,1.4256697,13.873172,0.86074185,704.6627,0.53771025,1201.2473,0.39074916,-138.46944,-0.62075216,1697.8417,0.25678116,1019.88654,0.41627464,-104.63337,-0.8852527,2812.392,0.12988627,836.36566,0.61519885,-108.46293,-0.8182052,-8.348982,-0.743188,19.217394,0.41651255,0.15031657,0.19373012,-0.006092596,-1.4023637,0.55442095,0.5508533,13.922706,0.8070744,-12.5624485,-1.268479,-15.048646,-1.1967471,-22.612833,-0.78732926,0.15394016,10.293614,0.07080609,0.009768408,0.020705543,1.9313306,1.3015184,0.38333333,0.18811935,0.53749996,0.4875641,-28.420134,06
32.216747,0.034465387,31.585861,32.013023,33.134243,1.5483818,13.238052,7.59358,13.747576,6.39732,0.30206153,1.093283,0.009463299,0.15758364,0.6952278,0.6857645,4.7800326,2.440775,5.3680034,3.4245489,0.06679179,1.2205426,20.686872,0.8522401,0.81202185,18.836983,12.235505,0.8313736,9.320931,1.3049517,0.009119093,1.3243821,0.75712603,0.9408339,9.416343,0.347831,0.7375049,10.928902,15.417101,0.412376,404.33508,0.3980021,1212.0284,0.16780087,-103.565704,-0.9403729,1374.6797,0.13450389,852.61884,0.30208758,-103.34968,-0.9022154,2369.237,0.096924245,737.47675,0.31163126,-105.8414,-0.8569189,-10.515928,-0.63968825,18.558224,0.402682,0.08990839,0.35939953,-0.009851882,-0.81525195,0.12223874,0.61836743,33.900238,0.3446429,-6.417917,-2.5681067,14.025352,0.9473731,5.221279,2.7368252,-10.143864,20.759014,-0.008304459,0.011600015,0.009051779,1.8223236,0.6912443,0.74333334,0.5585895,0.515,0.4823121,-39.08674,01
32.184845,0.03442743,31.540415,32.062904,33.078697,1.5382824,19.990496,13.505613,6.5242786,9.505191,0.3203837,1.0950613,0.008644415,0.16085818,0.70711315,0.69846874,4.247535,2.4024415,4.600202,1.9986129,0.07331329,1.1808337,21.326582,0.8067271,0.35749757,39.36244,12.877113,0.83509016,7.578388,1.9106808,0.009198235,1.2020262,0.8218409,0.88456506,9.496223,0.28562757,-0.35205466,-20.637688,15.061298,0.38145116,412.45493,0.36336467,1166.9305,0.15468812,-100.77979,-0.96836805,1381.6638,0.14385869,803.3967,0.31242818,-101.733864,-0.9194804,2391.0664,0.104152635,684.2164,0.30128676,-104.950455,-0.8608978,-10.409332,-0.61820096,18.950592,0.3745416,0.092504695,0.38011858,-0.012605643,-0.7120481,0.13503365,0.58899647,34.288136,0.34245485,-6.548011,-2.326894,14.859336,0.9125692,1.5459707,10.2186575,-9.577875,19.515045,-0.0030145426,0.010906238,0.006554945,1.5837104,0.6864989,0.7566666,0.5910631,0.5075,0.47055152,-38.186085,01
32.31961,0.038108133,31.535988,32.130432,33.64511,2.1091232,46.424664,40.94273,19.278608,11.941986,0.37748292,1.1079712,0.008394102,0.20598842,0.7523465,0.7439524,4.9899373,3.3758118,4.2320175,2.1868496,0.09563684,1.4202859,20.485022,0.9213902,0.56667,28.774332,13.958115,0.79867166,6.3165736,1.9615084,0.0113815,1.5373427,0.6859226,0.892352,9.451503,0.37596202,0.20966709,41.1942,12.965791,0.56017154,416.44067,0.45182747,1161.9227,0.18084882,-98.78507,-0.98332125,1386.6912,0.15568294,816.6924,0.31541878,-98.99298,-0.94846225,2354.484,0.092536196,694.638,0.20205979,-101.32119,-0.9031832,-10.347515,-0.6266498,18.568382,0.39247626,0.095514506,0.3991015,-0.012540423,-0.6713778,0.17460378,0.8289818,34.74072,0.3593348,-8.412122,-1.8555957,16.530237,0.83595383,1.3788464,9.537581,-8.912176,18.106417,0.00024949934,0.009007729,0.005104132,1.5590202,0.45045045,1.1899999,0.68,0.66999996,0.40554488,-35.77996,01
32.650368,0.07003633,31.261042,32.19938,33.895847,2.6348057,56.59874,66.45483,13.083813,13.873599,0.3674496,1.063227,0.008548204,0.26399416,0.7495487,0.7410005,4.7716923,2.5341594,4.45048,2.578397,0.083390534,1.4056069,21.756248,0.85356915,-1.7418545,-8.773259,12.331083,0.8121175,6.1225066,1.7159418,0.011852097,2.396655,0.69888306,1.0107381,9.881581,0.2614159,1.0853822,7.943623,15.15456,0.38573796,396.9107,0.30255732,1161.8859,0.12183646,-101.14429,-0.972517,1358.7272,0.10938723,826.26917,0.22009744,-100.22334,-0.94096506,2347.117,0.07272461,691.98694,0.17411412,-102.84879,-0.89181197,-10.590694,-0.5637854,18.996868,0.36726472,0.1050405,0.3333569,-0.012021221,-0.59114236,0.15124464,0.8305454,36.306282,0.28506574,-10.73405,-1.2455207,16.330774,0.66427827,1.9986954,5.647663,-7.15549,16.556236,0.011890206,0.00897308,0.0084095625,1.5590202,0.45045045,1.17,0.7,0.68333334,0.4008602,-36.48753,01
33.100906,0.0770304,31.541847,32.16752,35.764137,4.22229,43.10896,53.77942,14.053139,11.964525,0.26935452,1.1053287,0.011738885,0.14257006,0.56991506,0.55817616,3.6582818,2.2308626,3.2000906,1.6270527,0.055715647,1.2630684,22.318657,0.7502298,2.9480252,4.5338173,10.67484,1.3184062,8.313599,1.3147283,0.01120061,2.1125183,0.7156604,0.95422125,10.265126,0.23848443,0.3117347,20.339983,16.396963,0.459849,428.43808,0.34948653,1146.6077,0.18079424,-103.25086,-0.93227667,1405.2345,0.15112938,823.49585,0.30072087,-100.5306,-0.90971833,2389.686,0.11621688,719.13293,0.44205788,-103.53935,-0.8545155,-12.653531,-0.62999517,21.846344,0.416121,0.0859875,0.34240517,-0.011658868,-0.64647925,0.099061064,0.7189815,34.082577,0.32672483,-1.5787371,-9.850118,10.755174,1.6540918,5.4800596,2.08053,-10.281699,20.416986,0.0014429883,0.009785598,0.0055413204,1.4925373,0.6465517,0.8266666,0.6558624,0.5225,0.4763599,-39.769188,02
32.793713,0.05632803,31.751854,32.11624,35.214108,3.4622536,8.566448,3.0796556,7.18931,6.530651,0.30044743,1.1451253,0.0094820345,0.1542936,0.63898236,0.6295003,4.865603,2.0359433,4.4530687,2.149353,0.06509884,1.3120553,21.107603,0.827737,2.530936,5.5600257,11.1975155,1.0577326,8.386335,1.4845845,0.008664132,1.5812216,0.701764,0.9361654,10.099544,0.32149845,-2.7541206,-2.3476653,14.636911,0.55742157,443.77155,0.4171291,1149.7036,0.18152957,-101.47097,-0.9456044,1406.8185,0.15032795,815.8775,0.2833844,-99.95465,-0.9138967,2413.0056,0.11564999,699.0224,0.3463265,-103.10347,-0.8574955,-12.56473,-0.6460787,21.443552,0.45552367,0.07843451,0.39199185,-0.012557598,-0.5972815,0.11602413,0.75572896,33.729984,0.36778536,-2.4003985,-6.5260453,10.755252,1.4158086,3.7520397,3.518857,-10.561129,20.50254,-0.012317903,0.010945339,0.0054683997,1.7699115,0.67114097,0.8066666,0.6176478,0.65666664,0.44790873,-38.485992,02
32.818665,0.064644575,31.592728,32.126995,35.75919,4.166462,77.40405,76.38425,14.474282,10.064247,0.37788522,1.0879854,0.009619266,0.22285688,0.7677078,0.7580886,5.722836,3.1384718,4.014138,2.3456526,0.087281406,1.3238606,20.661772,0.904524,-0.21359123,-79.391365,12.413985,0.7514875,6.3981624,1.8485925,0.012866064,1.8998537,0.7663721,1.1127052,9.766512,0.36371797,-0.627496,-12.105925,13.684842,0.4326597,443.3288,0.4313984,1211.4409,0.28249654,-103.570045,-0.9355351,1412.2279,0.15074477,849.0206,0.23619187,-99.78434,-0.93619335,2417.6875,0.08891606,710.8215,0.32772908,-102.570564,-0.8844547,-10.439473,-0.62611276,18.499569,0.39281186,0.092583284,0.37709388,-0.013173682,-0.5608427,0.15942633,0.7376269,34.495564,0.36303332,-8.887574,-1.8149279,13.493747,0.8468424,1.0250311,12.285253,-9.543607,19.612976,-0.009388141,0.010456681,0.005240962,1.5350877,0.443459,1.2049999,0.745,0.68333334,0.40185678,-36.485023,02
32.884064,0.057798047,31.528297,32.267384,35.3727,3.8444023,22.00624,13.483104,14.859024,10.745614,0.35630336,1.1083143,0.009071792,0.24144322,0.71188486,0.7028131,3.593132,2.2689157,4.8256617,3.0377584,0.08279921,1.3813144,17.582638,1.0163182,1.5900499,9.204668,7.902159,1.1753513,6.4515452,1.7031794,0.007135811,1.2646782,0.64054215,0.90041536,10.007837,0.28571025,-0.24939136,-29.485247,12.994983,0.5324553,454.48734,0.49518844,1196.645,0.17070797,-103.168205,-0.93644994,1417.0536,0.18034525,859.66626,0.3065165,-102.4946,-0.91170764,2412.4097,0.10182327,698.94775,0.43166846,-104.752235,-0.8705942,-10.010002,-0.6802098,17.285023,0.48604977,0.09675424,0.33574015,-0.011281171,-0.7673476,0.15382788,0.7791443,31.165562,0.3746542,-4.7652297,-3.0611656,8.607999,1.3683082,2.641674,4.5384855,-5.283614,14.520392,0.015668217,0.011671458,0.006513452,1.5590202,0.45045045,1.155,0.685,0.6933333,0.39338985,-37.334484,02
32.74545,0.055323377,31.562124,32.156597,34.478542,2.916418,9.134582,8.024303,6.857605,3.9962614,0.2751092,1.1174437,0.010407029,0.14226234,0.57956564,0.5691586,4.2212524,3.1529636,2.8848157,1.2688247,0.056358688,1.2239342,23.618977,0.7563083,4.35791,3.3107455,7.5991426,1.8698794,9.404732,1.2717304,0.007858643,1.6000785,0.62077194,1.0929463,10.587127,0.25930825,-1.769432,-4.281756,18.680643,0.5981073,454.5711,0.31422013,1221.1367,0.17432235,-92.90292,-1.014818,1452.9668,0.15494102,908.391,0.30736205,-94.95037,-0.94694275,2486.9111,0.12622708,804.5098,0.48590165,-99.57347,-0.86363214,-14.955169,-0.65992624,25.004787,0.4712488,0.08046802,0.36806706,-0.012224014,-0.68286717,0.093542345,0.7536796,35.47431,0.3430973,2.7660906,6.316983,7.0543065,2.5128472,6.9961643,1.8162994,-8.260017,18.622137,0.012821463,0.011601792,0.006391398,1.5037595,0.56925994,1.01,0.80087453,0.54249996,0.46191856,-39.360474,02
32.53651,0.05461054,31.271143,32.070385,34.534924,3.2637806,9.442019,3.3242912,7.9999146,4.2628365,0.26438105,1.1621718,0.010841754,0.14151615,0.51969415,0.5088524,4.315857,2.504032,4.4801526,2.383317,0.060518038,1.3701394,20.27267,1.009175,3.4103134,3.5565505,8.180769,1.7365068,8.492676,1.3041383,0.008961573,1.4198073,0.7208381,1.0436165,10.004603,0.33545738,-2.149747,-3.1693723,17.355223,0.51652277,466.36328,0.378611,1163.9009,0.20249102,-106.24897,-0.89293694,1434.2517,0.15427645,871.36505,0.40435746,-105.84677,-0.8533273,2444.402,0.10946696,712.3272,0.32273963,-109.29569,-0.7956713,-13.717547,-0.62871236,23.133396,0.44233793,0.08139666,0.35322252,-0.013396151,-0.60915005,0.110635795,0.80551577,35.692574,0.37443522,1.7176675,9.090214,6.5846176,2.8208132,6.900616,1.7903802,-5.4272103,14.0489435,0.015496459,0.010918257,0.0077274004,2.1008403,0.6369427,0.79999995,0.64270264,0.56,0.48207882,-39.340076,02
32.50971,0.05807731,31.002932,32.2042,33.626213,2.6232815,12.597544,6.30873,11.096583,8.433058,0.31453916,0.9934282,0.010693438,0.2232386,0.6004541,0.58976066,2.5737286,1.627601,2.548138,1.6921262,0.057385154,1.2350738,26.151535,0.7787258,1.4345142,9.995741,9.94203,1.1712071,6.267298,2.1076157,0.008159095,1.515472,0.5602469,1.0911095,10.678616,0.27802917,-0.70986444,-9.184583,16.813847,0.4554729,418.91412,0.3225364,1190.4248,0.13875127,-82.210625,-1.1474918,1380.5892,0.1143969,867.7768,0.30581725,-84.19811,-1.0548494,2396.0618,0.07115853,694.10767,0.4305585,-88.60361,-0.9633051,-13.650814,-0.5916616,22.989395,0.43035305,0.08626872,0.3757823,-0.013140274,-0.5743595,0.08876076,0.8175191,38.671314,0.32588544,-2.974158,-5.021754,10.811776,1.2488588,2.7244446,4.8759093,-11.303738,20.730398,0.037129864,0.013421707,0.0065372903,1.2027493,0.51993066,1.2066666,1.1919266,0.52,0.4609772,-38.42933,02
32.60691,0.057055656,31.200691,31.984255,35.485916,4.285225,12.74816,6.5865164,9.549045,5.700294,0.3792451,1.0558985,0.00918573,0.27774167,0.75529414,0.7461084,4.1931434,2.1420949,3.2003968,2.2301092,0.08275085,1.4073094,21.819723,0.8522917,2.396066,6.0759735,9.329314,1.108798,7.511578,1.5874876,0.007425517,1.5234097,0.5934732,1.1379533,10.464917,0.24073625,-1.0392913,-6.423614,14.368909,0.47058135,411.7004,0.34062743,1209.8082,0.16449255,-96.141624,-1.0099639,1370.563,0.13323922,870.4137,0.29617333,-95.36048,-0.96684575,2377.259,0.09053344,697.86646,0.39034683,-98.46078,-0.90762806,-11.516356,-0.60949,20.19063,0.44627574,0.087636724,0.35335517,-0.012993272,-0.59263927,0.14312583,0.87561387,35.014076,0.33609012,-4.397582,-3.2331574,9.189678,1.3891883,2.3497634,5.222575,-9.992917,19.981764,-0.009818865,0.011919159,0.0057697953,1.4227642,0.41067764,1.37,0.83,0.6933333,0.39338985,-36.36767,02
32.61689,0.05593858,31.686363,32.03798,34.87697,3.1906052,16.993202,12.267621,12.833713,3.5983243,0.45552978,1.0948529,0.010052625,0.26455805,0.93580055,0.92574793,5.9088345,3.0607526,6.250481,2.7096045,0.12962855,1.2864654,18.454794,0.80534124,-1.7358087,-8.039708,11.789879,1.037986,4.753132,3.1533663,0.009951422,1.2811059,0.86587256,1.0409228,8.909121,0.35792524,-1.5616118,-4.93679,10.842013,0.45795706,416.2629,0.4539612,1148.0134,0.17191517,-107.07072,-0.90892285,1390.5017,0.1600126,794.05493,0.28306475,-97.91026,-0.96381783,2383.6367,0.1069556,662.80176,0.24078973,-99.58115,-0.929718,-8.651877,-0.6337469,16.24628,0.34814885,0.0995993,0.24508557,-0.012438373,-0.6796472,0.23760767,0.68486065,29.133123,0.3504379,-8.360653,-1.7232631,13.319474,1.1880975,-0.43386152,-40.47161,-7.700635,16.936167,0.007654212,0.0081015425,0.004676911,1.5590202,0.45045045,1.1949999,0.73499995,0.6666666,0.4608205,-34.583096,03
32.698677,0.0559638,31.693838,32.07289,34.6678,2.9739628,8.480665,4.120381,-0.66396207,8.021656,0.38208574,1.1077701,0.011937209,0.22008283,0.8110236,0.7990864,4.7065363,2.0289412,7.2350116,4.2244153,0.102787994,1.3313435,20.527319,0.7915555,0.89095294,16.546091,9.716398,1.2251877,7.4936066,2.2037659,0.009144814,1.271225,0.8559536,0.9179246,9.500869,0.3268581,-1.6297257,-4.4958096,12.817423,0.50675404,422.5072,0.415555,1197.8429,0.19203274,-102.13935,-0.9505546,1378.3092,0.14806879,857.2927,0.26946846,-96.26299,-0.9779862,2400.0398,0.094677895,678.87994,0.34854832,-99.57639,-0.91460514,-9.695505,-0.714632,18.568857,0.4022382,0.08527106,0.32831365,-0.012468351,-0.7717938,0.18384004,0.764514,32.288296,0.32563636,-6.266366,-2.4250672,8.945627,1.720544,0.109298415,163.15555,-13.146408,24.378725,-0.032658406,0.012899655,0.0058476743,1.4613779,0.63291144,0.85999995,0.8518216,0.5225,0.49403316,-36.330544,03
32.71523,0.060074292,31.484192,32.098656,35.59758,4.113388,49.409763,38.11597,8.8451185,3.1559808,0.5073518,1.1292393,0.0112006385,0.37205163,0.9346005,0.9233998,7.0182133,4.288461,6.441635,4.943085,0.15011743,1.3927387,18.462627,1.0091559,-1.9184511,-8.436665,10.884989,0.8233626,3.1000977,4.4854174,0.008691441,1.4563227,0.6696738,0.84296364,9.373906,0.36951914,2.0613568,4.1465406,13.159083,0.48921633,482.1587,0.5637989,1177.2363,0.2129349,-107.67483,-0.9033083,1445.0413,0.2243124,881.68274,0.31186444,-97.76433,-0.9685393,2443.4895,0.12839337,666.87787,0.23700067,-100.22031,-0.9201227,-8.694072,-0.75881666,17.079723,0.3859654,0.10157421,0.30516917,-0.012967216,-0.6951045,0.27334845,0.80436426,31.357748,0.4312828,-10.300765,-1.4704086,11.784797,0.93322456,-4.397997,-3.1737626,-6.4087195,15.836275,0.012160635,0.011860866,0.007937551,1.5250546,0.44052863,1.22,0.74,0.68333334,0.3993606,-32.671764,03
32.73329,0.055259153,31.546799,32.109962,33.80452,2.257721,21.695217,7.079561,10.906836,14.962191,0.51748073,1.0804701,0.009205845,0.33569425,1.063085,1.0538791,9.848421,5.596576,6.221783,4.644771,0.17758125,1.344624,16.483938,1.0344183,-0.8558397,-18.249033,10.453336,0.89461684,3.1618252,4.713548,0.009760054,1.154232,0.80492723,0.83727,8.37293,0.476261,1.0487866,8.718631,11.332363,0.4873886,412.79642,0.5201154,1186.1085,0.19462347,-115.63402,-0.83406335,1383.86,0.18110873,791.57007,0.26747403,-98.83551,-0.96929127,2412.9885,0.10671736,666.1856,0.32744998,-101.25296,-0.9214605,-7.4144835,-0.72693694,15.942081,0.3674002,0.10234071,0.29021603,-0.0134865,-0.66785294,0.33308357,0.72029626,28.930824,0.40634832,-9.922881,-1.4150215,10.201245,1.149632,-4.748869,-3.350267,-7.8721666,17.119852,-0.006441515,0.011444486,0.006148567,1.7937219,0.45351475,1.16,0.68,0.68,0.4181706,-32.997784,03
32.633274,0.055987705,31.630367,32.079967,33.758198,2.1278305,21.041645,11.221404,9.213404,3.5462449,0.5232212,1.0746174,0.01062466,0.30259562,1.0703626,1.0597379,7.905944,3.4772592,8.459676,5.377425,0.1836604,1.2753311,16.809956,0.9105443,-1.5527052,-9.132183,11.350911,1.0411698,1.8377616,8.5729885,0.010855531,1.486646,0.92672485,0.8929669,8.07497,0.45195508,-1.1085542,-6.2676997,12.75591,0.44718948,501.20087,0.5425773,1129.3243,0.22023496,-106.10989,-0.920846,1484.9219,0.20792885,834.2046,0.37435684,-98.279175,-0.9661343,2464.277,0.12485249,723.5104,0.36938578,-100.85297,-0.9163145,-8.101715,-0.60557336,15.886616,0.3695763,0.10246551,0.20606123,-0.016376166,-0.5599166,0.3401837,0.6602906,28.057316,0.36348853,-9.482285,-1.4503844,12.0045805,1.3015263,-7.465041,-2.1250942,-7.703028,17.438639,0.0022746585,0.010501851,0.0063745133,1.5945331,0.46082953,1.155,0.715,0.65999997,0.45519224,-33.22448,03
32.73026,0.06554452,31.645721,32.089283,33.76918,2.1234589,50.929424,46.044373,20.831661,19.243198,0.69595873,1.050848,0.012695941,0.44038704,1.4301033,1.4174074,9.548965,4.2788563,11.0130825,7.26134,0.23837802,1.2417079,15.566094,0.89858115,-3.4281282,-4.273945,12.030472,0.8885077,4.2249928,3.8536787,0.013977571,1.7849463,0.9201022,0.7862386,7.8986278,0.472537,0.11451232,71.48785,10.705147,0.559015,581.0211,0.5692701,1140.4281,0.2495106,-109.08661,-0.8898761,1601.5997,0.23365511,811.1435,0.40030298,-93.02589,-1.0209197,2603.1372,0.14143881,710.4687,0.5432116,-94.663895,-0.9868583,-6.197175,-0.8645567,13.437288,0.49288076,0.10133562,0.2661959,-0.011867811,-0.8001496,0.4229532,0.6688946,25.02837,0.3801305,-10.735425,-1.3277309,12.922296,1.0536271,-2.5679767,-6.8880515,-7.111536,16.137772,0.0032034055,0.010259144,0.0071675335,1.5151515,0.4376368,1.275,0.825,0.65666664,0.45550948,-30.745996,03
32.830975,0.058579847,31.873331,32.31553,34.425636,2.5523052,74.677765,91.6837,26.730677,17.436773,0.72901195,1.0578341,0.009685024,0.53046864,1.3396642,1.3299792,10.723943,5.440941,8.782287,6.025416,0.27332574,1.3470713,15.475019,1.0033903,-3.6348102,-4.247447,10.863405,0.7317232,1.4702222,9.85104,0.010889237,1.59371,0.82177854,0.86714154,8.373922,0.41054592,0.7804771,12.05756,10.435588,0.5620619,690.5928,0.48846608,1090.3228,0.2558309,-110.13866,-0.87592036,1739.8368,0.22058336,792.38525,0.3423927,-97.26785,-0.9830233,2700.0254,0.14218009,673.6967,0.437441,-98.56559,-0.9572385,-5.873884,-0.89599603,12.186322,0.476002,0.10843076,0.27751964,-0.017131925,-0.6517206,0.49882922,0.75933444,25.923916,0.44034246,-12.887969,-1.0501829,12.30198,0.75318563,-5.951027,-2.5894182,-6.2498055,15.058312,0.02099755,0.009868919,0.018871112,1.4925373,0.6465517,0.82,0.27724838,0.5275,0.43876955,-29.391884,03
32.726276,0.08057714,31.391916,32.178524,35.117744,3.7258282,230.78246,315.02435,39.53056,50.11483,0.7194597,1.0661423,0.012672059,0.5003188,1.355595,1.3429229,9.634153,5.726532,10.499093,6.4063272,0.26746076,1.3111594,17.15312,0.91089803,-2.0378287,-8.199394,12.889993,0.7038596,2.6220217,5.563708,0.019553127,2.4511504,0.94084424,0.9829574,8.289066,0.37995934,0.6500196,12.466135,11.667172,0.6001824,695.7714,0.5245758,1187.2548,0.23799655,-105.77871,-0.9152161,1728.075,0.23861977,922.46985,0.32479653,-93.59634,-1.0116948,2686.7312,0.14894496,838.2244,0.49679503,-94.97308,-0.98437405,-7.555253,-0.8284027,14.321403,0.5122952,0.10404824,0.3214774,-0.014061314,-0.6844463,0.46861476,0.7601205,27.92934,0.34172705,-12.506153,-1.0986685,14.315196,0.765599,-4.421859,-3.4621334,-9.076599,18.025959,0.0046750284,0.008555602,0.017369805,1.483051,0.4282655,1.3,0.78,0.67333335,0.39203173,-29.446808,03
32.3148,0.043082714,31.394503,32.010853,32.736317,1.341814,15.146832,7.437194,9.272505,3.4485211,0.36738735,1.0823066,0.008347205,0.2048842,0.7577201,0.7493729,3.4059143,2.0269253,4.1696725,2.9609358,0.07576012,1.2943325,22.218485,0.79068416,1.9677297,7.5564685,12.6001,0.8716316,8.212841,1.6310973,0.007977549,1.3793705,0.65766215,1.1662022,10.055997,0.26922673,-1.4736133,-4.667684,13.951334,0.5426161,391.47382,0.29821786,1223.429,0.14693786,-93.20087,-1.0391793,1356.6118,0.1194051,864.67883,0.27219707,-92.931305,-0.9904171,2352.927,0.07774347,692.8054,0.33054578,-95.657135,-0.9364972,-11.444418,-0.638319,18.879766,0.44783685,0.090431064,0.27111974,-0.011184927,-0.7451745,0.12846395,0.7825823,34.349785,0.30338404,-4.9459305,-3.1765723,13.112295,1.0161575,3.5745137,4.0190353,-11.172323,21.072453,-0.0074323397,0.012338493,0.0056621036,1.2195122,0.61601645,0.9266666,0.78150856,0.66999996,0.44324556,-36.69636,04
32.265453,0.04322321,31.200462,31.950966,32.675755,1.4752922,6.9978075,3.691113,13.499122,9.63371,0.34830627,1.0505912,0.013104146,0.21646594,0.7419293,0.72882515,4.0652504,1.9448528,5.1205,2.828976,0.07428145,1.3473133,22.812637,0.82702655,1.6175886,8.13582,11.1553545,1.0854659,6.6687756,2.2163088,0.006951282,1.3034981,0.624982,1.0336086,10.116246,0.30665365,-1.178635,-5.307265,16.44345,0.43582752,435.89572,0.41834268,1187.1943,0.2085348,-96.47283,-0.99911153,1379.504,0.16513926,859.62335,0.31329337,-95.9958,-0.9602693,2393.9714,0.10732865,690.1383,0.34877723,-100.01261,-0.8841789,-12.391046,-0.6010082,22.07296,0.38853425,0.08538871,0.3484689,-0.011741761,-0.7965325,0.12746371,0.8360496,36.444527,0.32057837,-3.4029472,-4.158714,11.632866,1.3267186,1.9297838,8.353374,-7.7833104,17.529247,0.005147106,0.012018382,0.0074894605,1.4028057,0.60728747,0.9166666,0.7848708,0.53,0.4979458,-36.784378,04
32.09076,0.055940356,31.117722,31.905916,32.86206,1.744339,28.494553,32.081615,14.626006,9.219491,0.4622896,1.1097573,0.008965866,0.26674658,0.9508851,0.94191927,5.3391647,2.9054327,5.307236,3.5987728,0.12418313,1.3984088,20.732376,0.9845051,1.0760119,13.581803,12.444194,0.9187573,5.366942,2.5116596,0.010258105,1.5213907,0.679518,0.9277215,9.641217,0.33073384,0.6390899,10.878258,14.739301,0.43593246,461.64102,0.5122512,1176.4906,0.18962575,-95.41346,-1.0058717,1399.5245,0.1923833,843.27954,0.28360432,-95.74758,-0.9619964,2380.1675,0.10806082,649.6851,0.27193373,-98.341515,-0.9114499,-11.586453,-0.58940214,19.583477,0.3958961,0.092186406,0.3539755,-0.011873697,-0.75693965,0.21428955,0.8705758,35.31694,0.3219763,-5.3726497,-2.6834342,13.636079,0.9627716,0.8329189,17.608774,-5.8383636,14.6779375,0.016255373,0.0137443,0.010213892,1.4403293,0.41580042,1.35,0.82,0.6866666,0.3887015,-33.296543,04
32.326218,0.049600363,31.100786,31.962288,34.51091,3.4101238,32.54891,43.225254,12.284346,7.3087387,0.40515435,1.066418,0.0095348,0.28036618,0.737218,0.72768325,4.829002,3.078463,3.930267,2.862419,0.09381914,1.362099,22.271261,0.9162471,-0.81585354,-17.79827,13.626811,0.8875857,5.233405,2.600483,0.0091904225,1.8033495,0.65402144,1.1586007,10.197884,0.2675172,0.96120596,6.7075415,15.98878,0.40894637,422.7725,0.37846634,1190.4473,0.19223516,-92.93664,-1.0384834,1371.3031,0.12919666,836.5856,0.28301322,-93.75462,-0.97761077,2369.7603,0.08157624,688.34686,0.27109692,-97.233574,-0.9111149,-11.7495165,-0.6447593,21.12195,0.41766736,0.09381692,0.38709667,-0.010466792,-0.710397,0.15621455,0.87991273,36.80284,0.31314176,-7.717657,-1.7566191,16.686394,0.83901525,-0.25003067,-56.55519,-6.2716312,15.351941,0.016477402,0.01133678,0.011753169,1.3752457,0.5952381,0.95666665,1.0078471,0.525,0.44286,-35.4345,04
32.275043,0.046056464,31.218336,32.027977,33.475845,2.2575092,18.18945,17.602936,13.580194,5.802896,0.40873206,1.109358,0.011840614,0.234497,0.76468587,0.7528452,4.702444,2.4601207,4.9124045,3.298251,0.08727221,1.3244078,24.198727,0.85487366,0.31119573,44.59443,8.256313,1.6186424,5.7039995,2.248622,0.008358278,1.4006635,0.6041571,1.135452,10.285177,0.2766891,-0.48656818,-12.646183,17.813114,0.5800188,432.94324,0.4286764,1259.6453,0.20618156,-86.87745,-1.0765982,1370.9996,0.1548175,898.936,0.3351328,-86.21604,-1.0344427,2372.2812,0.121113315,738.9461,0.4530326,-91.12247,-0.9367303,-12.870584,-0.670807,23.08637,0.46185008,0.084250286,0.30693763,-0.008739664,-1.0124127,0.13733162,0.89080715,37.383236,0.31887645,-1.5509547,-10.5028715,10.318787,1.509203,5.496369,2.6045513,-1.6944458,10.557297,0.08713289,0.016804429,0.01095157,1.4059753,0.7092199,0.865,0.98505074,0.69,0.4521799,-34.61951,04
32.420853,0.047773022,31.29522,31.990015,34.13465,2.8394318,45.205734,96.30994,16.739729,4.581031,0.34643853,1.0752412,0.008932264,0.22627228,0.70083636,0.69190407,5.7876577,3.406544,4.862201,2.7452295,0.08655488,1.2725306,23.12988,0.8623025,0.7215833,15.802721,10.469896,1.0948939,7.9811997,1.691676,0.010445519,1.4499987,0.69285077,1.0937607,9.797937,0.31592405,-0.46685573,-12.676341,15.884001,0.4166079,424.0197,0.41522095,1173.4819,0.18134674,-98.339195,-0.97328347,1360.8148,0.15500328,827.1701,0.26202506,-96.870155,-0.9340976,2355.7654,0.097582,656.8238,0.30641356,-100.63881,-0.8646724,-12.319145,-0.5951108,21.135807,0.4326442,0.081517644,0.34181955,-0.010876412,-0.7889226,0.14720897,0.7672885,36.78016,0.3663198,-2.0434883,-6.1064186,10.990584,1.2928225,4.9065166,2.9927628,-4.969619,13.430886,0.034291882,0.010926347,0.009632309,1.9379846,0.7827789,0.7125,0.48950866,0.53999996,0.48337355,-36.538162,04
32.42153,0.047638796,31.190117,31.982471,34.491623,3.301506,40.42826,57.734528,13.244394,10.956022,0.2993466,1.1524276,0.00896924,0.15825164,0.5462563,0.53728706,3.2873793,1.4971865,3.6988807,3.2367976,0.07228847,1.4242331,23.276484,0.8534377,3.8104157,3.2711713,12.011918,0.9592281,9.542587,1.4220967,0.009054624,1.0398285,0.6789047,0.9255492,10.283055,0.2383117,2.1160684,2.203771,18.861208,0.406454,427.3382,0.396927,1230.8494,0.28926417,-97.595184,-0.9745213,1375.5824,0.1530334,862.3069,0.2694367,-98.61356,-0.90222365,2382.2961,0.10516834,675.547,0.28196648,-102.22549,-0.837952,-14.688563,-0.55444014,24.111546,0.40216738,0.076044574,0.4986141,-0.01101896,-0.7421473,0.12313308,0.91335696,37.068424,0.32513744,2.1677287,6.2652674,13.446666,1.0487487,5.6438627,2.4311473,-4.304134,13.085636,0.04174265,0.012339768,0.0073897303,1.3944223,0.6036218,0.93,0.8857012,0.5275,0.42026034,-37.549572,04
32.50437,0.05036722,31.279388,32.050316,34.702515,3.4231262,22.349197,26.702236,12.157972,5.51809,0.34862575,1.0973017,0.0068702823,0.2240476,0.696607,0.6897367,4.9104004,3.1080277,2.8615315,2.018235,0.08351818,1.3064649,23.662989,0.9178746,2.7343419,5.097258,13.834204,0.72569996,7.0489016,1.946497,0.0075986837,1.0510032,0.5415431,1.1161747,10.59605,0.21965453,3.7500238,1.9311929,19.205206,0.38685274,442.90204,0.48657233,1232.9078,0.25480524,-91.35901,-1.047782,1381.8348,0.16419755,913.7737,0.26091033,-93.92985,-0.95056826,2375.5803,0.10864633,732.5216,0.3234313,-97.48596,-0.884684,-14.860457,-0.5909181,23.738407,0.42260608,0.08661911,0.38556358,-0.00991683,-0.7078251,0.13629079,0.8404776,39.063477,0.30026308,-2.138434,-6.9113383,16.5717,0.63979346,4.508217,3.1460264,-4.016735,11.664853,0.037890874,0.012141339,0.010650621,1.1494254,0.3875969,1.51,1.02,0.6966666,0.38317385,-36.243004,04
32.164227,0.14413822,31.262299,32.09537,34.880184,3.6178856,167.16585,192.54932,66.27821,76.26265,0.73289996,1.1617143,0.010504954,0.2863541,1.5771879,1.5666829,12.739147,8.503882,9.778914,5.02785,0.37429076,1.5540444,15.997728,1.0485516,-1.4461107,-9.1899,12.544001,1.0430547,2.8363745,6.2880435,0.03548501,2.71501,1.0481092,0.81711316,6.717075,0.60432136,-0.23733696,-49.924282,13.137337,0.8416897,635.6015,0.5141427,1101.0992,0.27739647,-111.50638,-0.8512465,1649.379,0.22646019,837.2955,0.41458115,-101.47413,-0.912551,2669.6309,0.15131876,643.30206,0.2733441,-103.89461,-0.86762923,-7.869676,-0.9979916,16.249166,0.5257998,0.0867807,0.36179063,-0.012145919,-1.0040158,0.6895206,0.9513681,27.096523,0.49827933,-6.974112,-2.0970993,13.20545,1.2654337,-3.5506165,-5.998947,-6.6695995,16.239353,0.00755785,0.010640036,0.029733507,1.6806724,1.2738854,0.405,0.3320517,0.35666668,0.43145746,-27.727444,05
32.64336,0.107958265,31.273222,32.125736,34.931274,3.6580524,79.3057,42.797207,56.819313,78.85182,0.5414502,1.1983743,0.007998482,0.17002821,1.1442626,1.1362641,11.441137,7.401273,8.468553,4.522979,0.2510192,1.4994363,16.761776,1.0721965,0.38201696,36.375343,12.415933,1.0377921,2.7307155,5.848398,0.016957449,1.8569791,0.97252417,0.7787211,7.4229927,0.5085592,4.846415,2.7052107,14.768646,0.5050667,465.35983,0.5054905,1140.321,0.24691933,-116.16617,-0.8142162,1433.926,0.18916313,825.89813,0.3873143,-107.854034,-0.85335684,2436.2004,0.12420568,691.42706,0.29807022,-110.20487,-0.80982745,-8.267231,-0.93256485,17.806696,0.4605652,0.09954423,0.3064762,-0.01183677,-0.79979914,0.48124218,0.86484516,28.873873,0.49475262,-6.2817125,-2.406295,14.180764,1.1912959,-4.9623375,-3.489605,-7.216108,16.629875,0.017019222,0.008981207,0.031513076,1.7817373,1.5765766,0.3042857,0.2191449,0.26999998,0.40180838,-31.176348,05
33.068695,0.06316504,31.60728,32.4954,35.17359,3.566311,67.75754,85.81873,33.902184,16.021822,0.65304196,1.1936549,0.01117735,0.28995377,1.2877374,1.2765601,11.284216,5.647384,6.9244566,4.229162,0.3345256,1.8593618,15.93156,1.0927099,-0.016827146,-819.04456,9.312345,1.2602317,2.7249095,5.5229816,0.01241379,1.0691174,0.78941095,0.7222149,7.838545,0.43679768,4.6172175,1.6984303,15.681952,0.34534532,487.19806,0.58622235,1211.5441,0.30378947,-118.9842,-0.7960453,1462.139,0.23236898,817.02814,0.31734762,-104.84325,-0.8877226,2501.9165,0.12616898,641.5025,0.3802094,-107.52973,-0.8395023,-8.331915,-0.8746518,16.780394,0.4513984,0.0999763,0.38030878,-0.011455947,-0.8445916,0.6379901,1.1858006,27.171926,0.4972415,-5.1753554,-2.6453593,12.002906,1.1324412,-3.9996712,-4.0936484,-5.101229,15.164122,0.027610248,0.013215826,0.024419822,1.5151515,0.65645516,0.7733334,0.26562294,0.545,0.4368352,-28.735918,05
33.14857,0.12828496,31.379854,32.230587,34.992813,3.612959,601.5136,787.2812,32.182312,28.399504,0.4998209,1.1676897,0.010472292,0.18718569,0.9600396,0.9495673,11.5857935,8.559488,5.7740135,3.5390353,0.22388741,1.7553613,16.492218,1.1208365,0.8443666,14.30507,10.622165,1.0505322,3.6707482,4.001493,0.023532864,1.9716485,0.9299124,0.80844563,7.585062,0.5839496,5.347438,1.4191849,16.139576,0.48592,478.60715,0.5334537,1143.8917,0.23285489,-111.46332,-0.85452634,1438.5793,0.2064176,777.1397,0.29464802,-104.39507,-0.87762153,2491.142,0.13285199,634.5193,0.2910145,-106.96219,-0.83143353,-9.23551,-0.9552938,17.573038,0.54398036,0.09338756,0.37567934,-0.010682925,-1.0259336,0.41931894,1.1162796,27.85892,0.5866014,-1.4014076,-9.269663,13.601995,0.9772646,-1.5773621,-10.82198,-4.3815584,13.935037,0.049971856,0.014452685,0.02062019,1.4925373,1.0775863,0.472,0.25833312,0.432,0.4567012,-32.182297,05
33.206654,0.11888889,31.529888,32.37254,35.18193,3.6520424,309.36053,273.34683,54.852867,66.633064,1.1292156,1.1597314,0.0073175747,0.36353254,2.4873703,2.4800527,25.524923,22.17272,18.610214,9.655378,0.75190157,1.6503994,14.909345,1.0708373,-7.28163,-1.8562398,9.246363,1.4604048,0.71567875,23.368246,0.021199109,1.3302289,1.1959221,0.8834082,5.6495266,0.75401354,-0.31975645,-27.371866,9.396845,0.7506785,810.24756,0.36246225,1026.5417,0.26708984,-108.49416,-0.8845792,1870.7064,0.17314893,750.8244,0.35877225,-101.47439,-0.92552304,2843.4077,0.11382696,677.3881,0.30403107,-102.32606,-0.9022369,-4.6272063,-1.4925658,12.458631,0.5870538,0.0815734,0.42662582,-0.012445439,-1.0953923,1.4177064,1.009092,25.322512,0.46786904,-14.547506,-0.9483822,11.959645,1.3268226,-4.81695,-4.1587586,-2.0262644,10.470112,0.05644598,0.0139979655,0.046289537,1.9189765,1.5086207,0.33571428,0.27989063,0.3042857,0.41822264,-22.859442,05
32.51845,0.093478434,31.597076,32.22475,34.261528,2.6644516,163.80554,83.02519,41.685364,53.54689,1.1637304,1.1489097,0.012230902,0.51684856,2.3774662,2.3652353,23.460808,15.518773,16.117243,8.963167,0.6953403,1.6176935,16.150602,0.98573947,-6.7024283,-2.1532004,12.402658,1.0017996,1.6148691,10.08515,0.019756777,2.4063938,0.9883032,0.966448,6.8906054,0.56313086,1.4678673,6.4843636,10.454076,0.67023003,836.23236,0.3840217,1021.96985,0.25229502,-105.89037,-0.90654707,1889.0039,0.18153994,781.7136,0.40776408,-100.655205,-0.9324162,2845.063,0.11885002,705.855,0.44580716,-101.69967,-0.91275156,-4.6536946,-1.4811958,12.147004,0.58176345,0.0838039,0.4192949,-0.010875383,-1.1879233,1.3016152,0.9857775,26.4274,0.4587365,-14.842493,-0.9411316,14.416026,1.0669699,-3.991071,-4.827185,-3.9507627,13.450275,0.026407514,0.0114747705,0.040369198,1.5151515,1.094092,0.472,0.31352192,0.41799998,0.47300738,-22.75061,05
32.627544,0.107008934,31.578949,32.30055,35.24228,3.66333,171.09164,98.849304,30.522823,16.427195,1.029477,1.1946021,0.015917039,0.56916726,1.9645838,1.9486667,17.06276,15.208803,14.357072,8.5024185,0.6210128,1.861877,14.313546,1.1781158,-4.83034,-2.7732759,8.796855,1.2232239,-0.28789958,-57.66319,0.03160519,3.4667614,0.8658282,0.8280784,7.199751,0.6315649,0.56171006,29.841461,11.440396,1.3460118,708.238,0.49256185,1081.6096,0.25396213,-118.01558,-0.81267595,1770.2404,0.22246574,724.1294,0.35877964,-103.623566,-0.8999377,2774.8403,0.1493687,609.64294,0.2927934,-104.67669,-0.8807055,-6.7664495,-1.099832,15.508368,0.52530915,0.09091971,0.3733175,-0.012153337,-1.0049404,1.1849384,1.1811672,25.708744,0.5094892,-9.963049,-1.4304544,12.20953,1.0139455,-6.430261,-3.2021346,-0.56534743,10.187111,0.048061587,0.015473189,0.035407986,1.7167382,0.86767894,0.585,0.39978117,0.436,0.4517787,-23.6562,05
32.659115,0.09041525,31.396845,32.152267,35.01111,3.6142635,205.36261,248.74036,28.561728,15.082577,0.92620784,1.1279733,0.012645703,0.39100355,2.1349254,2.1222796,16.063906,13.551544,9.238199,4.855103,0.5195941,1.6114949,17.006887,0.90522736,-2.1354313,-6.7437496,10.8837,1.0480022,3.2694635,4.971531,0.017084474,1.9758012,1.0214208,1.0232505,7.358843,0.47733614,2.115984,4.154795,14.28065,0.49568653,603.2191,0.50645506,1119.3235,0.21982387,-115.59078,-0.8231806,1628.5878,0.22397526,784.2893,0.3783748,-105.168526,-0.88872594,2629.2273,0.13641903,685.2502,0.31986716,-107.19405,-0.85299784,-7.7839684,-0.95489746,15.534781,0.4895304,0.087033674,0.50635576,-0.013380106,-0.88535315,1.0107213,0.9453503,28.02979,0.3930906,-9.194787,-1.6095386,13.618549,1.0031924,-2.537636,-7.923408,-6.624972,16.868734,0.01901966,0.010214612,0.029770536,1.7316017,0.8752736,0.57,0.39993748,0.44,0.44326064,-24.990366,05
32.35742,0.12980199,30.802002,32.23292,34.572124,3.7701225,29.670317,17.76506,91.61807,112.73114,0.34507114,1.0555131,0.018360713,0.17670938,0.766861,0.7485003,7.0949574,4.8468833,4.8122077,2.7178357,0.12786095,1.1535505,16.341427,1.1233498,3.5695553,3.2580228,8.754869,1.3171706,6.268089,1.9722387,0.03223804,2.018851,0.97362924,0.78104585,7.840221,0.4792621,4.4676075,1.5872537,19.208344,0.41779998,482.71753,0.5314155,1157.3516,0.2725243,-111.11724,-0.8477166,1451.3374,0.21755654,803.33185,0.33710602,-108.92966,-0.8167197,2470.9124,0.14140841,719.81757,0.49544886,-112.487595,-0.75730294,-12.866626,-0.6505365,23.883972,0.39924064,0.06971295,0.5411917,-0.0086592045,-1.3977513,0.2283496,0.5627462,28.861439,0.55360967,7.4589663,1.6518499,9.968562,1.4632322,6.9224696,2.1162271,-1.7905066,10.726513,0.041038033,0.0120357815,0.028250625,2.4336283,1.3422819,0.3683333,0.24653713,0.3042857,0.41534346,-36.003284,06
32.57029,0.05741326,31.660202,32.319626,34.26681,2.6066093,102.00859,114.77664,24.748348,15.285698,0.35595968,1.0893868,0.012296163,0.21457607,0.71370417,0.701408,6.315456,4.700474,5.34446,2.624928,0.12370631,1.3548087,16.980736,1.1190155,2.4917207,4.7989225,10.462694,1.1671566,4.1625824,3.0942848,0.011355202,0.94117826,0.83143294,0.94340974,8.754477,0.3738677,6.754968,1.0913262,20.94185,0.3632852,502.54352,0.45624587,1183.036,0.22943991,-113.31611,-0.83423984,1501.6718,0.18651505,845.5131,0.35085008,-110.85318,-0.8034542,2481.0117,0.13538694,818.07904,0.5184266,-113.83318,-0.75459796,-12.47488,-0.6911503,22.604433,0.3989878,0.07393158,0.46833202,-0.00996248,-1.2088815,0.23208666,0.7727449,31.237835,0.47684819,2.8747654,4.251845,14.22906,1.0005633,2.6274776,5.7333975,-1.5511137,9.8946705,0.049687713,0.013065465,0.019444283,1.948052,1.3129103,0.3683333,0.34328884,0.31857142,0.4339331,-35.98123,06
32.858025,0.12569772,31.21263,31.824095,34.827026,3.614397,172.89484,13.821732,18.516119,8.043065,0.5325288,1.1169266,0.011181278,0.32909542,1.1051152,1.0939339,4.005343,2.4575276,6.7530212,3.5227714,0.20659216,1.4383327,17.898287,1.1312363,0.11192376,100.19281,11.319625,1.0320625,5.0301905,2.3109272,0.012449162,1.3785205,0.72095937,0.6588942,8.27044,0.5011226,2.2020524,3.1736522,16.832,0.32207426,434.60193,0.45881897,1165.1857,0.19871686,-107.414375,-0.8864825,1381.8615,0.16996993,808.37805,0.2690479,-103.427666,-0.8828714,2393.539,0.11219991,723.6866,0.31483418,-106.177734,-0.8260957,-10.104283,-0.765735,19.417963,0.46888143,0.088751085,0.34408227,-0.013805421,-0.6281465,0.37085465,0.8727433,31.09793,0.54840314,-2.282134,-5.195073,13.968358,0.94298625,0.83155257,16.201344,-2.9147997,12.138909,0.036381584,0.012225155,0.026679661,1.0822511,1.094092,0.474,0.41446835,0.3483333,0.44035655,-31.141922,06
32.522263,0.049028706,31.446518,32.16031,34.092587,2.6460686,66.20541,136.69026,23.006807,10.821914,0.51315373,1.0949528,0.014259032,0.2611232,1.0076407,0.9933817,5.245899,2.5718975,6.728147,4.992656,0.19273639,1.3385534,17.70518,1.1237789,-1.0915312,-11.3682575,11.787961,0.97595024,3.792118,3.671256,0.014731188,1.3533896,0.7322118,0.8251922,8.599868,0.38503975,4.5717044,1.4031975,17.459003,0.3167752,439.87155,0.48787916,1152.4132,0.2163154,-109.096664,-0.88395077,1390.1356,0.17622359,814.81726,0.3136528,-102.86537,-0.89027214,2391.4102,0.10223678,666.1317,0.24182972,-105.770134,-0.8373188,-10.401794,-0.7004157,20.101078,0.38723963,0.09751458,0.35773057,-0.011006232,-0.86632675,0.3468081,0.77623725,31.742657,0.44034213,-4.1685743,-3.117518,15.367531,0.84139824,-0.49330172,-34.581135,-1.6174743,10.758809,0.03579942,0.012915904,0.023226544,1.9313306,0.6507592,0.8066666,0.2853458,0.7033333,0.37853518,-31.953684,06
32.184772,0.07027194,31.389017,32.065342,33.00464,1.6156216,174.02536,204.61864,37.63291,27.917707,0.52322227,1.052788,0.008237,0.30032054,1.1389647,1.1307276,6.3840423,3.091249,8.219405,5.2138557,0.23341703,1.1974851,16.347086,1.1004895,1.522912,6.7073298,7.776594,1.3487034,4.75091,3.1840336,0.027381886,2.3639154,1.0720918,0.96836275,7.7527575,0.49817798,-0.26773694,-40.96571,17.32622,0.51116127,498.56555,0.4675538,1133.885,0.2643196,-105.51476,-0.90475,1479.0057,0.23301664,835.99603,0.28262106,-106.18128,-0.8605686,2472.3835,0.14209063,740.02936,0.34715843,-109.586044,-0.8024406,-12.645111,-0.51738137,21.162077,0.35077667,0.090221696,0.28726998,-0.0180109,-0.7502378,0.4349769,0.5882193,29.801462,0.44784778,2.8099148,3.7687616,8.761344,1.5279877,1.260937,14.792174,-1.5116236,11.528928,0.047195937,0.01159383,0.027639352,1.754386,0.886918,0.5675,0.66563404,0.42999998,0.4683161,-30.9995,06
32.22593,0.10115283,31.283318,32.029896,34.44619,3.1628723,193.43253,216.78696,37.121166,43.89574,0.48704308,1.0430572,0.010599131,0.3475994,0.9153858,0.90478665,7.466127,6.5277367,8.047846,4.4213276,0.21629664,1.347845,17.320414,1.1023616,0.32131878,33.555874,11.034075,1.042182,3.7315726,3.9160585,0.025381587,2.671177,0.84480286,0.8957728,7.6337028,0.4916673,2.9111662,2.4314842,17.607058,0.35339838,461.85834,0.47221002,1152.7368,0.25719896,-105.185326,-0.91044295,1428.9531,0.205237,855.49066,0.31413734,-106.01413,-0.85050374,2409.0188,0.12279258,756.3086,0.33969048,-107.94919,-0.81630343,-12.33645,-0.5702885,19.5719,0.40709746,0.09999774,0.2646185,-0.018144999,-0.6907627,0.3921628,0.76736385,30.924402,0.49047196,0.63554084,19.684982,12.994827,1.0678742,2.0843842,8.936192,-0.69380116,7.715676,0.07725138,0.011617345,0.032615196,1.86722,1.048218,0.48799998,0.35543776,0.37,0.46299747,-32.287155,06
32.26157,0.05209243,31.188051,31.962845,33.523705,2.3356533,53.426697,75.32554,31.29858,19.914028,0.61896557,1.0556128,0.017189823,0.45093814,1.1131121,1.0959222,6.5534973,3.8651075,9.882657,7.6324363,0.27614465,1.3482708,16.229605,1.2014289,-1.3774158,-9.816737,11.660451,0.9049241,2.9324436,5.108588,0.016868949,1.322171,0.9326378,0.7789384,7.614612,0.4727642,1.8855958,4.369061,14.643313,0.38943574,499.46567,0.5967612,1182.1084,0.27133417,-115.50866,-0.82263243,1477.5118,0.23332502,844.0292,0.3524871,-101.779686,-0.91312325,2492.6667,0.14487873,724.8756,0.32524872,-103.95261,-0.8737142,-10.050302,-0.5463372,18.35427,0.3402387,0.09873614,0.35303655,-0.016890638,-0.7373647,0.5029327,0.77281517,29.750925,0.48683435,-5.19042,-2.601634,14.914536,0.76509106,-2.0042417,-8.908825,-1.6764576,10.823798,0.039142303,0.011859964,0.02759426,1.948052,0.4376368,1.2049999,0.78499997,0.7033333,0.387843,-29.919744,06
32.670418,0.052389145,31.60671,32.328648,33.6516,2.0448895,31.011768,15.373076,24.798033,16.527554,0.60697764,1.1182413,0.009610174,0.3175876,1.1028216,1.0932114,9.349038,5.7103496,9.631198,7.803384,0.2851598,1.5002844,16.49419,1.1948441,-2.4504004,-5.571516,12.807527,0.8293274,4.2380605,2.9700384,0.01563968,1.0096407,0.9120359,0.75961965,8.176816,0.35892716,3.9813492,1.993036,16.117702,0.3364649,507.79633,0.56328845,1189.1537,0.21210177,-105.24206,-0.91575265,1512.2451,0.22780757,856.0676,0.3241044,-99.07774,-0.92590225,2491.0388,0.14478666,780.86536,0.42240104,-100.89453,-0.89222723,-10.918436,-0.5643764,19.051264,0.35335645,0.09833184,0.3830044,-0.013955288,-0.78116477,0.5060361,0.9374538,30.984703,0.42093638,-7.1520786,-1.9792402,16.520735,0.7197166,1.0086243,15.361169,-0.7439194,9.058176,0.04828532,0.011810761,0.022936566,1.7057569,0.4310345,1.27,0.77,0.68333334,0.38525602,-29.675112,06
44.427643,0.022911144,43.735863,44.176228,45.8332,2.0973358,13.7593155,14.356091,11.973098,10.94787,0.26182252,1.1059626,0.007874076,0.14727245,0.5535987,0.54572463,3.1941974,2.9636023,2.7749596,1.1462102,0.055282574,1.1953914,8.960218,1.540234,-8.47219,-1.6115066,-13.4385605,-1.2371907,-21.437536,-0.863118,0.0096407,1.2638656,0.70463467,1.2197828,13.986639,0.32730278,8.2152,0.9257112,21.308884,0.43233666,745.64703,0.3494089,1277.7933,0.282652,-128.02635,-0.71155626,1735.2512,0.2018286,853.9428,0.6012296,-111.56919,-0.8228748,2855.2485,0.09582639,735.19867,0.5395928,-116.60054,-0.73902714,-8.487473,-1.0589378,22.823254,0.37534565,0.17818245,0.16849414,-0.004702253,-2.332836,0.109069586,0.54135317,17.741627,0.6336801,-16.734962,-0.844327,-23.871674,-0.73819685,-36.40346,-0.40556237,-1.4296165,8.400389,0.11484838,0.00613228,0.008200082,1.4705883,1.4861996,0.30857143,0.21879074,0.34142855,0.4192997,-39.800434,01
44.470146,0.02424577,43.729904,44.099274,45.78903,2.059124,17.208357,12.94722,5.608252,2.374953,0.24110338,1.0809327,0.0065570613,0.1346555,0.53677964,0.5302226,2.710875,2.5557578,3.1367912,1.764772,0.05282912,1.2370186,10.506843,1.257994,-4.9494596,-2.4068573,-12.68266,-1.4521824,-21.426502,-0.94367546,0.009492106,1.3749912,0.6419989,0.91646254,14.554965,0.21877836,11.498595,0.7273171,23.713694,0.46891615,701.61304,0.3626116,1224.4996,0.219976,-132.41203,-0.680593,1671.8075,0.2009838,743.52167,0.4023395,-111.618614,-0.822212,2857.1082,0.10323213,685.0118,0.55219316,-117.844696,-0.72030103,-10.20312,-0.74965924,25.04522,0.34225282,0.17852783,0.16773891,-0.007620692,-1.6201471,0.102486104,0.6053007,20.11402,0.53072035,-11.859824,-1.0614233,-22.719536,-0.94845164,-38.421196,-0.3895879,-3.0708828,9.926747,0.1331769,0.01113486,0.01179904,1.6949153,1.2847966,0.3633333,0.33339998,0.39166668,0.43590578,-40.18586,01
44.36904,0.023067076,43.730904,44.096176,45.841385,2.1104813,14.919244,13.750097,9.410835,4.9025335,0.2987463,1.0406547,0.008277546,0.2088679,0.6216644,0.61338687,2.933711,1.6707053,3.8411674,2.2610347,0.06437198,1.1720804,8.589229,1.698969,-5.780541,-2.6950872,-12.635725,-1.2305545,-21.73483,-0.8854577,0.008764793,1.9706604,0.5831987,1.1889446,14.2093725,0.34412107,8.935909,0.5803907,21.886007,0.3842048,737.2952,0.39342624,1229.0166,0.35479933,-127.20872,-0.71955925,1702.946,0.193682,826.7199,0.36236995,-107.410614,-0.8512361,2804.0781,0.10267238,765.96124,0.45358688,-112.54236,-0.7640319,-10.509305,-0.71948063,23.983368,0.31162822,0.17956173,0.1589214,-0.0056665605,-1.7291878,0.1244681,0.52222425,17.836767,0.7413738,-13.456469,-1.2866819,-22.571154,-0.65275425,-36.65471,-0.39264074,-1.083528,7.2815657,0.13272882,0.009131259,0.0061982395,1.754386,0.886918,0.5625,0.5205946,0.43400002,0.4352746,-38.350975,01
44.443523,0.022932194,43.84662,44.06241,45.619938,1.7733192,25.713758,12.963732,3.2701128,2.6215177,0.29418972,1.0551884,0.008252558,0.19533661,0.6218651,0.61361253,2.4699907,1.0485294,4.354281,2.6498017,0.061184824,1.2273657,7.980996,1.8845285,-6.0008364,-2.6410232,-13.160181,-1.2525067,-21.253538,-0.9036942,0.007624691,1.087781,0.62298006,1.0924457,13.968056,0.35107887,9.530869,0.64299035,21.740187,0.3760864,692.24713,0.40493155,1266.511,0.24018434,-131.87695,-0.6823194,1629.4491,0.18631218,917.8289,0.31663358,-106.90277,-0.8596649,2760.0032,0.10762668,722.5121,0.50432765,-112.01836,-0.77326745,-9.598476,-0.7841651,23.271414,0.3487235,0.17804217,0.18182361,-0.0058551794,-1.5094931,0.117802985,0.5944783,18.13686,0.67880493,-15.363512,-1.0351981,-23.683098,-0.6511765,-37.190895,-0.36905375,-0.23349917,6.964092,0.12340444,0.009318039,0.0061429697,1.5350877,1.1086475,0.44599998,0.28709581,0.36166668,0.4283852,-38.454964,01
45.242413,0.047289398,43.749817,44.321754,48.208073,4.458256,13.476919,10.180131,30.095858,39.33154,0.37649786,0.99527216,0.009022389,0.26269016,0.66519624,0.6561738,2.611768,1.5142974,3.8642435,2.6965084,0.086728014,1.185502,9.487088,1.3033543,-12.255959,-1.2015847,-11.574724,-1.3639845,-27.711166,-0.7382349,0.008764738,1.332348,0.6152601,1.0345314,13.872628,0.39808768,11.587256,0.7695108,20.620813,0.43916363,693.49756,0.39123958,1229.9899,0.26055983,-111.30984,-0.85838675,1684.2526,0.19472088,840.48926,0.4442696,-88.7761,-1.0214406,2876.3967,0.088852264,613.26874,0.6756957,-94.08264,-0.9153522,-10.047516,-0.7297631,21.729448,0.31901023,0.17218709,0.18639186,-0.004701162,-2.9472444,0.14220056,0.7071276,17.026396,0.55840456,-18.150513,-0.8279071,-18.436914,-0.894079,-39.569405,-0.42527595,0.84234,5.391893,0.12530845,0.0074393186,0.0064113424,1.4492754,0.9140768,0.64599997,0.46305937,0.424,0.47923273,-36.6515,02
45.103954,0.04490293,43.748566,44.2515,47.8411,4.092533,12.408823,6.38958,12.063413,7.297358,0.30337876,1.0163443,0.009381193,0.19471687,0.5534738,0.5440926,2.5737383,1.4597361,2.749159,1.5724669,0.062276393,1.164422,11.292103,1.2225002,-10.74996,-1.4636722,-12.50201,-1.3905739,-28.109943,-0.7680127,0.0079348115,1.394188,0.56612265,1.112542,15.29013,0.19629273,11.173365,0.84172314,23.384533,0.31286833,769.057,0.29102865,1170.6185,0.2291983,-109.46381,-0.8827319,1729.0393,0.18762155,837.8395,0.51115036,-100.74602,-0.90808344,2868.0698,0.07359561,602.06104,0.5599577,-106.03966,-0.8121599,-11.175861,-0.81674534,24.426048,0.26245302,0.17665868,0.17764215,-0.0077115637,-1.6234518,0.1088611,0.64287895,20.913647,0.42517307,-17.85503,-0.8915098,-21.242414,-0.83730125,-43.929333,-0.35388234,-0.15236695,8.032527,0.12995288,0.008484438,0.010588065,1.388889,0.8756567,0.61,0.4065956,0.42499998,0.44943482,-38.32434,02
45.02509,0.040522728,43.804688,44.19139,47.875305,4.0706177,28.822655,34.628647,9.724857,5.834422,0.26050967,0.9544429,0.008643346,0.2151246,0.47850037,0.469857,2.235948,1.7322569,3.7191377,1.915007,0.055403005,1.2701672,6.6098676,2.1166117,-3.895105,-3.0522156,-13.442484,-0.96500504,-26.793917,-0.85556537,0.007299893,1.2572478,0.5683875,0.83766556,14.770284,0.25450322,10.270654,0.8159388,21.357105,0.3300659,632.7986,0.4877981,1192.2483,0.26443928,-140.87564,-0.60501385,1610.8622,0.24966674,786.3454,0.39873967,-105.91151,-0.8477046,2845.5786,0.08869195,538.6298,0.6560744,-110.95224,-0.76252854,-11.554004,-0.62637484,23.138199,0.30043867,0.17537108,0.14455302,-0.0060982658,-2.0173035,0.10059288,0.727044,15.869597,0.65807575,-8.034115,-1.4834691,-20.766521,-0.5689852,-44.558594,-0.38776475,0.5890516,6.1143723,0.12731797,0.0065725683,0.008467959,1.5717093,1.1904762,0.4283333,0.37145737,0.38833332,0.44625914,-39.957058,02
45.09116,0.03967543,43.77607,44.33662,47.85167,4.0755997,10.053401,5.4906936,5.440408,1.5923605,0.26235303,1.0026723,0.008658045,0.21463636,0.5110116,0.50235355,2.7102218,1.5155343,3.2837992,2.0037198,0.055286177,1.272277,6.9868674,1.918566,-6.513041,-1.9883229,-11.627495,-1.2966505,-24.400396,-0.82739055,0.010013783,1.7451136,0.58591557,0.95372826,14.086542,0.3714648,11.192078,0.7210483,21.19358,0.3592371,731.409,0.37295744,1250.0552,0.2918458,-126.733215,-0.72231084,1733.5327,0.2100162,863.822,0.39388102,-109.28687,-0.825552,2855.2537,0.09022183,624.3181,0.62836933,-112.961205,-0.7638156,-10.928895,-0.7922531,22.539265,0.34288478,0.1790636,0.13302825,-0.0060278703,-1.9885808,0.10492172,0.6581515,15.597968,0.7437405,-13.049012,-1.0475239,-21.47459,-0.57912356,-40.275566,-0.37915048,0.14809312,6.2039304,0.12718388,0.0071889358,0.0074776085,1.948052,1.094092,0.44799998,0.26947355,0.37,0.43596634,-39.992863,02
45.279575,0.04309709,43.812843,44.250217,47.99093,4.1780853,12.406151,5.7941585,8.405568,1.9023257,0.24768853,1.0157751,0.008421037,0.17470688,0.46518275,0.45676172,2.9759252,2.239931,2.1055431,1.2031205,0.056165975,1.1855351,9.562356,1.3768798,-8.108611,-1.3964047,-12.425755,-1.3913896,-27.92474,-0.78064245,0.009101643,1.2739803,0.5760987,0.9877513,14.667437,0.23747729,10.073467,0.7473952,23.009851,0.4261838,699.4711,0.36655182,1176.2838,0.25149548,-134.57764,-0.6538256,1698.4016,0.22083795,787.0344,0.46891925,-111.391495,-0.80965394,2876.3574,0.08943435,661.75275,0.6049248,-116.28779,-0.72832423,-10.9186535,-0.7621786,24.746422,0.2938078,0.17915103,0.13301662,-0.007575306,-1.6593608,0.10384967,0.6273419,19.347895,0.47867274,-11.381241,-1.0017749,-22.256876,-0.84582895,-44.64536,-0.3887383,-0.09861275,7.1417265,0.12510447,0.008162233,0.013621946,1.8656718,1.3182675,0.36142856,0.20335954,0.3742857,0.43840152,-39.766605,02
44.89645,0.04151874,43.59876,44.088615,47.54973,3.9509697,16.111298,8.952211,12.537878,4.0341434,0.2960724,1.0179389,0.009142546,0.19507033,0.6470828,0.6379403,3.471866,3.1859593,3.4394233,2.2553952,0.060782388,1.2061372,10.487101,1.2393922,-8.863424,-1.4562262,-12.330812,-1.2719202,-29.500982,-0.8117444,0.007834898,1.492637,0.6057852,1.3526791,15.268228,0.21960364,11.505585,0.6118353,23.778505,0.30504903,701.1397,0.34445322,1204.3701,0.22423606,-116.6978,-0.81010085,1705.3871,0.2052766,833.1847,0.45339411,-98.47477,-0.9192451,2876.7993,0.07589923,585.7895,0.5559272,-103.2592,-0.8309198,-11.715023,-0.63678205,24.6842,0.26713014,0.1754419,0.16603814,-0.0068270178,-1.676167,0.10397383,0.7101076,19.004562,0.44087404,-14.712549,-0.88721776,-19.976229,-0.8202951,-47.048065,-0.35204846,-0.21932277,6.3991146,0.126859,0.0080354465,0.009243811,1.7793595,1.0771993,0.50666666,0.21367161,0.3983333,0.4410373,-38.469574,02
44.7431,0.037566815,43.624138,44.103928,45.126198,1.5020599,15.128867,7.751414,7.0880523,6.793724,0.42639753,0.97929025,0.009158791,0.299499,0.8460754,0.8369166,2.908423,2.0390077,3.9249883,1.9505459,0.09247686,1.1191777,8.709632,1.6373446,-11.545196,-1.4512931,-14.866333,-0.9824591,-26.377687,-0.8086801,0.007845858,1.6921908,0.5253446,1.0987988,14.734342,0.29263234,9.072428,0.90931153,21.45387,0.31734,740.52875,0.34184873,1284.5903,0.28233847,-106.69424,-0.90675277,1688.1748,0.16330694,928.22144,0.35864708,-90.73675,-1.0103598,2847.1853,0.07420135,655.5836,0.69608617,-96.56929,-0.89620346,-9.760342,-0.872576,22.904955,0.30464008,0.17549798,0.17191516,-0.0046967366,-2.4214165,0.15219054,0.63088816,17.713581,0.5625839,-19.128534,-0.8284886,-22.8726,-0.5556558,-39.599678,-0.4374175,1.2774754,5.119615,0.12037873,0.007736003,0.009875296,1.48423,0.74906373,0.775,0.817022,0.53499997,0.44070965,-35.0195,02
44.911102,0.04203381,43.63235,44.176804,47.345997,3.713646,7.9756317,4.376766,3.9870837,3.7296674,0.27795357,0.9414208,0.0090109585,0.24277648,0.53072715,0.5217162,2.7843018,2.468234,3.0734067,1.9580967,0.056448482,1.2138503,7.8254094,1.7955366,-4.4214687,-2.8995917,-13.759111,-1.0293043,-28.597414,-0.83164495,0.009439633,2.0658574,0.59374475,1.2236122,14.787106,0.27701822,11.495779,0.7099262,23.761656,0.29425612,671.7098,0.40939382,1112.7645,0.22269368,-130.65407,-0.68251157,1665.2229,0.2335789,913.11816,0.5719994,-103.5398,-0.867653,2837.2412,0.09166593,580.4449,0.6953807,-108.70975,-0.7781044,-11.964339,-0.6789021,23.4201,0.30865547,0.17637502,0.16558546,-0.009145217,-1.1925641,0.09889914,0.6796683,16.95132,0.61800593,-8.51553,-1.3808277,-22.424976,-0.5485579,-46.002426,-0.39682367,-0.6526985,6.9266043,0.13393366,0.005818566,0.010457287,1.6129032,1.221996,0.42333332,0.24580932,0.32,0.41860312,-39.493233,02
44.76677,0.045473214,43.518215,44.177513,47.280937,3.762722,18.361189,13.233298,16.41842,15.62578,0.5241689,1.0578815,0.010324386,0.34549138,1.0937791,1.0834547,4.643072,3.128329,6.923271,3.4034655,0.15774186,1.2158861,8.013994,1.4032303,-12.7738285,-1.2498139,-9.568565,-1.4561138,-25.088238,-0.8463767,0.013990494,1.6802444,0.75858986,1.0447817,12.696609,0.43133914,9.739643,0.8071324,18.314875,0.33915073,699.6976,0.3867352,1204.2021,0.25667608,-123.30965,-0.75249654,1729.5172,0.20479181,829.51776,0.4864727,-97.88382,-0.9390154,2839.4307,0.09832909,579.7259,0.53567725,-100.97179,-0.8794496,-9.423332,-0.8417428,19.965508,0.3522471,0.16050227,0.15248966,-0.005806248,-2.248533,0.2814052,0.644588,15.573416,0.57900363,-18.311052,-0.9293959,-16.648148,-0.8899122,-40.52725,-0.37915534,2.3479576,5.352922,0.10531227,0.006412997,0.008072514,1.4522822,0.6289308,0.87333333,0.6345777,0.525,0.496261,-32.50618,03
44.866158,0.04297912,43.647755,44.205524,47.231964,3.5842094,41.46172,63.004513,14.517871,13.766509,0.42894047,1.131515,0.009700611,0.23837061,0.89911985,0.88941926,6.932331,6.2771063,4.9106474,1.8102958,0.11604651,1.4159573,9.648046,1.1919652,-12.784181,-1.2557888,-11.864766,-1.2398906,-23.724445,-0.80665636,0.009134525,1.299658,0.6689482,1.0003514,13.693607,0.35704312,9.213187,0.8898812,19.493595,0.33640036,720.73413,0.3540218,1239.069,0.26223463,-115.688995,-0.82165223,1737.7562,0.15984535,881.39,0.39020148,-96.87335,-0.9491745,2835.7769,0.08613323,696.5003,0.5680604,-100.49923,-0.87864643,-9.368505,-0.98630446,21.159182,0.3788202,0.16546518,0.18117112,-0.004711009,-2.647524,0.20458679,0.864491,16.640047,0.5414236,-20.489697,-0.8246239,-18.676004,-0.8534659,-37.55492,-0.3663318,-0.55341494,8.509763,0.13115554,0.011360022,0.010211931,1.8036073,1.0121458,0.53999996,0.3842395,0.424,0.4591122,-34.742973,03
44.82924,0.03724145,43.70762,44.200302,45.912575,2.204956,32.945103,32.140656,13.13455,7.704416,0.42675754,1.2004465,0.010964774,0.20888089,0.80878353,0.7978188,5.8332114,5.4117994,7.24794,6.0416927,0.15706877,1.5393859,6.577578,1.9456826,-5.3963313,-3.0275915,-5.939452,-2.6478019,-20.063433,-1.0774049,0.0094523085,1.0896174,0.75959796,0.9639123,12.419737,0.38430375,9.424224,0.864885,18.262978,0.36379045,692.3174,0.42069888,1162.8933,0.21731098,-138.7018,-0.64320457,1771.464,0.21486613,828.13434,0.5112933,-112.88773,-0.8008335,2840.4006,0.118614696,722.6195,0.5658626,-115.717155,-0.7530206,-9.800575,-0.89540035,20.900318,0.35473445,0.15109113,0.27333337,-0.005803947,-1.7456486,0.31288302,0.87461543,15.314597,0.7377523,-13.07558,-1.2739346,-15.912559,-0.8929738,-35.736958,-0.54026604,-0.6824242,7.0488453,0.09028366,0.00465521,0.018736796,1.6431925,1.1876484,0.394,0.23669389,0.355,0.43591857,-33.41838,03
44.871407,0.040362123,43.465305,44.259033,46.348145,2.8828392,26.896378,35.36874,16.520853,20.58425,0.4980236,1.1073877,0.009753626,0.3013615,1.0455314,1.0357778,4.5711346,2.770058,6.958789,3.801769,0.16060828,1.2036011,7.092028,1.8717203,-13.44621,-1.3581395,-10.481678,-1.3941708,-23.01204,-0.8440794,0.010579231,1.6526129,0.70422626,0.98795104,12.957182,0.3940011,8.917863,0.8782896,18.151724,0.345726,711.5456,0.40166664,1201.5853,0.29897523,-125.147194,-0.7472427,1718.3335,0.18369617,880.2056,0.42484808,-100.05416,-0.9432287,2793.602,0.09186624,844.0718,0.76427794,-103.9703,-0.86920744,-7.9692216,-1.0962589,19.605185,0.38480973,0.1599019,0.2126806,-0.004215491,-2.7786686,0.29854646,0.58665687,15.7902975,0.68900543,-24.355385,-0.7018841,-19.117186,-0.6818615,-36.43749,-0.41446277,1.1637617,5.231072,0.11301442,0.008090167,0.008878823,1.7316017,0.65645516,0.79999995,0.63408726,0.525,0.4307261,-33.107563,03
44.60991,0.047778178,43.359535,44.139416,47.444916,4.0853806,40.17362,40.684708,9.970946,11.362952,0.42675063,1.2423143,0.011671786,0.27857858,0.7955959,0.7839241,4.1036596,2.589368,7.946573,6.7928033,0.15355569,1.5493431,6.6584764,1.9243627,-8.110494,-1.7449181,-7.2761893,-1.9846044,-21.640652,-0.90041214,0.01633676,1.8353401,0.8170177,1.003765,11.898715,0.46607068,10.328192,0.8033793,18.66076,0.44092134,681.36487,0.41835397,1157.3522,0.21356174,-134.67087,-0.666244,1733.7467,0.19398046,845.9398,0.47412652,-107.87354,-0.84178036,2803.664,0.09993737,686.5688,0.5776157,-110.762886,-0.7921102,-10.014152,-0.8551404,20.14227,0.3764169,0.1552055,0.19391282,-0.006830235,-1.9949403,0.29552048,0.9152517,15.244808,0.6468716,-14.832626,-1.0378772,-14.442906,-1.1211386,-35.696896,-0.44308865,1.4250987,4.937056,0.114162296,0.008203717,0.016322466,1.483051,0.8583691,0.5775,0.27270633,0.452,0.46931437,-33.679108,03
44.905766,0.04841913,43.543472,44.203068,47.45602,3.912548,19.592258,21.677023,29.951633,16.884562,0.45257005,1.1740409,0.009777496,0.2588281,0.8447104,0.8349329,6.4483337,6.343472,4.9602504,3.2593596,0.15000767,1.4594162,7.032364,1.7685708,-8.0198145,-1.9188356,-8.7129545,-1.580568,-24.128899,-0.8261653,0.012695139,1.553994,0.72443444,0.9711839,12.8570175,0.36648163,9.364663,0.9027251,19.253494,0.4147641,717.3702,0.379329,1254.68,0.2828403,-126.072716,-0.726009,1767.9451,0.1922684,845.40015,0.4244547,-103.23056,-0.87570316,2907.1736,0.102009505,772.154,0.6912818,-106.47372,-0.8178946,-10.142581,-1.0034463,22.623974,0.39269087,0.15356436,0.1936903,-0.006826278,-1.8790343,0.27314863,0.8816127,15.47637,0.6178525,-14.181333,-1.2233685,-15.073021,-0.9876389,-38.257942,-0.41233823,1.1991583,5.4949822,0.10685779,0.0067674266,0.012554867,1.8292682,0.8213553,0.6425,0.30136147,0.442,0.47671375,-33.366966,03
44.474766,0.04516643,43.40747,43.907074,46.026596,2.6191254,22.950752,14.847064,27.253296,15.545529,0.73044723,1.1027219,0.0150432885,0.4282208,1.66211,1.6470667,6.5963955,3.58176,7.5181046,4.211781,0.24667715,1.3013576,5.2350683,2.0611517,-12.861092,-1.3284916,-7.926729,-1.8502694,-23.126183,-0.92720276,0.0115028005,1.4698945,0.6241184,0.9360989,12.851038,0.36736035,5.5788913,1.6119666,13.749665,0.394391,769.8399,0.41826376,1109.9017,0.27867892,-121.7514,-0.7733409,1811.1462,0.18614878,847.4603,0.48589802,-98.764206,-0.9477635,2858.1172,0.09251263,712.1164,0.5962752,-100.56393,-0.91200644,-6.641054,-1.4151434,17.918453,0.3795224,0.14359237,0.27868313,-0.006638051,-1.6212242,0.4460488,0.72211844,11.130205,0.82040244,-21.130545,-0.74874294,-15.38784,-0.948401,-37.623924,-0.47463384,0.96638894,5.0893044,0.10781617,0.0076563526,0.020835267,1.6260163,0.61601645,0.87,0.7002856,0.5475,0.4448806,-28.205746,03
45.077385,0.04056133,43.865673,44.236923,47.358013,3.49234,30.333893,46.740208,12.388829,5.008558,0.4801799,1.0310023,0.009908072,0.34579927,1.0415431,1.031635,5.6354284,5.164099,6.2292953,5.594321,0.1541313,1.2203788,4.5637784,2.7512398,-6.531184,-2.243246,-8.904845,-1.6195003,-21.3176,-0.9038744,0.010307389,1.0891118,0.71692187,0.8081605,12.087206,0.4220071,8.738992,0.8964661,17.181417,0.41155824,700.5487,0.42492884,1153.9689,0.31852442,-134.84448,-0.6508776,1697.0475,0.21363571,790.9753,0.46242788,-106.393074,-0.8611424,2868.6638,0.106760696,576.7617,0.55815405,-110.2623,-0.79361343,-8.375213,-0.97618145,19.419062,0.39030012,0.16592672,0.17392176,-0.0031618078,-3.3495524,0.2961282,0.57691115,12.532849,0.8292735,-13.717511,-1.0415646,-17.638737,-0.79245305,-36.10928,-0.42503718,0.99441004,5.4681377,0.10729395,0.005958204,0.010324429,2.145923,0.86767894,0.58,0.57118297,0.44,0.46596137,-33.338387,03
44.830242,0.033541474,43.709015,44.301414,46.92205,3.2130356,18.063509,16.688692,10.076895,11.060003,0.25231653,1.0635513,0.006671336,0.16154292,0.50214815,0.4954768,3.5288012,2.9873104,2.7114792,1.5256059,0.05846682,1.1904018,9.645685,1.2670883,-5.107779,-2.1073606,-14.243912,-1.1799154,-26.034124,-0.82535666,0.011447483,1.367834,0.6816775,1.0180403,13.3586445,0.38957044,9.640665,0.84599584,24.243608,0.38924974,641.5989,0.4441669,1228.5891,0.22916389,-137.2825,-0.63886386,1664.8228,0.23803526,839.25104,0.3499304,-101.49274,-0.89483404,2852.3877,0.10281147,766.19543,0.67276937,-107.75286,-0.7858709,-11.03515,-0.84551185,24.501196,0.33673728,0.17508699,0.13822615,-0.006003372,-1.9636388,0.104811996,0.6225359,17.334969,0.572226,-8.518842,-1.5460807,-23.454113,-0.7554784,-42.559986,-0.33987433,-0.48185235,7.5811415,0.12727566,0.010850818,0.0062186997,1.4522822,0.8385744,0.6375,0.34513584,0.42599997,0.4870564,-39.824024,04
44.714348,0.03349785,43.721867,44.167744,46.612324,2.8904572,12.058941,9.304926,2.86483,6.6433997,0.2902658,1.0594584,0.008689411,0.19264445,0.53573585,0.52704644,3.013573,1.7809123,3.7120945,2.8178499,0.07216159,1.2792894,9.2052765,1.358782,-4.689448,-2.5674345,-12.360341,-1.3912302,-27.005198,-0.80738467,0.012907514,1.4909133,0.725871,1.0392896,13.525172,0.39586398,9.179691,0.93200815,23.556332,0.32891932,650.1404,0.4174068,1195.7222,0.25577062,-134.88635,-0.6629036,1670.3026,0.23484647,812.12384,0.4489868,-103.51715,-0.87606925,2905.0513,0.0967445,603.0647,0.6015711,-109.5423,-0.7722198,-11.0833435,-0.86262125,24.654083,0.3212277,0.17324059,0.17108119,-0.007491615,-1.7279072,0.13249525,0.6941886,17.496113,0.581164,-7.0485644,-2.098821,-22.26739,-0.7707536,-43.271793,-0.3774947,0.21921556,6.685322,0.12717566,0.008531091,0.0064395,1.6260163,0.61601645,0.85999995,0.6375474,0.555,0.5062361,-37.525185,04
44.846066,0.04735336,43.61324,44.106014,46.485584,2.872345,82.724434,85.7184,13.896243,13.846177,0.29154992,0.9894442,0.008934687,0.23906758,0.5586848,0.54975015,2.6856904,1.8187777,3.39259,1.9477925,0.07311807,1.1493183,11.66637,1.3035563,-7.4250746,-1.8739372,-14.579017,-1.1085036,-26.13121,-0.88690543,0.012756003,1.3127155,0.6576381,1.0617379,13.569259,0.38896945,10.48956,0.70370185,24.100231,0.4432931,664.83276,0.4378949,1230.872,0.2707044,-132.83926,-0.66890013,1618.1628,0.21105772,889.9693,0.29579133,-99.92953,-0.9153097,2799.9175,0.08427545,728.2172,0.613543,-106.94871,-0.78961074,-10.107943,-0.9246794,25.012396,0.400812,0.18027449,0.11677987,-0.006921906,-1.6923673,0.12619646,0.59734523,20.469816,0.67172277,-14.050846,-1.0482563,-23.806732,-0.6932454,-43.0643,-0.4176709,-0.73284596,8.205733,0.1183367,0.0059224255,0.01189744,1.6129032,1.221996,0.435,0.23613201,0.35999998,0.43893808,-38.31473,04
44.527058,0.035673425,43.513626,43.929058,46.488613,2.974987,12.739538,4.169605,8.193007,3.9860873,0.29126588,0.96244663,0.0077339425,0.27842113,0.5423983,0.53466433,1.870227,1.0918179,3.3452325,1.9803165,0.062837,1.1244878,9.802997,1.5224586,-6.151172,-2.1428578,-11.663794,-1.1396005,-26.891674,-0.884951,0.006938261,0.9994166,0.5850926,1.0355508,14.429655,0.35082158,11.624022,0.58629847,22.452753,0.3638098,663.6701,0.4655222,1187.7953,0.28240213,-131.06819,-0.66982627,1640.7256,0.22614421,863.1637,0.433949,-97.646034,-0.91849566,2852.637,0.09642472,611.15967,0.5441328,-103.04937,-0.82029885,-12.934767,-0.6426577,25.066008,0.3421242,0.17348252,0.17243129,-0.008173386,-1.1607597,0.10828273,0.5931549,18.917427,0.6235024,-10.483248,-1.2842246,-18.733194,-0.69633377,-44.152386,-0.3878452,0.4913011,6.4434576,0.12144555,0.009744987,0.006144344,1.3487476,0.77821016,0.71999997,0.37168533,0.438,0.45119396,-38.701588,04
44.80386,0.036631647,43.75534,44.31525,46.52307,2.7677307,19.188198,3.5045187,7.420797,6.0731506,0.20137239,1.1293844,0.008068999,0.14382157,0.32515156,0.31708255,2.4069521,1.6149911,2.3923597,1.4763579,0.054167353,1.2460486,9.482435,1.5596248,-2.4704185,-4.891333,-11.0004835,-1.4054816,-26.527197,-0.7935161,0.012882422,1.2295874,0.66370654,0.862471,13.989386,0.35547924,11.983548,0.6815844,24.55364,0.376371,695.5316,0.41622755,1228.7755,0.23501165,-135.85849,-0.6300244,1760.679,0.24829833,878.8671,0.45712623,-113.318886,-0.76849604,2930.2075,0.11865976,634.1529,0.6645408,-117.51158,-0.70082515,-15.17743,-0.7077012,27.82649,0.34386906,0.17649719,0.16898713,-0.010387926,-1.3738387,0.10107733,0.67011,20.547482,0.49667138,-3.755027,-3.9196954,-17.818705,-1.0056156,-42.835407,-0.3647972,0.5085264,6.9987307,0.12425216,0.0064296364,0.009222102,1.8292682,1.4373717,0.33428568,0.25393233,0.33857143,0.4503151,-41.18173,04
44.539604,0.0344871,43.607452,43.899204,46.396767,2.7893143,11.287774,7.211615,2.7262695,8.595187,0.28251544,1.0496923,0.008910326,0.18874648,0.50709444,0.4981841,2.919323,1.4268947,3.6334517,2.3354619,0.06893231,1.1909314,9.82845,1.2944978,-6.025487,-2.117146,-10.241098,-1.6586534,-25.822702,-0.86685234,0.009009234,1.3793112,0.6254086,0.9843406,14.339749,0.32306108,10.6643,0.6439322,23.811758,0.3283571,660.10364,0.4214996,1219.7825,0.25281382,-135.11539,-0.65245676,1664.3969,0.24115656,831.67584,0.4494252,-106.63814,-0.84326756,2855.5427,0.12800752,692.7998,0.63189644,-111.86425,-0.7549755,-12.7778425,-0.6455518,25.147148,0.26960576,0.1727683,0.14518745,-0.008519469,-1.0642561,0.1279247,0.597955,19.652145,0.45192155,-8.916692,-1.5365138,-19.40746,-0.90639424,-43.43805,-0.36648893,0.76958716,6.230379,0.108767845,0.0049409885,0.0071715876,1.8292682,0.8213553,0.625,0.62195253,0.45599997,0.4961693,-38.377598,04
44.716297,0.032614037,43.71301,44.16965,46.240437,2.5274277,68.81617,114.17816,9.6212635,5.793366,0.2650439,0.9331617,0.007674233,0.24670331,0.4964269,0.48875266,1.5591409,0.7992772,2.8559952,1.7772714,0.0547227,1.0583205,10.752875,1.4550333,-6.0811005,-1.9125171,-13.043976,-1.0242757,-27.323603,-0.8506383,0.008728323,1.4703484,0.55602336,1.1562903,14.888588,0.3259018,11.430621,0.5835862,23.753904,0.40982836,690.4281,0.43437412,1191.6143,0.24596407,-127.39338,-0.6935355,1654.9,0.22897121,872.8169,0.3152308,-98.54292,-0.89751047,2870.0156,0.10501963,662.15283,0.59881383,-104.530426,-0.7915421,-12.650142,-0.6999504,25.118399,0.3652147,0.1754585,0.12149403,-0.007992858,-1.3930917,0.09217294,0.5613269,19.933207,0.63284355,-8.555868,-1.2874861,-19.733818,-0.714206,-43.843655,-0.38924834,1.2299967,7.527894,0.13157701,0.0092241075,0.008248576,1.3232515,1.1450382,0.48166665,0.41236782,0.31714284,0.4199222,-39.671387,04
44.574955,0.0304112,43.63383,44.135788,45.42936,1.7955284,41.395176,70.311325,8.014052,6.4855237,0.24902931,0.99527967,0.0076151155,0.19200544,0.4711088,0.46349367,1.9784123,0.98319924,3.3280096,1.9268516,0.056590356,1.1252894,10.179213,1.5753185,-4.576521,-2.7350576,-12.978561,-1.1595789,-28.786694,-0.8407502,0.010759743,1.240717,0.6788443,1.007584,14.212852,0.31861284,10.204585,0.71002567,25.095974,0.35194585,642.66235,0.411575,1221.6667,0.2518636,-132.8093,-0.6698531,1599.3722,0.23014596,870.07983,0.45764914,-104.03735,-0.87153673,2858.2512,0.09737816,633.1917,0.724914,-111.12062,-0.7506815,-11.460491,-0.80726975,26.046356,0.35055473,0.17779051,0.12931867,-0.009510265,-1.1624907,0.10170866,0.571027,20.97596,0.6061207,-8.767304,-1.4745355,-21.96349,-0.70017856,-47.56089,-0.3554623,-0.25644252,7.802107,0.13244605,0.010221076,0.008968514,1.8404908,1.2396696,0.415,0.18136059,0.31714284,0.42314178,-40.003384,04
44.121338,0.05053456,43.30663,44.0058,46.280792,2.974163,31.864916,28.580074,24.378414,13.871856,0.42355525,1.2361,0.008971345,0.11595307,0.9635066,0.95453525,8.346922,5.0262446,7.0967937,2.920845,0.18711884,1.3800346,7.554596,1.578793,-7.9314356,-1.9738847,-6.156934,-2.590096,-19.157295,-1.0805539,0.01587945,1.3758721,0.88955504,0.7399178,10.879541,0.44936794,5.8618298,1.5123272,17.298672,0.51882285,755.3159,0.39394265,1155.5186,0.27220836,-136.72299,-0.6413961,1805.7616,0.1958354,809.94324,0.46244457,-114.15749,-0.8024796,2907.5251,0.100879245,749.0061,0.4728544,-117.18587,-0.7511723,-7.5045977,-1.3665011,20.037195,0.42974725,0.15145445,0.20790976,-0.0049384125,-3.0833066,0.39430553,0.64093965,14.818427,0.6993514,-16.70866,-1.0607094,-13.549569,-1.4743636,-34.918655,-0.50910574,-1.158857,8.26493,0.11413269,0.010301571,0.012356555,1.8099548,1.1441648,0.39799997,0.2523014,0.452,0.46507633,-33.26444,05
43.95241,0.052112333,42.4327,43.864094,46.369705,3.937004,24.917328,19.585772,34.94853,24.700935,0.6275295,1.2112156,0.009578043,0.2715242,1.3719658,1.3623878,8.547314,4.7037625,11.260058,5.4374604,0.29948878,1.3184922,5.073779,2.2078667,-8.644553,-1.6916646,-7.7421064,-2.0053556,-20.6647,-0.9331554,0.021501098,1.29523,0.97993803,0.74240893,9.577751,0.59494,6.27935,1.4050704,16.617838,0.46933386,691.2835,0.4632998,1058.9708,0.24182989,-136.93704,-0.66211814,1767.3824,0.2116876,723.4083,0.47504124,-105.69037,-0.88877225,2874.24,0.13395366,618.30255,0.46592808,-108.3045,-0.84112376,-6.4755855,-1.3971037,18.539455,0.3849612,0.14193253,0.24009018,-0.008608022,-1.8155197,0.5865885,0.648362,12.074977,0.8214947,-16.731707,-0.9251917,-16.122705,-1.1018583,-34.417526,-0.47678584,1.3485748,4.8645444,0.10689073,0.0055681677,0.013639462,1.8348624,0.46403712,1.0799999,0.53999996,0.7,0.45438603,-29.264893,05
44.492912,0.036176328,43.344227,44.061302,46.657925,3.3136978,22.750929,18.381643,29.500467,34.55471,0.49130923,1.1440032,0.0101902755,0.3297059,0.88847095,0.8782807,7.078936,4.832059,6.999673,4.3174343,0.20694748,1.5500863,5.6949825,2.2897887,-7.0512633,-1.8967844,-11.124063,-1.3630782,-19.250278,-1.0450594,0.011413829,1.1255391,0.71114725,0.73770183,11.56623,0.43522674,7.5892577,1.147047,17.979233,0.43601,687.4318,0.4334586,1107.9366,0.25026953,-140.92053,-0.6129331,1673.8618,0.20966884,874.29065,0.44832426,-106.69642,-0.8688409,2774.5125,0.11601946,668.7403,0.62772286,-111.03262,-0.79236054,-7.9276133,-1.0866164,20.434904,0.3534183,0.15212175,0.23437323,-0.0055232863,-1.9920058,0.39438608,0.90520364,13.868007,0.781489,-14.286547,-0.8792497,-20.475998,-0.763406,-34.655037,-0.51125157,1.2287465,6.0207067,0.111550905,0.0082375,0.025001964,1.6806724,1.0615711,0.46400002,0.3272675,0.38,0.4221374,-31.746454,05
44.35806,0.04267522,43.282677,44.093414,45.548218,2.265541,33.09275,21.915556,28.567732,22.434126,0.47578543,1.1600016,0.009791339,0.17926143,1.104686,1.0948946,7.3013096,3.0282047,6.2011876,3.4775927,0.19051434,1.3182199,6.5644746,1.7982416,-9.844534,-1.6062732,-10.395075,-1.333229,-15.651515,-1.1340793,0.014353899,1.4254134,0.7800086,0.81631047,10.674149,0.5378062,5.8483405,1.1828536,16.082985,0.48462215,733.57654,0.44300556,1169.2976,0.34848818,-137.3097,-0.6469307,1705.4541,0.20045735,897.1271,0.60939986,-109.83227,-0.8522378,2783.6262,0.12267327,660.95605,0.47820893,-113.70428,-0.7852544,-6.6448665,-1.1824461,18.911478,0.35070792,0.1559406,0.21605995,-0.0020357838,-6.6799827,0.3912469,0.59665275,13.813934,0.83850765,-17.983627,-0.90212446,-18.518599,-0.8544224,-29.763302,-0.5110103,0.023620425,7.476041,0.121548206,0.010282965,0.00811999,1.8648019,0.7075472,0.67333335,0.49935517,0.53749996,0.4476257,-32.600956,05
43.805103,0.05360911,42.69993,43.818665,46.23411,3.5341835,55.136604,34.415752,18.112856,7.9436436,1.0575527,1.232175,0.009663239,0.4576088,2.3245275,2.3148642,17.962296,11.312238,19.225956,11.80058,0.67539144,1.5030537,2.990078,3.5121958,-12.234568,-1.5022994,-5.8100414,-2.9327452,-19.667894,-1.0275285,0.024992058,1.8072233,0.93329805,0.72461957,9.134324,0.5950289,3.846556,2.5049152,12.357551,0.7249044,760.8662,0.47199434,957.3753,0.24851158,-127.85913,-0.7527809,1864.7369,0.20205548,699.0423,0.5838592,-102.35434,-0.94066596,2886.8086,0.12757722,683.68646,0.6023464,-103.73811,-0.91381466,-2.1724632,-3.8015852,13.765763,0.50977504,0.13029979,0.2982285,-0.004054616,-4.3522086,1.3175781,0.83307827,7.3523846,1.3913338,-23.574919,-0.7030457,-13.010236,-1.6100159,-33.78573,-0.50020707,1.1262814,5.7248445,0.0916755,0.0060935034,0.022735719,1.8099548,0.45766592,1.105,0.615,0.7033333,0.46312946,-23.327063,05
43.59359,0.054614507,42.494724,43.70826,45.43972,2.9449959,84.63023,60.672253,24.39456,10.4796,1.3557498,1.2293997,0.01091604,0.5185267,3.23179,3.220874,27.22633,17.21125,30.355036,19.637274,1.002255,1.4103097,3.7239802,2.622699,-11.881567,-1.4563998,-5.646429,-3.1611469,-19.875284,-1.0613171,0.026925337,1.6593777,0.958054,0.75122344,8.104778,0.72851866,4.6878,2.0804155,13.636146,0.62454903,765.2721,0.43638194,1012.6167,0.30852506,-125.50344,-0.7764394,1881.7906,0.19676398,717.1376,0.46936953,-102.03961,-0.9456665,2913.9216,0.11823739,684.09515,0.8813641,-103.666916,-0.91472983,-2.4730804,-3.5003002,13.498117,0.5705714,0.12140324,0.3640425,-0.0067560445,-2.5104122,1.964787,0.73405945,7.0914216,1.4655851,-22.393944,-0.74028057,-13.095285,-1.6917002,-35.411453,-0.49071744,-0.14591381,8.572412,0.09253379,0.0066340836,0.026262542,1.6203705,0.4683841,1.0799999,0.53999996,0.6866666,0.4598792,-19.880878,05
43.503895,0.072441146,42.796295,43.779175,45.411743,2.615448,151.42793,164.34402,66.387375,90.53525,0.9563373,1.2431976,0.021524947,0.25163367,2.2400215,2.2184966,18.451902,8.11083,17.802023,12.354786,0.5798286,1.4256189,4.89652,2.3926013,-10.730992,-1.4924937,-5.4680405,-3.0704062,-17.751886,-1.0216178,0.028546147,2.808001,0.8964665,0.8193827,10.042743,0.52144873,6.6000304,1.3571037,14.263307,0.62377906,854.7402,0.39692,961.94586,0.4053985,-129.60966,-0.7129524,1946.8953,0.18455692,700.08856,0.448041,-110.7745,-0.8510735,3007.322,0.13155083,666.51526,0.83310163,-113.21572,-0.8095978,-4.681374,-1.7688552,15.608727,0.44568673,0.1337567,0.27234957,-0.0067015565,-2.3136785,1.2075557,0.70080703,10.288284,1.1350094,-20.700611,-0.7707319,-13.677389,-1.4714302,-31.647182,-0.5226033,-0.19361229,7.1383095,0.12027229,0.004920352,0.03872593,1.6203705,0.9367682,0.48999998,0.54267853,0.444,0.42664272,-23.986006,05
44.06917,0.040409286,43.00397,43.880703,45.085457,2.0814857,51.00233,32.800873,21.67657,11.008969,1.040728,1.1941193,0.012601228,0.42177218,2.250841,2.2382398,16.254791,7.591964,16.15238,9.4446535,0.5901946,1.3523,2.9321666,3.2760313,-12.625615,-1.3109784,-8.824803,-1.8651625,-22.112963,-0.88714737,0.019114755,1.4717865,0.84758306,0.77583414,9.733574,0.5076285,5.6052938,1.5962497,12.501919,0.57797694,904.1508,0.37448573,906.65063,0.38378677,-120.78203,-0.7993421,2021.2512,0.19500293,602.49207,0.52539223,-105.08238,-0.9081221,3100.6562,0.13377029,511.79913,0.7270583,-106.118,-0.8883889,-3.2279844,-2.0217614,14.100505,0.37963846,0.13437994,0.28693,-0.0033789342,-3.8967597,1.1725631,0.66917294,6.1600585,1.5607876,-22.125553,-0.6914124,-16.981224,-1.0916736,-36.350605,-0.45532584,0.07973515,7.1337914,0.10856345,0.002803183,0.024651999,1.8099548,0.6864989,0.71666664,0.5728486,0.53749996,0.43268782,-24.338858,05
44.75844,0.035065092,43.431408,44.3954,46.324974,2.8935661,29.266638,22.663958,23.439062,19.066036,0.23861739,1.1140345,0.01669334,0.12972882,0.41926265,0.4025693,6.2308984,5.0406947,3.0294893,1.6451011,0.085039906,1.4172899,7.8256555,1.6311637,-5.998377,-2.1057055,-10.444831,-1.5052329,-21.48086,-0.7813368,0.012701823,0.9753312,0.93717146,0.829402,11.674686,0.42940944,8.256481,1.0998049,20.35392,0.47013724,687.91125,0.366342,1229.2637,0.25494212,-140.56468,-0.60820746,1735.9698,0.21280794,787.0822,0.45271432,-119.148865,-0.7337072,2909.8914,0.11648213,708.6866,0.6962527,-122.647675,-0.67823625,-11.884106,-0.85236,24.781605,0.38146558,0.15828714,0.2388863,-0.0045554894,-2.7621942,0.17604594,0.7358067,16.362526,0.6746454,-5.953825,-2.543617,-18.012291,-1.0561222,-33.78136,-0.45648,0.3670872,8.663669,0.10806178,0.005292648,0.010675735,2.4336283,1.5659956,0.28142855,0.21741523,0.29375,0.4099066,-39.20517,06
45.076115,0.0360769,43.62067,44.414978,47.14167,3.521,25.735405,14.099886,12.990238,3.9631264,0.22955245,1.1510674,0.010129547,0.13024731,0.39360887,0.38347933,3.590581,3.3700345,3.1311145,2.358107,0.07567113,1.3643152,9.702846,1.4066243,-4.0380516,-3.1915896,-11.210979,-1.4388891,-24.245132,-0.81295574,0.014650766,1.0164453,0.76172227,0.79136574,13.391697,0.28386343,11.045388,0.6762356,25.850685,0.3066689,627.6647,0.42163634,1189.3568,0.22104786,-153.44218,-0.52016646,1620.9902,0.24350818,848.57776,0.3963818,-119.0324,-0.7516417,2849.9128,0.11581987,703.0234,0.5041973,-125.30841,-0.65590733,-14.30221,-0.74096835,28.01406,0.294018,0.17429034,0.16296293,-0.010725234,-1.2145909,0.15702601,0.6824175,20.651167,0.47212136,-5.8702025,-2.5663514,-20.864073,-0.8571644,-40.84447,-0.38371393,-0.011087808,7.9954014,0.11237839,0.0042715003,0.010492585,2.0876827,1.0548524,0.41799998,0.32615334,0.42333332,0.44157547,-39.370853,06
44.600903,0.034471266,43.397186,44.15692,46.446907,3.0497208,20.35629,6.6118674,10.774361,6.539921,0.2534529,1.0528307,0.010858618,0.106682636,0.52484804,0.51398945,4.254405,3.3665514,3.7624958,2.4991744,0.08752585,1.3446026,6.8724914,2.089385,-1.5335286,-8.297203,-10.86466,-1.2805448,-19.93361,-1.0003594,0.010569193,1.3416733,0.7374391,1.0631125,12.622862,0.364905,9.451155,0.86761236,23.077885,0.36355737,701.7877,0.34557465,1214.2295,0.28034577,-146.20358,-0.5723048,1686.3882,0.22644468,855.7553,0.41489297,-123.67565,-0.70760083,2873.6814,0.11466753,744.3268,0.7121706,-127.909355,-0.64290506,-12.231041,-0.838181,23.725685,0.42846343,0.15363546,0.24723114,-0.0094627645,-1.2228155,0.18638632,0.61391,17.550348,0.7437363,-4.2574787,-2.750343,-20.699577,-0.7357447,-38.189587,-0.41641212,-0.35462698,7.983069,0.10272332,0.006985514,0.016789733,2.7972028,1.1792454,0.35599998,0.26454487,0.39166668,0.44126394,-39.3221,06
44.366833,0.03430959,43.253117,44.08463,46.221832,2.9687157,24.188263,14.989127,14.786072,10.669939,0.2914001,1.0768526,0.009564624,0.22733852,0.5425157,0.53295106,6.9449005,6.892506,5.5593987,2.9390411,0.12855397,1.4635595,8.704225,1.6087048,0.023637658,572.0288,-8.051444,-1.6912873,-16.992172,-1.2065443,0.020373818,1.1809978,0.91130275,0.70522434,11.451046,0.41701508,10.20062,0.61905193,20.198536,0.5513512,633.4268,0.4656981,1231.5941,0.2772459,-146.18217,-0.5677989,1647.1633,0.24068241,828.6406,0.3951645,-113.63642,-0.7779437,2859.8213,0.11557476,594.1438,0.6013662,-117.76274,-0.7110946,-14.464753,-0.6837332,26.228943,0.38034624,0.14978997,0.24937145,-0.0114411,-1.1003006,0.2485559,0.83748245,18.285667,0.61581796,-1.7300587,-7.623521,-15.226328,-1.0347291,-32.537422,-0.55727214,-1.5274678,9.448679,0.088143565,0.0092863655,0.01952741,2.4122808,0.886918,0.54249996,0.57997304,0.45,0.427364,-36.719074,06
44.478096,0.055407383,43.224976,44.31957,46.58387,3.3588943,362.59525,428.99176,27.808784,23.50043,0.48513103,1.1172936,0.026783677,0.21430543,0.97275496,0.94597125,7.987572,3.643824,6.9404535,4.431956,0.20600231,1.3129134,5.8177648,2.029865,-7.507396,-1.6345674,-9.948691,-1.6034282,-20.237453,-0.90265805,0.017219247,1.7331067,0.8623019,0.79280514,10.865524,0.55036587,8.258108,0.99185026,19.28409,0.46463588,652.3246,0.46559966,1066.5194,0.28152502,-149.26309,-0.55967516,1702.4487,0.24618182,750.5297,0.41943547,-114.25728,-0.7989346,2846.4863,0.12915634,653.5148,0.68219024,-117.754105,-0.7411375,-7.7488303,-1.1633517,20.99021,0.3696194,0.14083475,0.23699436,-0.005121018,-2.5177355,0.4127826,0.6525084,13.255491,0.7164259,-11.840891,-1.197296,-18.459442,-1.0190932,-34.84415,-0.44436702,1.061671,7.9648743,0.10221904,0.0028227079,0.033966232,2.2123895,1.3422819,0.33666667,0.13948317,0.45999998,0.5027126,-31.819107,06
44.473965,0.03611955,43.432724,44.452587,46.01992,2.5871964,33.99963,25.206324,22.53068,7.768363,0.5132562,1.0673184,0.020807408,0.29133344,0.99680173,0.97599435,9.993772,6.641483,8.399972,3.8054693,0.26249883,1.2688752,6.273362,1.9552492,-4.668098,-2.4078016,-7.7102847,-2.2543707,-17.432987,-1.0260814,0.017909545,0.9589243,0.9829854,0.86946255,9.685215,0.54121745,8.49063,0.89715797,19.962307,0.46233904,647.93896,0.48900044,1123.2057,0.27531752,-147.00221,-0.5622081,1657.0962,0.23894557,771.0903,0.46293756,-113.224686,-0.79767805,2779.1086,0.139473,647.1058,0.51068133,-116.952774,-0.73530513,-9.289575,-0.8171331,21.642494,0.3245551,0.13119231,0.30905235,-0.00724268,-1.8441308,0.5165701,0.61365014,13.334486,0.7761746,-5.970946,-2.2226715,-17.138855,-1.1352261,-30.597626,-0.49866813,1.7377483,7.1152225,0.086196736,0.007821675,0.039375756,2.5641026,0.9433963,0.5,0.17478557,0.42999998,0.48690858,-31.546322,06
44.792213,0.05011093,43.25899,44.498047,46.256256,2.9972649,27.368855,16.422773,29.741415,13.005273,0.5041555,1.028257,0.014268007,0.27973104,0.9995307,0.9852627,10.097712,8.964579,9.911064,6.3768024,0.27217552,1.3749785,5.3101296,2.5809014,-1.5021727,-8.107062,-6.0915976,-2.3463032,-16.563774,-1.0618142,0.024808744,1.926353,1.1600711,0.8210188,9.184268,0.6501401,10.72035,0.65431863,19.12809,0.56636685,608.99506,0.48215628,1142.0671,0.24588867,-156.8349,-0.48594233,1620.1404,0.23818642,776.79083,0.37416682,-116.2881,-0.76020694,2762.4634,0.12541558,686.5873,0.51948917,-119.873665,-0.7034149,-10.502095,-0.7377079,21.986975,0.41753295,0.13318169,0.32590201,-0.008651185,-1.0786012,0.5518333,0.70063204,13.173192,0.9526892,-2.9006112,-3.8181891,-15.181482,-1.0562526,-30.815006,-0.45206684,0.96465445,6.533511,0.08314212,0.008357432,0.040047005,2.606635,1.4388489,0.315,0.19397165,0.35666668,0.43130293,-31.531092,06
44.13228,0.07118501,43.51379,44.008427,46.019794,2.5060043,143.59457,131.24698,19.110106,8.915878,0.5982326,1.0841674,0.0121483635,0.3075844,1.2801547,1.2680063,9.533723,5.236432,8.3124485,4.730964,0.30666664,1.4041672,4.9496408,2.9010093,-2.5402281,-5.531383,-7.783236,-1.8689781,-17.605183,-1.2312996,0.01818141,1.8658043,0.90254986,1.0039787,10.719352,0.4378329,6.9363456,1.1450205,18.766916,0.46103585,651.8393,0.48687646,1079.0658,0.27062938,-150.44565,-0.54684895,1676.9877,0.2442088,750.94684,0.46198282,-116.6325,-0.78052264,2808.823,0.12294519,612.4639,0.76944005,-119.99597,-0.72492707,-8.564759,-0.9809554,20.403008,0.4052074,0.13480179,0.32941467,-0.008413503,-1.3151511,0.6244004,0.71005607,12.619201,0.9735013,-8.256982,-1.8785125,-17.889702,-0.8479666,-36.65918,-0.45542645,0.2401575,8.177246,0.08377675,0.007544444,0.053451154,2.4886878,0.91533184,0.48999998,0.5504089,0.46400002,0.42645514,-29.300177,06
